# Blender 4.2.14 LTS
# www.blender.org
mtllib titleFont.mtl
o テキスト
v -8.706937 2.167434 -0.299990
v -8.722692 2.098597 -0.299990
v -8.737742 2.027706 -0.299990
v -8.751981 1.955525 -0.299990
v -8.765298 1.882814 -0.299990
v -8.777581 1.810334 -0.299990
v -8.788722 1.738848 -0.299990
v -8.798610 1.669117 -0.299990
v -8.807136 1.601902 -0.299990
v -8.814185 1.537964 -0.299990
v -8.819652 1.478066 -0.299990
v -8.823422 1.422969 -0.299990
v -8.624173 1.341920 -0.299990
v -8.621181 1.397208 -0.299990
v -8.616580 1.457644 -0.299990
v -8.610457 1.522417 -0.299990
v -8.602891 1.590717 -0.299990
v -8.593961 1.661731 -0.299990
v -8.583747 1.734649 -0.299990
v -8.572328 1.808660 -0.299990
v -8.559789 1.882952 -0.299990
v -8.546206 1.956714 -0.299990
v -8.531661 2.029136 -0.299990
v -8.516234 2.099405 -0.299990
v -8.500005 2.166711 -0.299990
v -8.690591 2.233457 -0.299990
v -10.263886 2.110110 -0.299989
v -10.298285 2.045646 -0.299989
v -10.332545 1.978764 -0.299989
v -10.366294 1.910145 -0.299989
v -10.399159 1.840466 -0.299989
v -10.430770 1.770406 -0.299989
v -10.460759 1.700645 -0.299989
v -10.488751 1.631859 -0.299989
v -10.514379 1.564730 -0.299989
v -10.537269 1.499934 -0.299989
v -10.557050 1.438152 -0.299989
v -10.573350 1.380061 -0.299989
v -10.400090 1.203660 -0.299989
v -10.383904 1.263224 -0.299989
v -10.364450 1.326977 -0.299989
v -10.342067 1.394140 -0.299989
v -10.317098 1.463934 -0.299989
v -10.289882 1.535583 -0.299989
v -10.260762 1.608308 -0.299989
v -10.230077 1.681331 -0.299989
v -10.198169 1.753874 -0.299989
v -10.165378 1.825159 -0.299989
v -10.132045 1.894407 -0.299989
v -10.098514 1.960842 -0.299989
v -10.065120 2.023684 -0.299989
v -10.229718 2.171479 -0.299989
v -9.454591 2.028852 -0.299989
v -9.429366 1.947028 -0.299989
v -9.403440 1.864640 -0.299989
v -9.377000 1.782303 -0.299989
v -9.350240 1.700628 -0.299989
v -9.323352 1.620227 -0.299989
v -9.296521 1.541714 -0.299989
v -9.269942 1.465700 -0.299989
v -9.243806 1.392799 -0.299989
v -9.218299 1.323622 -0.299989
v -9.193614 1.258782 -0.299989
v -9.169944 1.198892 -0.299989
v -8.999570 1.303779 -0.299990
v -9.022328 1.367587 -0.299990
v -9.045678 1.436808 -0.299990
v -9.069371 1.510498 -0.299989
v -9.093152 1.587715 -0.299989
v -9.116775 1.667514 -0.299989
v -9.139983 1.748952 -0.299989
v -9.162532 1.831085 -0.299989
v -9.184167 1.912970 -0.299989
v -9.204640 1.993663 -0.299989
v -9.223699 2.072221 -0.299989
v -9.241094 2.147699 -0.299989
v -9.256572 2.219155 -0.299989
v -9.478923 2.109500 -0.299989
v -9.887710 2.110998 -0.299989
v -9.889684 1.998720 -0.299989
v -9.891997 1.887137 -0.299989
v -9.894643 1.776299 -0.299989
v -9.897609 1.666256 -0.299989
v -9.900886 1.557057 -0.299989
v -9.904464 1.448752 -0.299989
v -9.908334 1.341390 -0.299989
v -9.912482 1.235021 -0.299989
v -9.916902 1.129696 -0.299989
v -9.921582 1.025463 -0.299989
v -9.926513 0.922373 -0.299989
v -10.605115 1.060632 -0.299989
v -10.631104 0.731669 -0.299989
v -9.943839 0.588642 -0.299989
v -9.951180 0.478698 -0.299989
v -9.958772 0.370592 -0.299989
v -9.966624 0.264372 -0.299989
v -9.974748 0.160090 -0.299989
v -9.983151 0.057794 -0.299989
v -9.991845 -0.042466 -0.299989
v -10.000840 -0.140640 -0.299989
v -10.010148 -0.236679 -0.299989
v -10.019774 -0.330533 -0.299989
v -10.029733 -0.422151 -0.299989
v -10.040032 -0.511485 -0.299989
v -10.050681 -0.598486 -0.299989
v -10.082622 -0.514471 -0.299989
v -10.113460 -0.429347 -0.299989
v -10.143176 -0.343197 -0.299989
v -10.171748 -0.256103 -0.299989
v -10.199159 -0.168148 -0.299989
v -10.225385 -0.079415 -0.299989
v -10.250407 0.010013 -0.299989
v -10.274209 0.100053 -0.299989
v -10.296765 0.190623 -0.299989
v -10.318059 0.281641 -0.299989
v -10.338069 0.373022 -0.299989
v -10.356774 0.464685 -0.299989
v -10.527146 0.307355 -0.299989
v -10.502311 0.191871 -0.299989
v -10.475490 0.076767 -0.299989
v -10.446744 -0.037773 -0.299989
v -10.416133 -0.151569 -0.299989
v -10.383716 -0.264438 -0.299989
v -10.349555 -0.376197 -0.299989
v -10.313710 -0.486665 -0.299989
v -10.276240 -0.595660 -0.299989
v -10.237206 -0.703000 -0.299989
v -10.196670 -0.808502 -0.299989
v -10.154689 -0.911984 -0.299989
v -10.111323 -1.013265 -0.299989
v -10.130452 -1.117012 -0.299989
v -10.150306 -1.213526 -0.299989
v -10.170880 -1.302523 -0.299989
v -10.192178 -1.383724 -0.299989
v -10.214196 -1.456846 -0.299989
v -10.236936 -1.521608 -0.299989
v -10.260398 -1.577730 -0.299989
v -10.284583 -1.624928 -0.299989
v -10.309489 -1.662923 -0.299989
v -10.335116 -1.691431 -0.299989
v -10.361466 -1.710173 -0.299989
v -10.388539 -1.718867 -0.299989
v -10.403279 -1.713531 -0.299989
v -10.417188 -1.697634 -0.299989
v -10.430274 -1.671340 -0.299989
v -10.442550 -1.634816 -0.299989
v -10.454022 -1.588228 -0.299989
v -10.464702 -1.531740 -0.299989
v -10.474599 -1.465518 -0.299989
v -10.483726 -1.389727 -0.299989
v -10.492089 -1.304535 -0.299989
v -10.499700 -1.210104 -0.299989
v -10.506570 -1.106603 -0.299989
v -10.512708 -0.994195 -0.299989
v -10.523665 -1.012424 -0.299989
v -10.536119 -1.031166 -0.299989
v -10.549752 -1.050139 -0.299989
v -10.564260 -1.069063 -0.299989
v -10.579328 -1.087656 -0.299989
v -10.594647 -1.105637 -0.299989
v -10.609906 -1.122724 -0.299989
v -10.624793 -1.138635 -0.299989
v -10.638999 -1.153089 -0.299989
v -10.652213 -1.165806 -0.299989
v -10.664123 -1.176502 -0.299989
v -10.674418 -1.184898 -0.299989
v -10.658319 -1.359985 -0.299989
v -10.640422 -1.514082 -0.299989
v -10.620860 -1.648247 -0.299989
v -10.599767 -1.763541 -0.299989
v -10.577268 -1.861023 -0.299989
v -10.553496 -1.941751 -0.299989
v -10.528583 -2.006787 -0.299989
v -10.502656 -2.057189 -0.299989
v -10.475846 -2.094016 -0.299989
v -10.448285 -2.118329 -0.299989
v -10.420102 -2.131186 -0.299989
v -10.391427 -2.133646 -0.299989
v -10.344132 -2.124354 -0.299989
v -10.298955 -2.103805 -0.299989
v -10.255843 -2.072264 -0.299989
v -10.214746 -2.029996 -0.299989
v -10.175612 -1.977265 -0.299989
v -10.138394 -1.914338 -0.299989
v -10.103044 -1.841478 -0.299989
v -10.069507 -1.758950 -0.299989
v -10.037732 -1.667020 -0.299989
v -10.007674 -1.565951 -0.299989
v -9.979280 -1.456010 -0.299989
v -9.952500 -1.337461 -0.299989
v -9.907987 -1.417491 -0.299989
v -9.862540 -1.495387 -0.299989
v -9.816194 -1.570998 -0.299989
v -9.768971 -1.644175 -0.299989
v -9.720910 -1.714770 -0.299989
v -9.672034 -1.782633 -0.299989
v -9.622378 -1.847617 -0.299989
v -9.571969 -1.909570 -0.299989
v -9.520839 -1.968346 -0.299989
v -9.469016 -2.023794 -0.299989
v -9.416532 -2.075765 -0.299989
v -9.363418 -2.124111 -0.299989
v -9.353507 -2.102202 -0.299989
v -9.342626 -2.079548 -0.299989
v -9.330884 -2.056397 -0.299989
v -9.318389 -2.032998 -0.299989
v -9.305253 -2.009598 -0.299989
v -9.291585 -1.986448 -0.299989
v -9.277497 -1.963793 -0.299989
v -9.263097 -1.941884 -0.299989
v -9.248496 -1.920968 -0.299989
v -9.233806 -1.901293 -0.299989
v -9.219136 -1.883109 -0.299989
v -9.204595 -1.866662 -0.299989
v -9.267690 -1.815245 -0.299989
v -9.329873 -1.758862 -0.299989
v -9.391074 -1.697711 -0.299989
v -9.451222 -1.631991 -0.299989
v -9.510247 -1.561901 -0.299989
v -9.568080 -1.487639 -0.299989
v -9.624648 -1.409405 -0.299989
v -9.679883 -1.327396 -0.299989
v -9.733716 -1.241811 -0.299989
v -9.786073 -1.152849 -0.299989
v -9.836886 -1.060709 -0.299989
v -9.886085 -0.965589 -0.299989
v -9.870563 -0.858733 -0.299989
v -9.855739 -0.748003 -0.299989
v -9.841598 -0.633498 -0.299989
v -9.828118 -0.515318 -0.299989
v -9.815282 -0.393563 -0.299989
v -9.803065 -0.268331 -0.299989
v -9.791451 -0.139722 -0.299989
v -9.780419 -0.007835 -0.299989
v -9.769946 0.127230 -0.299989
v -9.760018 0.265374 -0.299989
v -9.750609 0.406497 -0.299989
v -9.741702 0.550501 -0.299989
v -9.426946 0.483755 -0.299989
v -9.400956 0.817486 -0.299989
v -9.724376 0.884232 -0.299989
v -9.719441 0.989712 -0.299989
v -9.714749 1.096367 -0.299989
v -9.710298 1.204181 -0.299989
v -9.706086 1.313137 -0.299989
v -9.702115 1.423219 -0.299989
v -9.698386 1.534411 -0.299989
v -9.694896 1.646694 -0.299989
v -9.691648 1.760054 -0.299989
v -9.688642 1.874473 -0.299989
v -9.685874 1.989936 -0.299989
v -9.683347 2.106424 -0.299989
v -9.681060 2.223922 -0.299989
v -9.886085 2.223922 -0.299989
v -8.621285 -0.283825 -0.299990
v -8.621285 0.154792 -0.299990
v -8.245889 0.154792 -0.299990
v -8.245889 -0.283825 -0.299990
v -9.187270 -0.283825 -0.299989
v -9.187270 0.154792 -0.299989
v -8.811872 0.154792 -0.299990
v -8.811872 -0.283825 -0.299990
v -8.621285 0.421777 -0.299990
v -8.621285 0.855626 -0.299990
v -8.245889 0.855626 -0.299990
v -8.245889 0.421777 -0.299990
v -9.187270 0.421777 -0.299989
v -9.187270 0.855626 -0.299989
v -8.811872 0.855626 -0.299990
v -8.811872 0.421777 -0.299990
v -8.612622 -0.565113 -0.299990
v -8.061076 -0.565113 -0.299990
v -8.061076 1.136914 -0.299990
v -9.377856 1.136914 -0.299989
v -9.377856 -0.565113 -0.299989
v -8.820535 -0.565113 -0.299990
v -8.820535 -0.979892 -0.299990
v -9.467374 -0.979892 -0.299989
v -9.467374 -1.299320 -0.299989
v -8.820535 -1.299320 -0.299990
v -8.820535 -2.138414 -0.299990
v -8.612622 -2.138414 -0.299990
v -8.612622 -1.299320 -0.299990
v -7.957122 -1.299320 -0.299990
v -7.957122 -0.979892 -0.299990
v -8.612622 -0.979892 -0.299990
v -8.168492 2.075741 -0.299990
v -8.191720 2.010661 -0.299990
v -8.214305 1.943529 -0.299990
v -8.236051 1.875006 -0.299990
v -8.256751 1.805755 -0.299990
v -8.276210 1.736437 -0.299990
v -8.294225 1.667715 -0.299990
v -8.310596 1.600252 -0.299990
v -8.325120 1.534709 -0.299990
v -8.337600 1.471748 -0.299990
v -8.347833 1.412032 -0.299990
v -8.355620 1.356223 -0.299990
v -8.167922 1.237033 -0.299990
v -8.160193 1.293127 -0.299990
v -8.150142 1.353640 -0.299990
v -8.137961 1.417829 -0.299990
v -8.123858 1.484947 -0.299990
v -8.108027 1.554251 -0.299990
v -8.090676 1.624995 -0.299990
v -8.072000 1.696434 -0.299990
v -8.052199 1.767824 -0.299990
v -8.031478 1.838418 -0.299990
v -8.010036 1.907474 -0.299990
v -7.988070 1.974245 -0.299990
v -7.965783 2.037987 -0.299990
v -8.144820 2.138106 -0.299990
v -6.671929 2.045143 -0.299991
v -6.659850 1.990355 -0.299991
v -6.647428 1.935632 -0.299991
v -6.634675 1.881009 -0.299991
v -6.621604 1.826519 -0.299991
v -6.608220 1.772194 -0.299991
v -6.594535 1.718067 -0.299991
v -6.580560 1.664173 -0.299991
v -6.566304 1.610543 -0.299991
v -6.551776 1.557211 -0.299991
v -6.536988 1.504211 -0.299991
v -6.521949 1.451574 -0.299991
v -7.734771 1.451574 -0.299990
v -7.734771 1.108308 -0.299990
v -6.836705 1.108308 -0.299991
v -6.836705 0.417009 -0.299991
v -7.668355 0.417009 -0.299990
v -7.668355 0.088046 -0.299990
v -6.836705 0.088046 -0.299991
v -6.836705 -0.636626 -0.299991
v -7.705895 -0.636626 -0.299990
v -7.705895 -0.975124 -0.299990
v -6.836705 -0.975124 -0.299991
v -6.836705 -2.133646 -0.299991
v -6.617242 -2.133646 -0.299991
v -6.617242 1.108308 -0.299991
v -6.417994 1.108308 -0.299991
v -6.386598 1.012584 -0.299991
v -6.354519 0.918598 -0.299991
v -6.321799 0.826500 -0.299991
v -6.288477 0.736437 -0.299991
v -6.254593 0.648560 -0.299991
v -6.220188 0.563016 -0.299991
v -6.185302 0.479956 -0.299991
v -6.149975 0.399528 -0.299991
v -6.114247 0.321881 -0.299991
v -6.078157 0.247164 -0.299991
v -6.041747 0.175526 -0.299991
v -6.005056 0.107116 -0.299991
v -5.995418 0.123828 -0.299991
v -5.984027 0.142674 -0.299991
v -5.971171 0.163210 -0.299991
v -5.957143 0.184987 -0.299991
v -5.942232 0.207558 -0.299991
v -5.926729 0.230477 -0.299991
v -5.910926 0.253297 -0.299991
v -5.895111 0.275571 -0.299991
v -5.879579 0.296851 -0.299991
v -5.864616 0.316691 -0.299991
v -5.850517 0.334644 -0.299991
v -5.837571 0.350263 -0.299991
v -5.901967 0.467232 -0.299991
v -5.965057 0.593520 -0.299991
v -6.026626 0.728317 -0.299991
v -6.086448 0.870812 -0.299991
v -6.144304 1.020194 -0.299991
v -6.199976 1.175650 -0.299991
v -6.253241 1.336372 -0.299991
v -6.303878 1.501546 -0.299991
v -6.351667 1.670362 -0.299991
v -6.396390 1.842008 -0.299991
v -6.437823 2.015675 -0.299991
v -6.475747 2.190549 -0.299991
v -6.683660 2.099965 -0.299991
v -5.967045 2.036714 -0.299991
v -5.945446 1.949543 -0.299991
v -5.922985 1.862405 -0.299991
v -5.899712 1.775416 -0.299991
v -5.875676 1.688692 -0.299991
v -5.850928 1.602349 -0.299991
v -5.825520 1.516502 -0.299991
v -5.799499 1.431268 -0.299991
v -5.772917 1.346762 -0.299991
v -5.745823 1.263100 -0.299991
v -5.718267 1.180399 -0.299991
v -5.690302 1.098773 -0.299991
v -5.690302 -2.128879 -0.299991
v -5.473725 -2.128879 -0.299992
v -5.473725 0.536199 -0.299992
v -5.450563 0.484155 -0.299992
v -5.427282 0.432923 -0.299992
v -5.403880 0.382519 -0.299992
v -5.380358 0.332959 -0.299992
v -5.356715 0.284259 -0.299992
v -5.332952 0.236437 -0.299992
v -5.309069 0.189509 -0.299992
v -5.285065 0.143491 -0.299992
v -5.260941 0.098401 -0.299992
v -5.236696 0.054254 -0.299992
v -5.212331 0.011067 -0.299992
v -5.187846 -0.031143 -0.299992
v -5.181265 -0.008630 -0.299992
v -5.173221 0.017857 -0.299992
v -5.163933 0.047522 -0.299992
v -5.153623 0.079570 -0.299992
v -5.142509 0.113208 -0.299992
v -5.130815 0.147641 -0.299992
v -5.118759 0.182073 -0.299992
v -5.106564 0.215711 -0.299992
v -5.094448 0.247760 -0.299992
v -5.082634 0.277425 -0.299992
v -5.071340 0.303912 -0.299992
v -5.060788 0.326425 -0.299992
v -5.131905 0.447163 -0.299992
v -5.202086 0.577584 -0.299992
v -5.271005 0.716845 -0.299992
v -5.338328 0.864102 -0.299992
v -5.403727 1.018510 -0.299992
v -5.466869 1.179226 -0.299992
v -5.527425 1.345404 -0.299992
v -5.585063 1.516201 -0.299991
v -5.639452 1.690772 -0.299991
v -5.690262 1.868274 -0.299991
v -5.737161 2.047861 -0.299991
v -5.779819 2.228690 -0.299991
v -5.987731 2.123803 -0.299991
v -3.633539 2.144600 -0.299993
v -3.632665 2.042666 -0.299993
v -3.631530 1.937420 -0.299993
v -3.630004 1.829096 -0.299993
v -3.627956 1.717924 -0.299993
v -3.625257 1.604137 -0.299993
v -3.621777 1.487965 -0.299993
v -3.617383 1.369642 -0.299993
v -3.611947 1.249399 -0.299993
v -3.605338 1.127467 -0.299993
v -3.597425 1.004078 -0.299993
v -3.588078 0.879465 -0.299993
v -4.789348 0.879465 -0.299992
v -4.789348 0.512361 -0.299992
v -3.694921 0.512361 -0.299993
v -3.749131 0.252997 -0.299993
v -3.810697 0.002406 -0.299993
v -3.879643 -0.238384 -0.299992
v -3.955990 -0.468348 -0.299992
v -4.039755 -0.686460 -0.299992
v -4.130960 -0.891692 -0.299992
v -4.229626 -1.083019 -0.299992
v -4.335770 -1.259413 -0.299992
v -4.449415 -1.419850 -0.299992
v -4.570581 -1.563303 -0.299992
v -4.699286 -1.688744 -0.299992
v -4.835551 -1.795148 -0.299992
v -4.821560 -1.816738 -0.299992
v -4.807128 -1.840727 -0.299992
v -4.792416 -1.866737 -0.299992
v -4.777583 -1.894385 -0.299992
v -4.762791 -1.923291 -0.299992
v -4.748199 -1.953074 -0.299992
v -4.733969 -1.983355 -0.299992
v -4.720258 -2.013751 -0.299992
v -4.707231 -2.043882 -0.299992
v -4.695045 -2.073368 -0.299992
v -4.683861 -2.101827 -0.299992
v -4.673841 -2.128879 -0.299992
v -4.537675 -2.010876 -0.299992
v -4.409190 -1.876550 -0.299992
v -4.288246 -1.726465 -0.299992
v -4.174702 -1.561184 -0.299992
v -4.068417 -1.381268 -0.299992
v -3.969250 -1.187282 -0.299992
v -3.877062 -0.979787 -0.299992
v -3.791712 -0.759347 -0.299993
v -3.713059 -0.526525 -0.299993
v -3.640965 -0.281883 -0.299993
v -3.575287 -0.025984 -0.299993
v -3.515885 0.240609 -0.299993
v -3.476831 0.010891 -0.299993
v -3.429909 -0.217322 -0.299993
v -3.374344 -0.442719 -0.299993
v -3.309362 -0.663996 -0.299993
v -3.234195 -0.879842 -0.299993
v -3.148068 -1.088950 -0.299993
v -3.050210 -1.290014 -0.299993
v -2.939849 -1.481724 -0.299993
v -2.816213 -1.662773 -0.299993
v -2.678529 -1.831854 -0.299993
v -2.526025 -1.987659 -0.299993
v -2.357930 -2.128879 -0.299993
v -2.348571 -2.105491 -0.299993
v -2.337917 -2.080828 -0.299993
v -2.326121 -2.055205 -0.299993
v -2.313332 -2.028936 -0.299993
v -2.299700 -2.002337 -0.299993
v -2.285378 -1.975721 -0.299993
v -2.270514 -1.949402 -0.299993
v -2.255258 -1.923697 -0.299993
v -2.239761 -1.898918 -0.299993
v -2.224176 -1.875381 -0.299993
v -2.208650 -1.853400 -0.299993
v -2.193334 -1.833289 -0.299993
v -2.364942 -1.696271 -0.299993
v -2.519402 -1.543659 -0.299993
v -2.657619 -1.376942 -0.299993
v -2.780495 -1.197612 -0.299993
v -2.888932 -1.007157 -0.299993
v -2.983834 -0.807067 -0.299993
v -3.066103 -0.598833 -0.299993
v -3.136640 -0.383945 -0.299993
v -3.196348 -0.163891 -0.299993
v -3.246130 0.059838 -0.299993
v -3.286888 0.285752 -0.299993
v -3.319525 0.512361 -0.299993
v -2.248199 0.512361 -0.299993
v -2.248199 0.879465 -0.299993
v -3.357064 0.879465 -0.299993
v -3.366961 1.005262 -0.299993
v -3.375113 1.129785 -0.299993
v -3.381701 1.252751 -0.299993
v -3.386904 1.373880 -0.299993
v -3.390904 1.492890 -0.299993
v -3.393883 1.609500 -0.299993
v -3.396018 1.723428 -0.299993
v -3.397491 1.834393 -0.299993
v -3.398484 1.942114 -0.299993
v -3.399176 2.046308 -0.299993
v -3.399747 2.146695 -0.299993
v -3.400379 2.242993 -0.299993
v -3.634279 2.242993 -0.299993
v -0.058016 0.802675 -0.299995
v -0.098516 0.928243 -0.299995
v -0.145795 1.053481 -0.299995
v -0.199450 1.175937 -0.299995
v -0.259083 1.293162 -0.299994
v -0.324289 1.402706 -0.299994
v -0.394670 1.502119 -0.299994
v -0.469823 1.588951 -0.299994
v -0.549347 1.660752 -0.299994
v -0.632843 1.715071 -0.299994
v -0.719907 1.749460 -0.299994
v -0.810140 1.761467 -0.299994
v -0.903773 1.748411 -0.299994
v -0.992264 1.709862 -0.299994
v -1.075038 1.646747 -0.299994
v -1.151526 1.559993 -0.299994
v -1.221157 1.450526 -0.299994
v -1.283357 1.319274 -0.299994
v -1.337556 1.167164 -0.299994
v -1.383182 0.995123 -0.299994
v -1.419663 0.804077 -0.299994
v -1.446429 0.594955 -0.299994
v -1.462908 0.368682 -0.299994
v -1.468528 0.126187 -0.299994
v -1.458228 -0.189883 -0.299994
v -1.427995 -0.476272 -0.299994
v -1.378830 -0.734287 -0.299994
v -1.311739 -0.965236 -0.299994
v -1.227722 -1.170427 -0.299994
v -1.127783 -1.351167 -0.299994
v -1.012925 -1.508765 -0.299994
v -0.884150 -1.644528 -0.299994
v -0.742459 -1.759764 -0.299994
v -0.588858 -1.855780 -0.299994
v -0.424348 -1.933885 -0.299994
v -0.249931 -1.995387 -0.299995
v -0.114211 -1.652121 -0.299995
v -0.267834 -1.608029 -0.299994
v -0.414568 -1.550876 -0.299994
v -0.553182 -1.478924 -0.299994
v -0.682440 -1.390434 -0.299994
v -0.801109 -1.283668 -0.299994
v -0.907959 -1.156888 -0.299994
v -1.001753 -1.008357 -0.299994
v -1.081260 -0.836335 -0.299994
v -1.145245 -0.639084 -0.299994
v -1.192475 -0.414867 -0.299994
v -1.221718 -0.161946 -0.299994
v -1.231739 0.121419 -0.299994
v -1.228497 0.305175 -0.299994
v -1.218785 0.479032 -0.299994
v -1.202638 0.641831 -0.299994
v -1.180082 0.792412 -0.299994
v -1.151151 0.929618 -0.299994
v -1.115871 1.052290 -0.299994
v -1.074276 1.159268 -0.299994
v -1.026394 1.249394 -0.299994
v -0.972256 1.321509 -0.299994
v -0.911890 1.374454 -0.299994
v -0.845328 1.407071 -0.299994
v -0.772600 1.418201 -0.299994
v -0.683062 1.400767 -0.299994
v -0.595557 1.351036 -0.299994
v -0.511041 1.272865 -0.299994
v -0.430466 1.170111 -0.299994
v -0.354783 1.046631 -0.299994
v -0.284945 0.906283 -0.299994
v -0.221906 0.752922 -0.299994
v -0.166617 0.590408 -0.299995
v -0.120032 0.422596 -0.299995
v -0.083102 0.253344 -0.299995
v -0.056781 0.086509 -0.299995
v -0.042020 -0.074052 -0.299995
v -0.038770 -0.120097 -0.299995
v -0.036231 -0.165496 -0.299995
v -0.034394 -0.210598 -0.299995
v -0.033249 -0.255749 -0.299995
v -0.032786 -0.301298 -0.299995
v -0.032995 -0.347592 -0.299995
v -0.033866 -0.394978 -0.299995
v -0.035388 -0.443804 -0.299995
v -0.037552 -0.494418 -0.299995
v -0.040348 -0.547168 -0.299995
v -0.043765 -0.602401 -0.299995
v -0.047794 -0.660464 -0.299995
v 0.174556 -0.689070 -0.299995
v 0.178214 -0.642015 -0.299995
v 0.181923 -0.591533 -0.299995
v 0.185611 -0.537773 -0.299995
v 0.189209 -0.480885 -0.299995
v 0.192646 -0.421017 -0.299995
v 0.195853 -0.358319 -0.299995
v 0.198759 -0.292938 -0.299995
v 0.201294 -0.225025 -0.299995
v 0.203387 -0.154728 -0.299995
v 0.204970 -0.082196 -0.299995
v 0.205972 -0.007579 -0.299995
v 0.206321 0.068976 -0.299995
v 0.205221 0.187045 -0.299995
v 0.202096 0.313491 -0.299995
v 0.197206 0.446360 -0.299995
v 0.190813 0.583698 -0.299995
v 0.183175 0.723552 -0.299995
v 0.174556 0.863970 -0.299995
v 0.165215 1.002997 -0.299995
v 0.155412 1.138679 -0.299995
v 0.145409 1.269065 -0.299995
v 0.135466 1.392200 -0.299995
v 0.125843 1.506131 -0.299995
v 0.116802 1.608904 -0.299995
v 0.114033 1.644559 -0.299995
v 0.111483 1.679999 -0.299995
v 0.109133 1.715207 -0.299995
v 0.106963 1.750166 -0.299995
v 0.104955 1.784861 -0.299995
v 0.103086 1.819274 -0.299995
v 0.101338 1.853389 -0.299995
v 0.099690 1.887190 -0.299995
v 0.098123 1.920659 -0.299995
v 0.096616 1.953781 -0.299995
v 0.095148 1.986539 -0.299995
v 0.093701 2.018916 -0.299995
v -0.160414 2.004613 -0.299995
v -0.145336 1.911797 -0.299995
v -0.130508 1.808767 -0.299995
v -0.116061 1.697626 -0.299995
v -0.102126 1.580475 -0.299995
v -0.088832 1.459418 -0.299995
v -0.076311 1.336556 -0.299995
v -0.064692 1.213992 -0.299995
v -0.054105 1.093829 -0.299995
v -0.044682 0.978168 -0.299995
v -0.036551 0.869112 -0.299995
v -0.029845 0.768764 -0.299995
v -0.024693 0.679226 -0.299995
v 1.510001 2.134301 -0.299995
v 1.472470 2.104093 -0.299995
v 1.434076 2.071732 -0.299995
v 1.395292 2.037633 -0.299995
v 1.356587 2.002211 -0.299995
v 1.318434 1.965877 -0.299995
v 1.281304 1.929047 -0.299995
v 1.245667 1.892134 -0.299995
v 1.211997 1.855552 -0.299995
v 1.180762 1.819715 -0.299995
v 1.152434 1.785037 -0.299995
v 1.127486 1.751932 -0.299995
v 1.254544 1.527855 -0.299995
v 1.279437 1.562249 -0.299995
v 1.307618 1.598398 -0.299995
v 1.338647 1.635871 -0.299995
v 1.372083 1.674238 -0.299995
v 1.407483 1.713068 -0.299995
v 1.444408 1.751932 -0.299995
v 1.482416 1.790398 -0.299995
v 1.521066 1.828036 -0.299995
v 1.559916 1.864417 -0.299996
v 1.598525 1.899109 -0.299996
v 1.636452 1.931682 -0.299996
v 1.673256 1.961705 -0.299996
v 1.546198 2.161943 -0.299995
v 1.000721 -0.326030 -0.299995
v 1.040536 -0.414470 -0.299995
v 1.082277 -0.501421 -0.299995
v 1.125883 -0.586831 -0.299995
v 1.171293 -0.670653 -0.299995
v 1.218449 -0.752836 -0.299995
v 1.267288 -0.833330 -0.299995
v 1.317752 -0.912086 -0.299995
v 1.369780 -0.989055 -0.299995
v 1.423312 -1.064186 -0.299995
v 1.478288 -1.137429 -0.299995
v 1.534648 -1.208736 -0.299996
v 1.511850 -1.294826 -0.299996
v 1.488219 -1.374211 -0.299996
v 1.463765 -1.446743 -0.299995
v 1.438499 -1.512272 -0.299995
v 1.412432 -1.570650 -0.299995
v 1.385572 -1.621728 -0.299995
v 1.357931 -1.665356 -0.299995
v 1.329517 -1.701386 -0.299995
v 1.300341 -1.729669 -0.299995
v 1.270413 -1.750055 -0.299995
v 1.239743 -1.762396 -0.299995
v 1.208342 -1.766543 -0.299995
v 1.189854 -1.764049 -0.299995
v 1.173289 -1.756125 -0.299995
v 1.158530 -1.742109 -0.299995
v 1.145455 -1.721339 -0.299995
v 1.133945 -1.693153 -0.299995
v 1.123878 -1.656889 -0.299995
v 1.115134 -1.611884 -0.299995
v 1.107594 -1.557476 -0.299995
v 1.101137 -1.493003 -0.299995
v 1.095642 -1.417803 -0.299995
v 1.090990 -1.331214 -0.299995
v 1.087059 -1.232574 -0.299995
v 1.075717 -1.251619 -0.299995
v 1.063451 -1.270516 -0.299995
v 1.050423 -1.289114 -0.299995
v 1.036793 -1.307266 -0.299995
v 1.022722 -1.324822 -0.299995
v 1.008370 -1.341632 -0.299995
v 0.993899 -1.357549 -0.299995
v 0.979467 -1.372423 -0.299995
v 0.965236 -1.386105 -0.299995
v 0.951365 -1.398446 -0.299995
v 0.938017 -1.409297 -0.299995
v 0.925350 -1.418509 -0.299995
v 0.936061 -1.545284 -0.299995
v 0.948224 -1.656778 -0.299995
v 0.962214 -1.753805 -0.299995
v 0.978398 -1.837174 -0.299995
v 0.997149 -1.907697 -0.299995
v 1.018839 -1.966185 -0.299995
v 1.043837 -2.013450 -0.299995
v 1.072514 -2.050302 -0.299995
v 1.105243 -2.077553 -0.299995
v 1.142393 -2.096014 -0.299995
v 1.184336 -2.106495 -0.299995
v 1.231442 -2.109809 -0.299995
v 1.281738 -2.104489 -0.299995
v 1.330131 -2.088708 -0.299995
v 1.376637 -2.062729 -0.299995
v 1.421280 -2.026818 -0.299995
v 1.464077 -1.981238 -0.299995
v 1.505049 -1.926257 -0.299996
v 1.544217 -1.862137 -0.299996
v 1.581599 -1.789145 -0.299996
v 1.617218 -1.707544 -0.299996
v 1.651090 -1.617600 -0.299996
v 1.683239 -1.519578 -0.299996
v 1.713684 -1.413742 -0.299996
v 1.774974 -1.477108 -0.299996
v 1.837518 -1.538471 -0.299996
v 1.901246 -1.597815 -0.299996
v 1.966086 -1.655123 -0.299996
v 2.031970 -1.710378 -0.299996
v 2.098825 -1.763563 -0.299996
v 2.166584 -1.814663 -0.299996
v 2.235175 -1.863660 -0.299996
v 2.304527 -1.910539 -0.299996
v 2.374572 -1.955282 -0.299996
v 2.445238 -1.997873 -0.299996
v 2.516456 -2.038295 -0.299996
v 2.524141 -2.014998 -0.299996
v 2.532699 -1.990575 -0.299996
v 2.542038 -1.965291 -0.299996
v 2.552070 -1.939412 -0.299996
v 2.562704 -1.913201 -0.299996
v 2.573848 -1.886924 -0.299996
v 2.585413 -1.860846 -0.299996
v 2.597311 -1.835231 -0.299996
v 2.609447 -1.810345 -0.299996
v 2.621736 -1.786452 -0.299996
v 2.634083 -1.763817 -0.299996
v 2.646401 -1.742705 -0.299996
v 2.569470 -1.703182 -0.299996
v 2.493221 -1.660928 -0.299996
v 2.417734 -1.615992 -0.299996
v 2.343089 -1.568423 -0.299996
v 2.269366 -1.518273 -0.299996
v 2.196646 -1.465589 -0.299996
v 2.125009 -1.410423 -0.299996
v 2.054535 -1.352823 -0.299996
v 1.985305 -1.292839 -0.299996
v 1.917398 -1.230521 -0.299996
v 1.850895 -1.165919 -0.299996
v 1.785876 -1.099082 -0.299996
v 1.800073 -1.024100 -0.299996
v 1.813789 -0.946982 -0.299996
v 1.827024 -0.867779 -0.299996
v 1.839778 -0.786540 -0.299996
v 1.852051 -0.703314 -0.299996
v 1.863842 -0.618152 -0.299996
v 1.875153 -0.531102 -0.299996
v 1.885982 -0.442215 -0.299996
v 1.896329 -0.351540 -0.299996
v 1.906196 -0.259127 -0.299996
v 1.915580 -0.165025 -0.299996
v 1.924483 -0.069284 -0.299996
v 2.484691 -0.245685 -0.299996
v 2.522231 0.078511 -0.299996
v 1.950473 0.254911 -0.299996
v 1.954079 0.305264 -0.299996
v 1.957665 0.356179 -0.299996
v 1.961211 0.407623 -0.299996
v 1.964697 0.459564 -0.299996
v 1.968103 0.511969 -0.299996
v 1.971408 0.564804 -0.299996
v 1.974593 0.618037 -0.299996
v 1.977638 0.671633 -0.299996
v 1.980523 0.725561 -0.299996
v 1.983226 0.779787 -0.299996
v 1.985729 0.834277 -0.299996
v 1.988012 0.889000 -0.299996
v 2.426938 0.779345 -0.299996
v 2.461590 1.103541 -0.299996
v 1.999563 1.217963 -0.299996
v 2.002331 1.301691 -0.299996
v 2.004869 1.385998 -0.299996
v 2.007188 1.470868 -0.299996
v 2.009295 1.556285 -0.299996
v 2.011201 1.642231 -0.299996
v 2.012918 1.728690 -0.299996
v 2.014454 1.815646 -0.299996
v 2.015819 1.903082 -0.299996
v 2.017024 1.990981 -0.299996
v 2.018079 2.079328 -0.299996
v 2.018993 2.168105 -0.299996
v 2.019776 2.257296 -0.299996
v 1.806089 2.257296 -0.299996
v 1.806026 2.171774 -0.299996
v 1.805834 2.086833 -0.299996
v 1.805502 2.002453 -0.299996
v 1.805019 1.918620 -0.299996
v 1.804376 1.835317 -0.299996
v 1.803563 1.752528 -0.299996
v 1.802568 1.670234 -0.299996
v 1.801383 1.588421 -0.299996
v 1.799998 1.507072 -0.299996
v 1.798402 1.426169 -0.299996
v 1.796586 1.345697 -0.299996
v 1.794538 1.265638 -0.299996
v 1.078396 1.442039 -0.299995
v 1.043745 1.122611 -0.299995
v 1.782988 0.941443 -0.299996
v 1.780098 0.886818 -0.299996
v 1.777199 0.832606 -0.299996
v 1.774280 0.778824 -0.299996
v 1.771330 0.725489 -0.299996
v 1.768341 0.672619 -0.299996
v 1.765301 0.620227 -0.299996
v 1.762201 0.568333 -0.299996
v 1.759031 0.516952 -0.299996
v 1.755781 0.466100 -0.299996
v 1.752440 0.415795 -0.299996
v 1.749000 0.366053 -0.299996
v 1.745449 0.316890 -0.299996
v 1.000429 0.545734 -0.299995
v 0.962890 0.231073 -0.299995
v 1.719459 -0.007306 -0.299996
v 1.711397 -0.089941 -0.299996
v 1.703083 -0.170971 -0.299996
v 1.694508 -0.250378 -0.299996
v 1.685663 -0.328146 -0.299996
v 1.676538 -0.404259 -0.299996
v 1.667121 -0.478700 -0.299996
v 1.657403 -0.551453 -0.299996
v 1.647375 -0.622500 -0.299996
v 1.637025 -0.691826 -0.299996
v 1.626345 -0.759413 -0.299996
v 1.615324 -0.825246 -0.299996
v 1.603952 -0.889308 -0.299996
v 1.558355 -0.829120 -0.299996
v 1.513992 -0.767757 -0.299996
v 1.470893 -0.705235 -0.299995
v 1.429087 -0.641570 -0.299995
v 1.388605 -0.576780 -0.299995
v 1.349476 -0.510881 -0.299995
v 1.311731 -0.443889 -0.299995
v 1.275399 -0.375822 -0.299995
v 1.240512 -0.306695 -0.299995
v 1.207098 -0.236525 -0.299995
v 1.175188 -0.165328 -0.299995
v 1.144813 -0.093122 -0.299995
v 0.962890 -0.236150 -0.299995
v 3.155677 -0.004400 -0.299996
v 3.132932 -0.026574 -0.299996
v 3.109645 -0.049841 -0.299996
v 3.085968 -0.074052 -0.299996
v 3.062049 -0.099057 -0.299996
v 3.038041 -0.124707 -0.299996
v 3.014092 -0.150854 -0.299996
v 2.990354 -0.177349 -0.299996
v 2.966977 -0.204043 -0.299996
v 2.944111 -0.230786 -0.299996
v 2.921907 -0.257430 -0.299996
v 2.900516 -0.283825 -0.299996
v 2.884992 -0.208037 -0.299996
v 2.870181 -0.130843 -0.299996
v 2.856072 -0.052225 -0.299996
v 2.842655 0.027834 -0.299996
v 2.829920 0.109349 -0.299996
v 2.817856 0.192337 -0.299996
v 2.806455 0.276816 -0.299996
v 2.795704 0.362800 -0.299996
v 2.785596 0.450308 -0.299996
v 2.776119 0.539355 -0.299996
v 2.767264 0.629959 -0.299996
v 2.759020 0.722134 -0.299996
v 3.131529 0.722134 -0.299996
v 3.153671 0.607541 -0.299996
v 3.176796 0.495100 -0.299996
v 3.200924 0.384977 -0.299996
v 3.226074 0.277337 -0.299996
v 3.252267 0.172345 -0.299996
v 3.279523 0.070168 -0.299996
v 3.307861 -0.029030 -0.299996
v 3.337302 -0.125082 -0.299997
v 3.367867 -0.217824 -0.299997
v 3.399575 -0.307089 -0.299997
v 3.432446 -0.392712 -0.299997
v 3.466499 -0.474528 -0.299997
v 3.474581 -0.455340 -0.299997
v 3.484226 -0.433850 -0.299997
v 3.495195 -0.410539 -0.299997
v 3.507246 -0.385887 -0.299997
v 3.520141 -0.360374 -0.299997
v 3.533637 -0.334481 -0.299997
v 3.547493 -0.308687 -0.299997
v 3.561471 -0.283472 -0.299997
v 3.575328 -0.259317 -0.299997
v 3.588824 -0.236701 -0.299997
v 3.601718 -0.216105 -0.299997
v 3.613770 -0.198009 -0.299997
v 3.563399 -0.078822 -0.299997
v 3.516178 0.049486 -0.299997
v 3.472004 0.186303 -0.299997
v 3.430778 0.331016 -0.299997
v 3.392400 0.483013 -0.299997
v 3.356768 0.641681 -0.299997
v 3.323784 0.806408 -0.299996
v 3.293347 0.976582 -0.299996
v 3.265356 1.151589 -0.299996
v 3.239710 1.330818 -0.299996
v 3.216311 1.513655 -0.299996
v 3.195058 1.699488 -0.299996
v 3.564680 1.699488 -0.299997
v 3.564680 2.028451 -0.299997
v 2.444264 2.028451 -0.299996
v 2.444264 1.699488 -0.299996
v 2.987146 1.699488 -0.299996
v 2.993706 1.643571 -0.299996
v 3.000395 1.587870 -0.299996
v 3.007225 1.532400 -0.299996
v 3.014205 1.477178 -0.299996
v 3.021346 1.422221 -0.299996
v 3.028657 1.367546 -0.299996
v 3.036148 1.313168 -0.299996
v 3.043830 1.259105 -0.299996
v 3.051713 1.205373 -0.299996
v 3.059805 1.151989 -0.299996
v 3.068120 1.098969 -0.299996
v 3.076664 1.046330 -0.299996
v 2.698379 1.046330 -0.299996
v 2.660840 1.060632 -0.299996
v 2.536670 0.998654 -0.299996
v 2.569231 0.612722 -0.299996
v 2.610413 0.250894 -0.299996
v 2.659937 -0.087163 -0.299996
v 2.717524 -0.401779 -0.299996
v 2.782891 -0.693285 -0.299996
v 2.855758 -0.962014 -0.299996
v 2.935843 -1.208295 -0.299996
v 3.022868 -1.432459 -0.299996
v 3.116550 -1.634838 -0.299996
v 3.216609 -1.815764 -0.299996
v 3.322764 -1.975566 -0.299997
v 3.434734 -2.114576 -0.299997
v 3.442818 -2.094488 -0.299997
v 3.452475 -2.072661 -0.299997
v 3.463476 -2.049544 -0.299997
v 3.475590 -2.025581 -0.299997
v 3.488586 -2.001222 -0.299997
v 3.502234 -1.976912 -0.299997
v 3.516303 -1.953099 -0.299997
v 3.530562 -1.930230 -0.299997
v 3.544782 -1.908751 -0.299997
v 3.558731 -1.889109 -0.299997
v 3.572178 -1.871753 -0.299997
v 3.584894 -1.857127 -0.299997
v 3.522335 -1.786297 -0.299997
v 3.461752 -1.709641 -0.299997
v 3.403195 -1.627091 -0.299997
v 3.346713 -1.538582 -0.299997
v 3.292357 -1.444047 -0.299997
v 3.240177 -1.343420 -0.299996
v 3.190223 -1.236635 -0.299996
v 3.142545 -1.123626 -0.299996
v 3.097193 -1.004326 -0.299996
v 3.054217 -0.878669 -0.299996
v 3.013668 -0.746590 -0.299996
v 2.975595 -0.608021 -0.299996
v 2.998058 -0.575478 -0.299996
v 3.021986 -0.542356 -0.299996
v 3.047155 -0.508870 -0.299996
v 3.073349 -0.475235 -0.299996
v 3.100343 -0.441666 -0.299996
v 3.127920 -0.408378 -0.299996
v 3.155858 -0.375587 -0.299996
v 3.183936 -0.343508 -0.299996
v 3.211933 -0.312356 -0.299996
v 3.239630 -0.282346 -0.299996
v 3.266806 -0.253694 -0.299996
v 3.293239 -0.226614 -0.299996
v 3.177732 0.016532 -0.299996
v 5.829921 -1.127094 -0.299998
v 5.816460 -1.213526 -0.299998
v 5.793915 -1.291647 -0.299998
v 5.762196 -1.361475 -0.299998
v 5.721212 -1.423026 -0.299998
v 5.670874 -1.476316 -0.299998
v 5.611090 -1.521363 -0.299998
v 5.541771 -1.558182 -0.299998
v 5.462826 -1.586790 -0.299998
v 5.374166 -1.607204 -0.299998
v 5.275700 -1.619440 -0.299998
v 5.167337 -1.623515 -0.299998
v 5.101369 -1.622911 -0.299998
v 5.037618 -1.621065 -0.299998
v 4.975893 -1.617929 -0.299997
v 4.916002 -1.613451 -0.299997
v 4.857756 -1.607582 -0.299997
v 4.800963 -1.600273 -0.299997
v 4.745434 -1.591475 -0.299997
v 4.690978 -1.581137 -0.299997
v 4.637404 -1.569210 -0.299997
v 4.584522 -1.555644 -0.299997
v 4.532141 -1.540389 -0.299997
v 4.480071 -1.523396 -0.299997
v 4.488734 -1.904803 -0.299997
v 4.539805 -1.917414 -0.299997
v 4.591928 -1.929016 -0.299997
v 4.645075 -1.939591 -0.299997
v 4.699214 -1.949124 -0.299997
v 4.754315 -1.957597 -0.299997
v 4.810349 -1.964993 -0.299997
v 4.867285 -1.971298 -0.299997
v 4.925093 -1.976493 -0.299997
v 4.983744 -1.980563 -0.299997
v 5.043207 -1.983490 -0.299998
v 5.103452 -1.985258 -0.299998
v 5.164449 -1.985852 -0.299998
v 5.300732 -1.980058 -0.299998
v 5.426438 -1.962543 -0.299998
v 5.541334 -1.933110 -0.299998
v 5.645192 -1.891559 -0.299998
v 5.737780 -1.837692 -0.299998
v 5.818867 -1.771310 -0.299998
v 5.888223 -1.692215 -0.299998
v 5.945617 -1.600207 -0.299998
v 5.990819 -1.495089 -0.299998
v 6.023597 -1.376661 -0.299998
v 6.043722 -1.244725 -0.299998
v 6.050963 -1.099082 -0.299998
v 6.050567 -1.032587 -0.299998
v 6.048036 -0.968790 -0.299998
v 6.043518 -0.907410 -0.299998
v 6.037167 -0.848166 -0.299998
v 6.029130 -0.790775 -0.299998
v 6.019560 -0.734958 -0.299998
v 6.008606 -0.680431 -0.299998
v 5.996418 -0.626915 -0.299998
v 5.983148 -0.574126 -0.299998
v 5.968945 -0.521785 -0.299998
v 5.953960 -0.469609 -0.299998
v 5.938344 -0.417318 -0.299998
v 5.713106 -0.493599 -0.299998
v 5.730051 -0.535246 -0.299998
v 5.746154 -0.576877 -0.299998
v 5.761294 -0.618673 -0.299998
v 5.775352 -0.660817 -0.299998
v 5.788205 -0.703491 -0.299998
v 5.799736 -0.746877 -0.299998
v 5.809823 -0.791156 -0.299998
v 5.818346 -0.836511 -0.299998
v 5.825184 -0.883125 -0.299998
v 5.830217 -0.931179 -0.299998
v 5.833325 -0.980855 -0.299998
v 5.834388 -1.032336 -0.299998
v 4.979638 2.047522 -0.299997
v 4.976455 2.001943 -0.299997
v 4.972700 1.955835 -0.299997
v 4.968403 1.909262 -0.299997
v 4.963595 1.862293 -0.299997
v 4.958306 1.814992 -0.299997
v 4.952566 1.767426 -0.299997
v 4.946405 1.719662 -0.299997
v 4.939852 1.671766 -0.299997
v 4.932939 1.623803 -0.299997
v 4.925695 1.575840 -0.299997
v 4.918150 1.527944 -0.299997
v 4.910334 1.480179 -0.299997
v 4.859147 1.491503 -0.299997
v 4.808129 1.504018 -0.299997
v 4.757332 1.517724 -0.299997
v 4.706807 1.532623 -0.299997
v 4.656602 1.548714 -0.299997
v 4.606768 1.565996 -0.299997
v 4.557355 1.584470 -0.299997
v 4.508413 1.604137 -0.299997
v 4.459993 1.624995 -0.299997
v 4.412144 1.647045 -0.299997
v 4.364917 1.670287 -0.299997
v 4.318361 1.694721 -0.299997
v 4.286597 1.351455 -0.299997
v 4.328563 1.332497 -0.299997
v 4.372051 1.313822 -0.299997
v 4.416904 1.295510 -0.299997
v 4.462960 1.277646 -0.299997
v 4.510058 1.260311 -0.299997
v 4.558039 1.243589 -0.299997
v 4.606741 1.227561 -0.299997
v 4.656006 1.212312 -0.299997
v 4.705671 1.197924 -0.299997
v 4.755577 1.184479 -0.299997
v 4.805562 1.172061 -0.299997
v 4.855468 1.160752 -0.299997
v 4.791939 0.831789 -0.299997
v 4.725523 0.545734 -0.299997
v 4.666403 0.558417 -0.299997
v 4.608947 0.572507 -0.299997
v 4.553256 0.587823 -0.299997
v 4.499429 0.604181 -0.299997
v 4.447568 0.621400 -0.299997
v 4.397773 0.639298 -0.299997
v 4.350143 0.657692 -0.299997
v 4.304779 0.676401 -0.299997
v 4.261781 0.695242 -0.299997
v 4.221250 0.714034 -0.299997
v 4.183286 0.732594 -0.299997
v 4.147989 0.750740 -0.299997
v 4.113338 0.393171 -0.299997
v 4.148879 0.377685 -0.299997
v 4.186144 0.362248 -0.299997
v 4.225054 0.346911 -0.299997
v 4.265528 0.331722 -0.299997
v 4.307486 0.316733 -0.299997
v 4.350848 0.301991 -0.299997
v 4.395533 0.287548 -0.299997
v 4.441462 0.273452 -0.299997
v 4.488554 0.259754 -0.299997
v 4.536728 0.246502 -0.299997
v 4.585906 0.233747 -0.299997
v 4.636005 0.221538 -0.299997
v 4.620723 0.170301 -0.299997
v 4.605190 0.119146 -0.299997
v 4.589396 0.068156 -0.299997
v 4.573332 0.017415 -0.299997
v 4.556987 -0.032995 -0.299997
v 4.540351 -0.082991 -0.299997
v 4.523414 -0.132490 -0.299997
v 4.506167 -0.181411 -0.299997
v 4.488599 -0.229669 -0.299997
v 4.470699 -0.277182 -0.299997
v 4.452459 -0.323867 -0.299997
v 4.433868 -0.369642 -0.299997
v 4.425866 -0.388425 -0.299997
v 4.417733 -0.406679 -0.299997
v 4.409459 -0.424469 -0.299997
v 4.401035 -0.441862 -0.299997
v 4.392450 -0.458924 -0.299997
v 4.383696 -0.475720 -0.299997
v 4.374760 -0.492319 -0.299997
v 4.365634 -0.508784 -0.299997
v 4.356308 -0.525184 -0.299997
v 4.346771 -0.541584 -0.299997
v 4.337013 -0.558049 -0.299997
v 4.327024 -0.574648 -0.299997
v 4.445419 -0.865470 -0.299997
v 4.488028 -0.848174 -0.299997
v 4.534576 -0.831987 -0.299997
v 4.584434 -0.816826 -0.299997
v 4.636968 -0.802609 -0.299997
v 4.691548 -0.789252 -0.299997
v 4.747541 -0.776674 -0.299997
v 4.804317 -0.764791 -0.299997
v 4.861243 -0.753520 -0.299997
v 4.917688 -0.742779 -0.299997
v 4.973020 -0.732486 -0.299997
v 5.026608 -0.722556 -0.299997
v 5.077818 -0.712908 -0.299998
v 5.057605 -0.422085 -0.299998
v 5.018696 -0.429325 -0.299997
v 4.978795 -0.436697 -0.299997
v 4.938353 -0.444135 -0.299997
v 4.897820 -0.451573 -0.299997
v 4.857648 -0.458946 -0.299997
v 4.818289 -0.466185 -0.299997
v 4.780193 -0.473226 -0.299997
v 4.743811 -0.480002 -0.299997
v 4.709595 -0.486448 -0.299997
v 4.677997 -0.492495 -0.299997
v 4.649466 -0.498079 -0.299997
v 4.624454 -0.503134 -0.299997
v 4.645872 -0.448017 -0.299997
v 4.666808 -0.392354 -0.299997
v 4.687262 -0.336194 -0.299997
v 4.707235 -0.279587 -0.299997
v 4.726727 -0.222583 -0.299997
v 4.745737 -0.165232 -0.299997
v 4.764266 -0.107582 -0.299997
v 4.782314 -0.049684 -0.299997
v 4.799881 0.008412 -0.299997
v 4.816966 0.066658 -0.299997
v 4.833570 0.125003 -0.299997
v 4.849693 0.183398 -0.299997
v 4.940207 0.171192 -0.299997
v 5.035252 0.160840 -0.299997
v 5.134309 0.152408 -0.299998
v 5.236855 0.145963 -0.299998
v 5.342368 0.141571 -0.299998
v 5.450328 0.139297 -0.299998
v 5.560213 0.139209 -0.299998
v 5.671502 0.141372 -0.299998
v 5.783673 0.145853 -0.299998
v 5.896205 0.152717 -0.299998
v 6.008577 0.162032 -0.299998
v 6.120267 0.173863 -0.299998
v 6.131818 0.531431 -0.299998
v 6.023478 0.514027 -0.299998
v 5.915309 0.499868 -0.299998
v 5.807722 0.488821 -0.299998
v 5.701127 0.480754 -0.299998
v 5.595936 0.475534 -0.299998
v 5.492560 0.473028 -0.299998
v 5.391410 0.473106 -0.299998
v 5.292896 0.475633 -0.299998
v 5.197431 0.480478 -0.299998
v 5.105425 0.487507 -0.299998
v 5.017290 0.496590 -0.299997
v 4.933435 0.507593 -0.299997
v 4.991189 0.755507 -0.299997
v 5.069156 1.127379 -0.299997
v 5.140042 1.121024 -0.299998
v 5.213927 1.116276 -0.299998
v 5.290559 1.113150 -0.299998
v 5.369687 1.111663 -0.299998
v 5.451062 1.111832 -0.299998
v 5.534431 1.113672 -0.299998
v 5.619545 1.117201 -0.299998
v 5.706154 1.122434 -0.299998
v 5.794005 1.129390 -0.299998
v 5.882850 1.138084 -0.299998
v 5.972436 1.148532 -0.299998
v 6.062514 1.160752 -0.299998
v 6.076952 1.508785 -0.299998
v 5.990704 1.493183 -0.299998
v 5.905296 1.479716 -0.299998
v 5.820852 1.468335 -0.299998
v 5.737491 1.458990 -0.299998
v 5.655332 1.451632 -0.299998
v 5.574497 1.446211 -0.299998
v 5.495107 1.442676 -0.299998
v 5.417280 1.440980 -0.299998
v 5.341138 1.441071 -0.299998
v 5.266800 1.442900 -0.299998
v 5.194388 1.446418 -0.299998
v 5.124022 1.451574 -0.299998
v 5.144235 1.570763 -0.299998
v 5.150127 1.606609 -0.299998
v 5.156240 1.642586 -0.299998
v 5.162554 1.678630 -0.299998
v 5.169047 1.714674 -0.299998
v 5.175702 1.750651 -0.299998
v 5.182497 1.786497 -0.299998
v 5.189412 1.822143 -0.299998
v 5.196427 1.857525 -0.299998
v 5.203523 1.892575 -0.299998
v 5.210678 1.927229 -0.299998
v 5.217874 1.961419 -0.299998
v 5.225090 1.995078 -0.299998
v 8.582967 2.024887 -0.299999
v 8.594505 1.959410 -0.299999
v 8.606505 1.894065 -0.299999
v 8.618958 1.828920 -0.299999
v 8.631849 1.764038 -0.300000
v 8.645173 1.699488 -0.300000
v 8.658918 1.635336 -0.300000
v 8.673074 1.571647 -0.300000
v 8.687632 1.508487 -0.300000
v 8.702579 1.445924 -0.300000
v 8.717908 1.384022 -0.300000
v 8.733608 1.322849 -0.300000
v 8.144524 1.322849 -0.299999
v 8.144524 2.247760 -0.299999
v 7.919286 2.247760 -0.299999
v 7.919286 1.322849 -0.299999
v 6.879725 1.322849 -0.299999
v 6.879725 0.974816 -0.299999
v 7.919286 0.974816 -0.299999
v 7.919286 -0.078819 -0.299999
v 6.983680 -0.078819 -0.299999
v 6.983680 -0.422085 -0.299999
v 7.919286 -0.422085 -0.299999
v 7.919286 -1.637818 -0.299999
v 6.741116 -1.637818 -0.299998
v 6.741116 -1.985852 -0.299998
v 9.322693 -1.985852 -0.300000
v 9.322693 -1.637818 -0.300000
v 8.144524 -1.637818 -0.299999
v 8.144524 -0.422085 -0.299999
v 9.005050 -0.422085 -0.300000
v 9.005050 -0.078819 -0.300000
v 8.144524 -0.078819 -0.299999
v 8.144524 0.974816 -0.299999
v 8.828901 0.974816 -0.300000
v 8.852183 0.900339 -0.300000
v 8.875826 0.827154 -0.300000
v 8.899830 0.755359 -0.300000
v 8.924194 0.685053 -0.300000
v 8.948920 0.616337 -0.300000
v 8.974007 0.549310 -0.300000
v 8.999454 0.484070 -0.300000
v 9.025263 0.420717 -0.300000
v 9.051433 0.359351 -0.300000
v 9.077963 0.300071 -0.300000
v 9.104855 0.242976 -0.300000
v 9.132107 0.188165 -0.300000
v 9.143965 0.204496 -0.300000
v 9.157668 0.222267 -0.300000
v 9.172895 0.241130 -0.300000
v 9.189325 0.260738 -0.300000
v 9.206638 0.280744 -0.300000
v 9.224512 0.300799 -0.300000
v 9.242627 0.320557 -0.300000
v 9.260661 0.339668 -0.300000
v 9.278295 0.357787 -0.300000
v 9.295207 0.374564 -0.300000
v 9.311075 0.389653 -0.300000
v 9.325581 0.402706 -0.300000
v 9.267423 0.513625 -0.300000
v 9.211411 0.633713 -0.300000
v 9.157644 0.762212 -0.300000
v 9.106225 0.898358 -0.300000
v 9.057251 1.041391 -0.300000
v 9.010824 1.190549 -0.300000
v 8.967045 1.345071 -0.300000
v 8.926013 1.504194 -0.300000
v 8.887828 1.667158 -0.300000
v 8.852591 1.833201 -0.300000
v 8.820402 2.001562 -0.300000
v 8.791362 2.171479 -0.300000
v 8.571898 2.090430 -0.299999
v -8.706937 2.167434 0.300010
v -8.722692 2.098597 0.300010
v -8.737742 2.027706 0.300010
v -8.751981 1.955525 0.300010
v -8.765298 1.882814 0.300010
v -8.777581 1.810334 0.300010
v -8.788722 1.738848 0.300010
v -8.798610 1.669117 0.300010
v -8.807136 1.601902 0.300010
v -8.814185 1.537964 0.300010
v -8.819652 1.478066 0.300010
v -8.823422 1.422969 0.300010
v -8.624173 1.341920 0.300010
v -8.621181 1.397208 0.300010
v -8.616580 1.457644 0.300010
v -8.610457 1.522417 0.300010
v -8.602891 1.590717 0.300010
v -8.593961 1.661731 0.300010
v -8.583747 1.734649 0.300010
v -8.572328 1.808660 0.300010
v -8.559789 1.882952 0.300010
v -8.546206 1.956714 0.300010
v -8.531661 2.029136 0.300010
v -8.516234 2.099405 0.300010
v -8.500005 2.166711 0.300010
v -8.690591 2.233457 0.300010
v -10.263886 2.110110 0.300011
v -10.298285 2.045646 0.300011
v -10.332545 1.978764 0.300011
v -10.366294 1.910145 0.300011
v -10.399159 1.840466 0.300011
v -10.430770 1.770406 0.300011
v -10.460759 1.700645 0.300011
v -10.488751 1.631859 0.300011
v -10.514379 1.564730 0.300011
v -10.537269 1.499934 0.300011
v -10.557050 1.438152 0.300011
v -10.573350 1.380061 0.300011
v -10.400090 1.203660 0.300011
v -10.383904 1.263224 0.300011
v -10.364450 1.326977 0.300011
v -10.342067 1.394140 0.300011
v -10.317098 1.463934 0.300011
v -10.289882 1.535583 0.300011
v -10.260762 1.608308 0.300011
v -10.230077 1.681331 0.300011
v -10.198169 1.753874 0.300011
v -10.165378 1.825159 0.300011
v -10.132045 1.894407 0.300011
v -10.098514 1.960842 0.300011
v -10.065120 2.023684 0.300011
v -10.229718 2.171479 0.300011
v -9.454591 2.028852 0.300011
v -9.429366 1.947028 0.300011
v -9.403440 1.864640 0.300011
v -9.377000 1.782303 0.300011
v -9.350240 1.700628 0.300011
v -9.323352 1.620227 0.300011
v -9.296521 1.541714 0.300011
v -9.269942 1.465700 0.300011
v -9.243806 1.392799 0.300011
v -9.218299 1.323622 0.300011
v -9.193614 1.258782 0.300011
v -9.169944 1.198892 0.300011
v -8.999570 1.303779 0.300010
v -9.022328 1.367587 0.300011
v -9.045678 1.436808 0.300011
v -9.069371 1.510498 0.300011
v -9.093152 1.587715 0.300011
v -9.116775 1.667514 0.300011
v -9.139983 1.748952 0.300011
v -9.162532 1.831085 0.300011
v -9.184167 1.912970 0.300011
v -9.204640 1.993663 0.300011
v -9.223699 2.072221 0.300011
v -9.241094 2.147699 0.300011
v -9.256572 2.219155 0.300011
v -9.478923 2.109500 0.300011
v -9.887710 2.110998 0.300011
v -9.889684 1.998720 0.300011
v -9.891997 1.887137 0.300011
v -9.894643 1.776299 0.300011
v -9.897609 1.666256 0.300011
v -9.900886 1.557057 0.300011
v -9.904464 1.448752 0.300011
v -9.908334 1.341390 0.300011
v -9.912482 1.235021 0.300011
v -9.916902 1.129696 0.300011
v -9.921582 1.025463 0.300011
v -9.926513 0.922373 0.300011
v -10.605115 1.060632 0.300011
v -10.631104 0.731669 0.300011
v -9.943839 0.588642 0.300011
v -9.951180 0.478698 0.300011
v -9.958772 0.370592 0.300011
v -9.966624 0.264372 0.300011
v -9.974748 0.160090 0.300011
v -9.983151 0.057794 0.300011
v -9.991845 -0.042466 0.300011
v -10.000840 -0.140640 0.300011
v -10.010148 -0.236679 0.300011
v -10.019774 -0.330533 0.300011
v -10.029733 -0.422151 0.300011
v -10.040032 -0.511485 0.300011
v -10.050681 -0.598486 0.300011
v -10.082622 -0.514471 0.300011
v -10.113460 -0.429347 0.300011
v -10.143176 -0.343197 0.300011
v -10.171748 -0.256103 0.300011
v -10.199159 -0.168148 0.300011
v -10.225385 -0.079415 0.300011
v -10.250407 0.010013 0.300011
v -10.274209 0.100053 0.300011
v -10.296765 0.190623 0.300011
v -10.318059 0.281641 0.300011
v -10.338069 0.373022 0.300011
v -10.356774 0.464685 0.300011
v -10.527146 0.307355 0.300011
v -10.502311 0.191871 0.300011
v -10.475490 0.076767 0.300011
v -10.446744 -0.037773 0.300011
v -10.416133 -0.151569 0.300011
v -10.383716 -0.264438 0.300011
v -10.349555 -0.376197 0.300011
v -10.313710 -0.486665 0.300011
v -10.276240 -0.595660 0.300011
v -10.237206 -0.703000 0.300011
v -10.196670 -0.808502 0.300011
v -10.154689 -0.911984 0.300011
v -10.111323 -1.013265 0.300011
v -10.130452 -1.117012 0.300011
v -10.150306 -1.213526 0.300011
v -10.170880 -1.302523 0.300011
v -10.192178 -1.383724 0.300011
v -10.214196 -1.456846 0.300011
v -10.236936 -1.521608 0.300011
v -10.260398 -1.577730 0.300011
v -10.284583 -1.624928 0.300011
v -10.309489 -1.662923 0.300011
v -10.335116 -1.691431 0.300011
v -10.361466 -1.710173 0.300011
v -10.388539 -1.718867 0.300011
v -10.403279 -1.713531 0.300011
v -10.417188 -1.697634 0.300011
v -10.430274 -1.671340 0.300011
v -10.442550 -1.634816 0.300011
v -10.454022 -1.588228 0.300011
v -10.464702 -1.531740 0.300011
v -10.474599 -1.465518 0.300011
v -10.483726 -1.389727 0.300011
v -10.492089 -1.304535 0.300011
v -10.499700 -1.210104 0.300011
v -10.506570 -1.106603 0.300011
v -10.512708 -0.994195 0.300011
v -10.523665 -1.012424 0.300011
v -10.536119 -1.031166 0.300011
v -10.549752 -1.050139 0.300011
v -10.564260 -1.069063 0.300011
v -10.579328 -1.087656 0.300011
v -10.594647 -1.105637 0.300011
v -10.609906 -1.122724 0.300011
v -10.624793 -1.138635 0.300011
v -10.638999 -1.153089 0.300011
v -10.652213 -1.165806 0.300011
v -10.664123 -1.176502 0.300011
v -10.674418 -1.184898 0.300011
v -10.658319 -1.359985 0.300011
v -10.640422 -1.514082 0.300011
v -10.620860 -1.648247 0.300011
v -10.599767 -1.763541 0.300011
v -10.577268 -1.861023 0.300011
v -10.553496 -1.941751 0.300011
v -10.528583 -2.006787 0.300011
v -10.502656 -2.057189 0.300011
v -10.475846 -2.094016 0.300011
v -10.448285 -2.118329 0.300011
v -10.420102 -2.131186 0.300011
v -10.391427 -2.133646 0.300011
v -10.344132 -2.124354 0.300011
v -10.298955 -2.103805 0.300011
v -10.255843 -2.072264 0.300011
v -10.214746 -2.029996 0.300011
v -10.175612 -1.977265 0.300011
v -10.138394 -1.914338 0.300011
v -10.103044 -1.841478 0.300011
v -10.069507 -1.758950 0.300011
v -10.037732 -1.667020 0.300011
v -10.007674 -1.565951 0.300011
v -9.979280 -1.456010 0.300011
v -9.952500 -1.337461 0.300011
v -9.907987 -1.417491 0.300011
v -9.862540 -1.495387 0.300011
v -9.816194 -1.570998 0.300011
v -9.768971 -1.644175 0.300011
v -9.720910 -1.714770 0.300011
v -9.672034 -1.782633 0.300011
v -9.622378 -1.847617 0.300011
v -9.571969 -1.909570 0.300011
v -9.520839 -1.968346 0.300011
v -9.469016 -2.023794 0.300011
v -9.416532 -2.075765 0.300011
v -9.363418 -2.124111 0.300011
v -9.353507 -2.102202 0.300011
v -9.342626 -2.079548 0.300011
v -9.330884 -2.056397 0.300011
v -9.318389 -2.032998 0.300011
v -9.305253 -2.009598 0.300011
v -9.291585 -1.986448 0.300011
v -9.277497 -1.963793 0.300011
v -9.263097 -1.941884 0.300011
v -9.248496 -1.920968 0.300011
v -9.233806 -1.901293 0.300011
v -9.219136 -1.883109 0.300011
v -9.204595 -1.866662 0.300011
v -9.267690 -1.815245 0.300011
v -9.329873 -1.758862 0.300011
v -9.391074 -1.697711 0.300011
v -9.451222 -1.631991 0.300011
v -9.510247 -1.561901 0.300011
v -9.568080 -1.487639 0.300011
v -9.624648 -1.409405 0.300011
v -9.679883 -1.327396 0.300011
v -9.733716 -1.241811 0.300011
v -9.786073 -1.152849 0.300011
v -9.836886 -1.060709 0.300011
v -9.886085 -0.965589 0.300011
v -9.870563 -0.858733 0.300011
v -9.855739 -0.748003 0.300011
v -9.841598 -0.633498 0.300011
v -9.828118 -0.515318 0.300011
v -9.815282 -0.393563 0.300011
v -9.803065 -0.268331 0.300011
v -9.791451 -0.139722 0.300011
v -9.780419 -0.007835 0.300011
v -9.769946 0.127230 0.300011
v -9.760018 0.265374 0.300011
v -9.750609 0.406497 0.300011
v -9.741702 0.550501 0.300011
v -9.426946 0.483755 0.300011
v -9.400956 0.817486 0.300011
v -9.724376 0.884232 0.300011
v -9.719441 0.989712 0.300011
v -9.714749 1.096367 0.300011
v -9.710298 1.204181 0.300011
v -9.706086 1.313137 0.300011
v -9.702115 1.423219 0.300011
v -9.698386 1.534411 0.300011
v -9.694896 1.646694 0.300011
v -9.691648 1.760054 0.300011
v -9.688642 1.874473 0.300011
v -9.685874 1.989936 0.300011
v -9.683347 2.106424 0.300011
v -9.681060 2.223922 0.300011
v -9.886085 2.223922 0.300011
v -8.621285 -0.283825 0.300010
v -8.621285 0.154792 0.300010
v -8.245889 0.154792 0.300010
v -8.245889 -0.283825 0.300010
v -9.187270 -0.283825 0.300011
v -9.187270 0.154792 0.300011
v -8.811872 0.154792 0.300010
v -8.811872 -0.283825 0.300010
v -8.621285 0.421777 0.300010
v -8.621285 0.855626 0.300010
v -8.245889 0.855626 0.300010
v -8.245889 0.421777 0.300010
v -9.187270 0.421777 0.300011
v -9.187270 0.855626 0.300011
v -8.811872 0.855626 0.300010
v -8.811872 0.421777 0.300010
v -8.612622 -0.565113 0.300010
v -8.061076 -0.565113 0.300010
v -8.061076 1.136914 0.300010
v -9.377856 1.136914 0.300011
v -9.377856 -0.565113 0.300011
v -8.820535 -0.565113 0.300010
v -8.820535 -0.979892 0.300010
v -9.467374 -0.979892 0.300011
v -9.467374 -1.299320 0.300011
v -8.820535 -1.299320 0.300010
v -8.820535 -2.138414 0.300010
v -8.612622 -2.138414 0.300010
v -8.612622 -1.299320 0.300010
v -7.957122 -1.299320 0.300010
v -7.957122 -0.979892 0.300010
v -8.612622 -0.979892 0.300010
v -8.168492 2.075741 0.300010
v -8.191720 2.010661 0.300010
v -8.214305 1.943529 0.300010
v -8.236051 1.875006 0.300010
v -8.256751 1.805755 0.300010
v -8.276210 1.736437 0.300010
v -8.294225 1.667715 0.300010
v -8.310596 1.600252 0.300010
v -8.325120 1.534709 0.300010
v -8.337600 1.471748 0.300010
v -8.347833 1.412032 0.300010
v -8.355620 1.356223 0.300010
v -8.167922 1.237033 0.300010
v -8.160193 1.293127 0.300010
v -8.150142 1.353640 0.300010
v -8.137961 1.417829 0.300010
v -8.123858 1.484947 0.300010
v -8.108027 1.554251 0.300010
v -8.090676 1.624995 0.300010
v -8.072000 1.696434 0.300010
v -8.052199 1.767824 0.300010
v -8.031478 1.838418 0.300010
v -8.010036 1.907474 0.300010
v -7.988070 1.974245 0.300010
v -7.965783 2.037987 0.300010
v -8.144820 2.138106 0.300010
v -6.671929 2.045143 0.300009
v -6.659850 1.990355 0.300009
v -6.647428 1.935632 0.300009
v -6.634675 1.881009 0.300009
v -6.621604 1.826519 0.300009
v -6.608220 1.772194 0.300009
v -6.594535 1.718067 0.300009
v -6.580560 1.664173 0.300009
v -6.566304 1.610543 0.300009
v -6.551776 1.557211 0.300009
v -6.536988 1.504211 0.300009
v -6.521949 1.451574 0.300009
v -7.734771 1.451574 0.300010
v -7.734771 1.108308 0.300010
v -6.836705 1.108308 0.300009
v -6.836705 0.417009 0.300009
v -7.668355 0.417009 0.300010
v -7.668355 0.088046 0.300010
v -6.836705 0.088046 0.300009
v -6.836705 -0.636626 0.300009
v -7.705895 -0.636626 0.300010
v -7.705895 -0.975124 0.300010
v -6.836705 -0.975124 0.300009
v -6.836705 -2.133646 0.300009
v -6.617242 -2.133646 0.300009
v -6.617242 1.108308 0.300009
v -6.417994 1.108308 0.300009
v -6.386598 1.012584 0.300009
v -6.354519 0.918598 0.300009
v -6.321799 0.826500 0.300009
v -6.288477 0.736437 0.300009
v -6.254593 0.648560 0.300009
v -6.220188 0.563016 0.300009
v -6.185302 0.479956 0.300009
v -6.149975 0.399528 0.300009
v -6.114247 0.321881 0.300009
v -6.078157 0.247164 0.300009
v -6.041747 0.175526 0.300009
v -6.005056 0.107116 0.300009
v -5.995418 0.123828 0.300009
v -5.984027 0.142674 0.300009
v -5.971171 0.163210 0.300009
v -5.957143 0.184987 0.300009
v -5.942232 0.207558 0.300009
v -5.926729 0.230477 0.300009
v -5.910926 0.253297 0.300009
v -5.895111 0.275571 0.300009
v -5.879579 0.296851 0.300009
v -5.864616 0.316691 0.300009
v -5.850517 0.334644 0.300009
v -5.837571 0.350263 0.300009
v -5.901967 0.467232 0.300009
v -5.965057 0.593520 0.300009
v -6.026626 0.728317 0.300009
v -6.086448 0.870812 0.300009
v -6.144304 1.020194 0.300009
v -6.199976 1.175650 0.300009
v -6.253241 1.336372 0.300009
v -6.303878 1.501546 0.300009
v -6.351667 1.670362 0.300009
v -6.396390 1.842008 0.300009
v -6.437823 2.015675 0.300009
v -6.475747 2.190549 0.300009
v -6.683660 2.099965 0.300009
v -5.967045 2.036714 0.300009
v -5.945446 1.949543 0.300009
v -5.922985 1.862405 0.300009
v -5.899712 1.775416 0.300009
v -5.875676 1.688692 0.300009
v -5.850928 1.602349 0.300009
v -5.825520 1.516502 0.300009
v -5.799499 1.431268 0.300009
v -5.772917 1.346762 0.300009
v -5.745823 1.263100 0.300009
v -5.718267 1.180399 0.300009
v -5.690302 1.098773 0.300009
v -5.690302 -2.128879 0.300009
v -5.473725 -2.128879 0.300008
v -5.473725 0.536199 0.300008
v -5.450563 0.484155 0.300008
v -5.427282 0.432923 0.300008
v -5.403880 0.382519 0.300008
v -5.380358 0.332959 0.300008
v -5.356715 0.284259 0.300008
v -5.332952 0.236437 0.300008
v -5.309069 0.189509 0.300008
v -5.285065 0.143491 0.300008
v -5.260941 0.098401 0.300008
v -5.236696 0.054254 0.300008
v -5.212331 0.011067 0.300008
v -5.187846 -0.031143 0.300008
v -5.181265 -0.008630 0.300008
v -5.173221 0.017857 0.300008
v -5.163933 0.047522 0.300008
v -5.153623 0.079570 0.300008
v -5.142509 0.113208 0.300008
v -5.130815 0.147641 0.300008
v -5.118759 0.182073 0.300008
v -5.106564 0.215711 0.300008
v -5.094448 0.247760 0.300008
v -5.082634 0.277425 0.300008
v -5.071340 0.303912 0.300008
v -5.060788 0.326425 0.300008
v -5.131905 0.447163 0.300008
v -5.202086 0.577584 0.300008
v -5.271005 0.716845 0.300008
v -5.338328 0.864102 0.300008
v -5.403727 1.018510 0.300008
v -5.466869 1.179226 0.300008
v -5.527425 1.345404 0.300009
v -5.585063 1.516201 0.300009
v -5.639452 1.690772 0.300009
v -5.690262 1.868274 0.300009
v -5.737161 2.047861 0.300009
v -5.779819 2.228690 0.300009
v -5.987731 2.123803 0.300009
v -3.633539 2.144600 0.300007
v -3.632665 2.042666 0.300007
v -3.631530 1.937420 0.300007
v -3.630004 1.829096 0.300007
v -3.627956 1.717924 0.300007
v -3.625257 1.604137 0.300007
v -3.621777 1.487965 0.300007
v -3.617383 1.369642 0.300007
v -3.611947 1.249399 0.300007
v -3.605338 1.127467 0.300007
v -3.597425 1.004078 0.300007
v -3.588078 0.879465 0.300007
v -4.789348 0.879465 0.300008
v -4.789348 0.512361 0.300008
v -3.694921 0.512361 0.300007
v -3.749131 0.252997 0.300007
v -3.810697 0.002406 0.300008
v -3.879643 -0.238384 0.300008
v -3.955990 -0.468348 0.300008
v -4.039755 -0.686460 0.300008
v -4.130960 -0.891692 0.300008
v -4.229626 -1.083019 0.300008
v -4.335770 -1.259413 0.300008
v -4.449415 -1.419850 0.300008
v -4.570581 -1.563303 0.300008
v -4.699286 -1.688744 0.300008
v -4.835551 -1.795148 0.300008
v -4.821560 -1.816738 0.300008
v -4.807128 -1.840727 0.300008
v -4.792416 -1.866737 0.300008
v -4.777583 -1.894385 0.300008
v -4.762791 -1.923291 0.300008
v -4.748199 -1.953074 0.300008
v -4.733969 -1.983355 0.300008
v -4.720258 -2.013751 0.300008
v -4.707231 -2.043882 0.300008
v -4.695045 -2.073368 0.300008
v -4.683861 -2.101827 0.300008
v -4.673841 -2.128879 0.300008
v -4.537675 -2.010876 0.300008
v -4.409190 -1.876550 0.300008
v -4.288246 -1.726465 0.300008
v -4.174702 -1.561184 0.300008
v -4.068417 -1.381268 0.300008
v -3.969250 -1.187282 0.300008
v -3.877062 -0.979787 0.300008
v -3.791712 -0.759347 0.300008
v -3.713059 -0.526525 0.300007
v -3.640965 -0.281883 0.300007
v -3.575287 -0.025984 0.300007
v -3.515885 0.240609 0.300007
v -3.476831 0.010891 0.300007
v -3.429909 -0.217322 0.300007
v -3.374344 -0.442719 0.300007
v -3.309362 -0.663996 0.300007
v -3.234195 -0.879842 0.300007
v -3.148068 -1.088950 0.300007
v -3.050210 -1.290014 0.300007
v -2.939849 -1.481724 0.300007
v -2.816213 -1.662773 0.300007
v -2.678529 -1.831854 0.300007
v -2.526025 -1.987659 0.300007
v -2.357930 -2.128879 0.300007
v -2.348571 -2.105491 0.300007
v -2.337917 -2.080828 0.300007
v -2.326121 -2.055205 0.300007
v -2.313332 -2.028936 0.300007
v -2.299700 -2.002337 0.300007
v -2.285378 -1.975721 0.300007
v -2.270514 -1.949402 0.300007
v -2.255258 -1.923697 0.300007
v -2.239761 -1.898918 0.300007
v -2.224176 -1.875381 0.300007
v -2.208650 -1.853400 0.300007
v -2.193334 -1.833289 0.300007
v -2.364942 -1.696271 0.300007
v -2.519402 -1.543659 0.300007
v -2.657619 -1.376942 0.300007
v -2.780495 -1.197612 0.300007
v -2.888932 -1.007157 0.300007
v -2.983834 -0.807067 0.300007
v -3.066103 -0.598833 0.300007
v -3.136640 -0.383945 0.300007
v -3.196348 -0.163891 0.300007
v -3.246130 0.059838 0.300007
v -3.286888 0.285752 0.300007
v -3.319525 0.512361 0.300007
v -2.248199 0.512361 0.300007
v -2.248199 0.879465 0.300007
v -3.357064 0.879465 0.300007
v -3.366961 1.005262 0.300007
v -3.375113 1.129785 0.300007
v -3.381701 1.252751 0.300007
v -3.386904 1.373880 0.300007
v -3.390904 1.492890 0.300007
v -3.393883 1.609500 0.300007
v -3.396018 1.723428 0.300007
v -3.397491 1.834393 0.300007
v -3.398484 1.942114 0.300007
v -3.399176 2.046308 0.300007
v -3.399747 2.146695 0.300007
v -3.400379 2.242993 0.300007
v -3.634279 2.242993 0.300007
v -0.058016 0.802675 0.300005
v -0.098516 0.928243 0.300005
v -0.145795 1.053481 0.300005
v -0.199450 1.175937 0.300005
v -0.259083 1.293162 0.300006
v -0.324289 1.402706 0.300006
v -0.394670 1.502119 0.300006
v -0.469823 1.588951 0.300006
v -0.549347 1.660752 0.300006
v -0.632843 1.715071 0.300006
v -0.719907 1.749460 0.300006
v -0.810140 1.761467 0.300006
v -0.903773 1.748411 0.300006
v -0.992264 1.709862 0.300006
v -1.075038 1.646747 0.300006
v -1.151526 1.559993 0.300006
v -1.221157 1.450526 0.300006
v -1.283357 1.319274 0.300006
v -1.337556 1.167164 0.300006
v -1.383182 0.995123 0.300006
v -1.419663 0.804077 0.300006
v -1.446429 0.594955 0.300006
v -1.462908 0.368682 0.300006
v -1.468528 0.126187 0.300006
v -1.458228 -0.189883 0.300006
v -1.427995 -0.476272 0.300006
v -1.378830 -0.734287 0.300006
v -1.311739 -0.965236 0.300006
v -1.227722 -1.170427 0.300006
v -1.127783 -1.351167 0.300006
v -1.012925 -1.508765 0.300006
v -0.884150 -1.644528 0.300006
v -0.742459 -1.759764 0.300006
v -0.588858 -1.855780 0.300006
v -0.424348 -1.933885 0.300006
v -0.249931 -1.995387 0.300005
v -0.114211 -1.652121 0.300005
v -0.267834 -1.608029 0.300006
v -0.414568 -1.550876 0.300006
v -0.553182 -1.478924 0.300006
v -0.682440 -1.390434 0.300006
v -0.801109 -1.283668 0.300006
v -0.907959 -1.156888 0.300006
v -1.001753 -1.008357 0.300006
v -1.081260 -0.836335 0.300006
v -1.145245 -0.639084 0.300006
v -1.192475 -0.414867 0.300006
v -1.221718 -0.161946 0.300006
v -1.231739 0.121419 0.300006
v -1.228497 0.305175 0.300006
v -1.218785 0.479032 0.300006
v -1.202638 0.641831 0.300006
v -1.180082 0.792412 0.300006
v -1.151151 0.929618 0.300006
v -1.115871 1.052290 0.300006
v -1.074276 1.159268 0.300006
v -1.026394 1.249394 0.300006
v -0.972256 1.321509 0.300006
v -0.911890 1.374454 0.300006
v -0.845328 1.407071 0.300006
v -0.772600 1.418201 0.300006
v -0.683062 1.400767 0.300006
v -0.595557 1.351036 0.300006
v -0.511041 1.272865 0.300006
v -0.430466 1.170111 0.300006
v -0.354783 1.046631 0.300006
v -0.284945 0.906283 0.300006
v -0.221906 0.752922 0.300006
v -0.166617 0.590408 0.300005
v -0.120032 0.422596 0.300005
v -0.083102 0.253344 0.300005
v -0.056781 0.086509 0.300005
v -0.042020 -0.074052 0.300005
v -0.038770 -0.120097 0.300005
v -0.036231 -0.165496 0.300005
v -0.034394 -0.210598 0.300005
v -0.033249 -0.255749 0.300005
v -0.032786 -0.301298 0.300005
v -0.032995 -0.347592 0.300005
v -0.033866 -0.394978 0.300005
v -0.035388 -0.443804 0.300005
v -0.037552 -0.494418 0.300005
v -0.040348 -0.547168 0.300005
v -0.043765 -0.602401 0.300005
v -0.047794 -0.660464 0.300005
v 0.174556 -0.689070 0.300005
v 0.178214 -0.642015 0.300005
v 0.181923 -0.591533 0.300005
v 0.185611 -0.537773 0.300005
v 0.189209 -0.480885 0.300005
v 0.192646 -0.421017 0.300005
v 0.195853 -0.358319 0.300005
v 0.198759 -0.292938 0.300005
v 0.201294 -0.225025 0.300005
v 0.203387 -0.154728 0.300005
v 0.204970 -0.082196 0.300005
v 0.205972 -0.007579 0.300005
v 0.206321 0.068976 0.300005
v 0.205221 0.187045 0.300005
v 0.202096 0.313491 0.300005
v 0.197206 0.446360 0.300005
v 0.190813 0.583698 0.300005
v 0.183175 0.723552 0.300005
v 0.174556 0.863970 0.300005
v 0.165215 1.002997 0.300005
v 0.155412 1.138679 0.300005
v 0.145409 1.269065 0.300005
v 0.135466 1.392200 0.300005
v 0.125843 1.506131 0.300005
v 0.116802 1.608904 0.300005
v 0.114033 1.644559 0.300005
v 0.111483 1.679999 0.300005
v 0.109133 1.715207 0.300005
v 0.106963 1.750166 0.300005
v 0.104955 1.784861 0.300005
v 0.103086 1.819274 0.300005
v 0.101338 1.853389 0.300005
v 0.099690 1.887190 0.300005
v 0.098123 1.920659 0.300005
v 0.096616 1.953781 0.300005
v 0.095148 1.986539 0.300005
v 0.093701 2.018916 0.300005
v -0.160414 2.004613 0.300005
v -0.145336 1.911797 0.300005
v -0.130508 1.808767 0.300005
v -0.116061 1.697626 0.300005
v -0.102126 1.580475 0.300005
v -0.088832 1.459418 0.300005
v -0.076311 1.336556 0.300005
v -0.064692 1.213992 0.300005
v -0.054105 1.093829 0.300005
v -0.044682 0.978168 0.300005
v -0.036551 0.869112 0.300005
v -0.029845 0.768764 0.300005
v -0.024693 0.679226 0.300005
v 1.510001 2.134301 0.300005
v 1.472470 2.104093 0.300005
v 1.434076 2.071732 0.300005
v 1.395292 2.037633 0.300005
v 1.356587 2.002211 0.300005
v 1.318434 1.965877 0.300005
v 1.281304 1.929047 0.300005
v 1.245667 1.892134 0.300005
v 1.211997 1.855552 0.300005
v 1.180762 1.819715 0.300005
v 1.152434 1.785037 0.300005
v 1.127486 1.751932 0.300005
v 1.254544 1.527855 0.300005
v 1.279437 1.562249 0.300005
v 1.307618 1.598398 0.300005
v 1.338647 1.635871 0.300005
v 1.372083 1.674238 0.300005
v 1.407483 1.713068 0.300005
v 1.444408 1.751932 0.300005
v 1.482416 1.790398 0.300005
v 1.521066 1.828036 0.300005
v 1.559916 1.864417 0.300005
v 1.598525 1.899109 0.300005
v 1.636452 1.931682 0.300004
v 1.673256 1.961705 0.300004
v 1.546198 2.161943 0.300005
v 1.000721 -0.326030 0.300005
v 1.040536 -0.414470 0.300005
v 1.082277 -0.501421 0.300005
v 1.125883 -0.586831 0.300005
v 1.171293 -0.670653 0.300005
v 1.218449 -0.752836 0.300005
v 1.267288 -0.833330 0.300005
v 1.317752 -0.912086 0.300005
v 1.369780 -0.989055 0.300005
v 1.423312 -1.064186 0.300005
v 1.478288 -1.137429 0.300005
v 1.534648 -1.208736 0.300005
v 1.511850 -1.294826 0.300005
v 1.488219 -1.374211 0.300005
v 1.463765 -1.446743 0.300005
v 1.438499 -1.512272 0.300005
v 1.412432 -1.570650 0.300005
v 1.385572 -1.621728 0.300005
v 1.357931 -1.665356 0.300005
v 1.329517 -1.701386 0.300005
v 1.300341 -1.729669 0.300005
v 1.270413 -1.750055 0.300005
v 1.239743 -1.762396 0.300005
v 1.208342 -1.766543 0.300005
v 1.189854 -1.764049 0.300005
v 1.173289 -1.756125 0.300005
v 1.158530 -1.742109 0.300005
v 1.145455 -1.721339 0.300005
v 1.133945 -1.693153 0.300005
v 1.123878 -1.656889 0.300005
v 1.115134 -1.611884 0.300005
v 1.107594 -1.557476 0.300005
v 1.101137 -1.493003 0.300005
v 1.095642 -1.417803 0.300005
v 1.090990 -1.331214 0.300005
v 1.087059 -1.232574 0.300005
v 1.075717 -1.251619 0.300005
v 1.063451 -1.270516 0.300005
v 1.050423 -1.289114 0.300005
v 1.036793 -1.307266 0.300005
v 1.022722 -1.324822 0.300005
v 1.008370 -1.341632 0.300005
v 0.993899 -1.357549 0.300005
v 0.979467 -1.372423 0.300005
v 0.965236 -1.386105 0.300005
v 0.951365 -1.398446 0.300005
v 0.938017 -1.409297 0.300005
v 0.925350 -1.418509 0.300005
v 0.936061 -1.545284 0.300005
v 0.948224 -1.656778 0.300005
v 0.962214 -1.753805 0.300005
v 0.978398 -1.837174 0.300005
v 0.997149 -1.907697 0.300005
v 1.018839 -1.966185 0.300005
v 1.043837 -2.013450 0.300005
v 1.072514 -2.050302 0.300005
v 1.105243 -2.077553 0.300005
v 1.142393 -2.096014 0.300005
v 1.184336 -2.106495 0.300005
v 1.231442 -2.109809 0.300005
v 1.281738 -2.104489 0.300005
v 1.330131 -2.088708 0.300005
v 1.376637 -2.062729 0.300005
v 1.421280 -2.026818 0.300005
v 1.464077 -1.981238 0.300005
v 1.505049 -1.926257 0.300005
v 1.544217 -1.862137 0.300004
v 1.581599 -1.789145 0.300004
v 1.617218 -1.707544 0.300004
v 1.651090 -1.617600 0.300004
v 1.683239 -1.519578 0.300004
v 1.713684 -1.413742 0.300004
v 1.774974 -1.477108 0.300004
v 1.837518 -1.538471 0.300004
v 1.901246 -1.597815 0.300004
v 1.966086 -1.655123 0.300004
v 2.031970 -1.710378 0.300004
v 2.098825 -1.763563 0.300004
v 2.166584 -1.814663 0.300004
v 2.235175 -1.863660 0.300004
v 2.304527 -1.910539 0.300004
v 2.374572 -1.955282 0.300004
v 2.445238 -1.997873 0.300004
v 2.516456 -2.038295 0.300004
v 2.524141 -2.014998 0.300004
v 2.532699 -1.990575 0.300004
v 2.542038 -1.965291 0.300004
v 2.552070 -1.939412 0.300004
v 2.562704 -1.913201 0.300004
v 2.573848 -1.886924 0.300004
v 2.585413 -1.860846 0.300004
v 2.597311 -1.835231 0.300004
v 2.609447 -1.810345 0.300004
v 2.621736 -1.786452 0.300004
v 2.634083 -1.763817 0.300004
v 2.646401 -1.742705 0.300004
v 2.569470 -1.703182 0.300004
v 2.493221 -1.660928 0.300004
v 2.417734 -1.615992 0.300004
v 2.343089 -1.568423 0.300004
v 2.269366 -1.518273 0.300004
v 2.196646 -1.465589 0.300004
v 2.125009 -1.410423 0.300004
v 2.054535 -1.352823 0.300004
v 1.985305 -1.292839 0.300004
v 1.917398 -1.230521 0.300004
v 1.850895 -1.165919 0.300004
v 1.785876 -1.099082 0.300004
v 1.800073 -1.024100 0.300004
v 1.813789 -0.946982 0.300004
v 1.827024 -0.867779 0.300004
v 1.839778 -0.786540 0.300004
v 1.852051 -0.703314 0.300004
v 1.863842 -0.618152 0.300004
v 1.875153 -0.531102 0.300004
v 1.885982 -0.442215 0.300004
v 1.896329 -0.351540 0.300004
v 1.906196 -0.259127 0.300004
v 1.915580 -0.165025 0.300004
v 1.924483 -0.069284 0.300004
v 2.484691 -0.245685 0.300004
v 2.522231 0.078511 0.300004
v 1.950473 0.254911 0.300004
v 1.954079 0.305264 0.300004
v 1.957665 0.356179 0.300004
v 1.961211 0.407623 0.300004
v 1.964697 0.459564 0.300004
v 1.968103 0.511969 0.300004
v 1.971408 0.564804 0.300004
v 1.974593 0.618037 0.300004
v 1.977638 0.671633 0.300004
v 1.980523 0.725561 0.300004
v 1.983226 0.779787 0.300004
v 1.985729 0.834277 0.300004
v 1.988012 0.889000 0.300004
v 2.426938 0.779345 0.300004
v 2.461590 1.103541 0.300004
v 1.999563 1.217963 0.300004
v 2.002331 1.301691 0.300004
v 2.004869 1.385998 0.300004
v 2.007188 1.470868 0.300004
v 2.009295 1.556285 0.300004
v 2.011201 1.642231 0.300004
v 2.012918 1.728690 0.300004
v 2.014454 1.815646 0.300004
v 2.015819 1.903082 0.300004
v 2.017024 1.990981 0.300004
v 2.018079 2.079328 0.300004
v 2.018993 2.168105 0.300004
v 2.019776 2.257296 0.300004
v 1.806089 2.257296 0.300004
v 1.806026 2.171774 0.300004
v 1.805834 2.086833 0.300004
v 1.805502 2.002453 0.300004
v 1.805019 1.918620 0.300004
v 1.804376 1.835317 0.300004
v 1.803563 1.752528 0.300004
v 1.802568 1.670234 0.300004
v 1.801383 1.588421 0.300004
v 1.799998 1.507072 0.300004
v 1.798402 1.426169 0.300004
v 1.796586 1.345697 0.300004
v 1.794538 1.265638 0.300004
v 1.078396 1.442039 0.300005
v 1.043745 1.122611 0.300005
v 1.782988 0.941443 0.300004
v 1.780098 0.886818 0.300004
v 1.777199 0.832606 0.300004
v 1.774280 0.778824 0.300004
v 1.771330 0.725489 0.300004
v 1.768341 0.672619 0.300004
v 1.765301 0.620227 0.300004
v 1.762201 0.568333 0.300004
v 1.759031 0.516952 0.300004
v 1.755781 0.466100 0.300004
v 1.752440 0.415795 0.300004
v 1.749000 0.366053 0.300004
v 1.745449 0.316890 0.300004
v 1.000429 0.545734 0.300005
v 0.962890 0.231073 0.300005
v 1.719459 -0.007306 0.300004
v 1.711397 -0.089941 0.300004
v 1.703083 -0.170971 0.300004
v 1.694508 -0.250378 0.300004
v 1.685663 -0.328146 0.300004
v 1.676538 -0.404259 0.300004
v 1.667121 -0.478700 0.300004
v 1.657403 -0.551453 0.300004
v 1.647375 -0.622500 0.300004
v 1.637025 -0.691826 0.300004
v 1.626345 -0.759413 0.300004
v 1.615324 -0.825246 0.300004
v 1.603952 -0.889308 0.300004
v 1.558355 -0.829120 0.300004
v 1.513992 -0.767757 0.300005
v 1.470893 -0.705235 0.300005
v 1.429087 -0.641570 0.300005
v 1.388605 -0.576780 0.300005
v 1.349476 -0.510881 0.300005
v 1.311731 -0.443889 0.300005
v 1.275399 -0.375822 0.300005
v 1.240512 -0.306695 0.300005
v 1.207098 -0.236525 0.300005
v 1.175188 -0.165328 0.300005
v 1.144813 -0.093122 0.300005
v 0.962890 -0.236150 0.300005
v 3.155677 -0.004400 0.300004
v 3.132932 -0.026574 0.300004
v 3.109645 -0.049841 0.300004
v 3.085968 -0.074052 0.300004
v 3.062049 -0.099057 0.300004
v 3.038041 -0.124707 0.300004
v 3.014092 -0.150854 0.300004
v 2.990354 -0.177349 0.300004
v 2.966977 -0.204043 0.300004
v 2.944111 -0.230786 0.300004
v 2.921907 -0.257430 0.300004
v 2.900516 -0.283825 0.300004
v 2.884992 -0.208037 0.300004
v 2.870181 -0.130843 0.300004
v 2.856072 -0.052225 0.300004
v 2.842655 0.027834 0.300004
v 2.829920 0.109349 0.300004
v 2.817856 0.192337 0.300004
v 2.806455 0.276816 0.300004
v 2.795704 0.362800 0.300004
v 2.785596 0.450308 0.300004
v 2.776119 0.539355 0.300004
v 2.767264 0.629959 0.300004
v 2.759020 0.722134 0.300004
v 3.131529 0.722134 0.300004
v 3.153671 0.607541 0.300004
v 3.176796 0.495100 0.300004
v 3.200924 0.384977 0.300004
v 3.226074 0.277337 0.300004
v 3.252267 0.172345 0.300004
v 3.279523 0.070168 0.300004
v 3.307861 -0.029030 0.300004
v 3.337302 -0.125082 0.300003
v 3.367867 -0.217824 0.300003
v 3.399575 -0.307089 0.300003
v 3.432446 -0.392712 0.300003
v 3.466499 -0.474528 0.300003
v 3.474581 -0.455340 0.300003
v 3.484226 -0.433850 0.300003
v 3.495195 -0.410539 0.300003
v 3.507246 -0.385887 0.300003
v 3.520141 -0.360374 0.300003
v 3.533637 -0.334481 0.300003
v 3.547493 -0.308687 0.300003
v 3.561471 -0.283472 0.300003
v 3.575328 -0.259317 0.300003
v 3.588824 -0.236701 0.300003
v 3.601718 -0.216105 0.300003
v 3.613770 -0.198009 0.300003
v 3.563399 -0.078822 0.300003
v 3.516178 0.049486 0.300003
v 3.472004 0.186303 0.300003
v 3.430778 0.331016 0.300003
v 3.392400 0.483013 0.300003
v 3.356768 0.641681 0.300003
v 3.323784 0.806408 0.300004
v 3.293347 0.976582 0.300004
v 3.265356 1.151589 0.300004
v 3.239710 1.330818 0.300004
v 3.216311 1.513655 0.300004
v 3.195058 1.699488 0.300004
v 3.564680 1.699488 0.300003
v 3.564680 2.028451 0.300003
v 2.444264 2.028451 0.300004
v 2.444264 1.699488 0.300004
v 2.987146 1.699488 0.300004
v 2.993706 1.643571 0.300004
v 3.000395 1.587870 0.300004
v 3.007225 1.532400 0.300004
v 3.014205 1.477178 0.300004
v 3.021346 1.422221 0.300004
v 3.028657 1.367546 0.300004
v 3.036148 1.313168 0.300004
v 3.043830 1.259105 0.300004
v 3.051713 1.205373 0.300004
v 3.059805 1.151989 0.300004
v 3.068120 1.098969 0.300004
v 3.076664 1.046330 0.300004
v 2.698379 1.046330 0.300004
v 2.660840 1.060632 0.300004
v 2.536670 0.998654 0.300004
v 2.569231 0.612722 0.300004
v 2.610413 0.250894 0.300004
v 2.659937 -0.087163 0.300004
v 2.717524 -0.401779 0.300004
v 2.782891 -0.693285 0.300004
v 2.855758 -0.962014 0.300004
v 2.935843 -1.208295 0.300004
v 3.022868 -1.432459 0.300004
v 3.116550 -1.634838 0.300004
v 3.216609 -1.815764 0.300004
v 3.322764 -1.975566 0.300003
v 3.434734 -2.114576 0.300003
v 3.442818 -2.094488 0.300003
v 3.452475 -2.072661 0.300003
v 3.463476 -2.049544 0.300003
v 3.475590 -2.025581 0.300003
v 3.488586 -2.001222 0.300003
v 3.502234 -1.976912 0.300003
v 3.516303 -1.953099 0.300003
v 3.530562 -1.930230 0.300003
v 3.544782 -1.908751 0.300003
v 3.558731 -1.889109 0.300003
v 3.572178 -1.871753 0.300003
v 3.584894 -1.857127 0.300003
v 3.522335 -1.786297 0.300003
v 3.461752 -1.709641 0.300003
v 3.403195 -1.627091 0.300003
v 3.346713 -1.538582 0.300003
v 3.292357 -1.444047 0.300003
v 3.240177 -1.343420 0.300004
v 3.190223 -1.236635 0.300004
v 3.142545 -1.123626 0.300004
v 3.097193 -1.004326 0.300004
v 3.054217 -0.878669 0.300004
v 3.013668 -0.746590 0.300004
v 2.975595 -0.608021 0.300004
v 2.998058 -0.575478 0.300004
v 3.021986 -0.542356 0.300004
v 3.047155 -0.508870 0.300004
v 3.073349 -0.475235 0.300004
v 3.100343 -0.441666 0.300004
v 3.127920 -0.408378 0.300004
v 3.155858 -0.375587 0.300004
v 3.183936 -0.343508 0.300004
v 3.211933 -0.312356 0.300004
v 3.239630 -0.282346 0.300004
v 3.266806 -0.253694 0.300004
v 3.293239 -0.226614 0.300004
v 3.177732 0.016532 0.300004
v 5.829921 -1.127094 0.300002
v 5.816461 -1.213526 0.300002
v 5.793916 -1.291647 0.300002
v 5.762197 -1.361475 0.300002
v 5.721212 -1.423026 0.300002
v 5.670874 -1.476316 0.300002
v 5.611090 -1.521363 0.300002
v 5.541771 -1.558182 0.300002
v 5.462826 -1.586790 0.300002
v 5.374166 -1.607204 0.300002
v 5.275700 -1.619440 0.300002
v 5.167337 -1.623515 0.300002
v 5.101369 -1.622911 0.300002
v 5.037618 -1.621065 0.300003
v 4.975893 -1.617929 0.300003
v 4.916002 -1.613451 0.300003
v 4.857756 -1.607582 0.300003
v 4.800963 -1.600273 0.300003
v 4.745434 -1.591475 0.300003
v 4.690978 -1.581137 0.300003
v 4.637404 -1.569210 0.300003
v 4.584522 -1.555644 0.300003
v 4.532141 -1.540389 0.300003
v 4.480071 -1.523396 0.300003
v 4.488734 -1.904803 0.300003
v 4.539805 -1.917414 0.300003
v 4.591928 -1.929016 0.300003
v 4.645075 -1.939591 0.300003
v 4.699214 -1.949124 0.300003
v 4.754315 -1.957597 0.300003
v 4.810349 -1.964993 0.300003
v 4.867285 -1.971298 0.300003
v 4.925093 -1.976493 0.300003
v 4.983744 -1.980563 0.300003
v 5.043207 -1.983490 0.300003
v 5.103452 -1.985258 0.300002
v 5.164449 -1.985852 0.300002
v 5.300732 -1.980058 0.300002
v 5.426438 -1.962543 0.300002
v 5.541335 -1.933110 0.300002
v 5.645192 -1.891559 0.300002
v 5.737780 -1.837692 0.300002
v 5.818867 -1.771310 0.300002
v 5.888223 -1.692215 0.300002
v 5.945617 -1.600207 0.300002
v 5.990819 -1.495089 0.300002
v 6.023598 -1.376661 0.300002
v 6.043723 -1.244725 0.300002
v 6.050964 -1.099082 0.300002
v 6.050568 -1.032587 0.300002
v 6.048036 -0.968790 0.300002
v 6.043519 -0.907410 0.300002
v 6.037167 -0.848166 0.300002
v 6.029131 -0.790775 0.300002
v 6.019560 -0.734958 0.300002
v 6.008606 -0.680431 0.300002
v 5.996419 -0.626915 0.300002
v 5.983149 -0.574126 0.300002
v 5.968946 -0.521785 0.300002
v 5.953961 -0.469609 0.300002
v 5.938345 -0.417318 0.300002
v 5.713106 -0.493599 0.300002
v 5.730052 -0.535246 0.300002
v 5.746154 -0.576877 0.300002
v 5.761294 -0.618673 0.300002
v 5.775352 -0.660817 0.300002
v 5.788206 -0.703491 0.300002
v 5.799736 -0.746877 0.300002
v 5.809823 -0.791156 0.300002
v 5.818346 -0.836511 0.300002
v 5.825184 -0.883125 0.300002
v 5.830217 -0.931179 0.300002
v 5.833326 -0.980855 0.300002
v 5.834389 -1.032336 0.300002
v 4.979638 2.047522 0.300003
v 4.976455 2.001943 0.300003
v 4.972700 1.955835 0.300003
v 4.968403 1.909262 0.300003
v 4.963595 1.862293 0.300003
v 4.958306 1.814992 0.300003
v 4.952566 1.767426 0.300003
v 4.946405 1.719662 0.300003
v 4.939852 1.671766 0.300003
v 4.932939 1.623803 0.300003
v 4.925695 1.575840 0.300003
v 4.918150 1.527944 0.300003
v 4.910334 1.480179 0.300003
v 4.859147 1.491503 0.300003
v 4.808129 1.504018 0.300003
v 4.757332 1.517724 0.300003
v 4.706807 1.532623 0.300003
v 4.656602 1.548714 0.300003
v 4.606768 1.565996 0.300003
v 4.557355 1.584470 0.300003
v 4.508413 1.604137 0.300003
v 4.459993 1.624995 0.300003
v 4.412144 1.647045 0.300003
v 4.364917 1.670287 0.300003
v 4.318361 1.694721 0.300003
v 4.286597 1.351455 0.300003
v 4.328563 1.332497 0.300003
v 4.372051 1.313822 0.300003
v 4.416904 1.295510 0.300003
v 4.462960 1.277646 0.300003
v 4.510058 1.260311 0.300003
v 4.558039 1.243589 0.300003
v 4.606741 1.227561 0.300003
v 4.656006 1.212312 0.300003
v 4.705671 1.197924 0.300003
v 4.755577 1.184479 0.300003
v 4.805562 1.172061 0.300003
v 4.855468 1.160752 0.300003
v 4.791939 0.831789 0.300003
v 4.725523 0.545734 0.300003
v 4.666403 0.558417 0.300003
v 4.608947 0.572507 0.300003
v 4.553256 0.587823 0.300003
v 4.499429 0.604181 0.300003
v 4.447568 0.621400 0.300003
v 4.397773 0.639298 0.300003
v 4.350143 0.657692 0.300003
v 4.304779 0.676401 0.300003
v 4.261781 0.695242 0.300003
v 4.221250 0.714034 0.300003
v 4.183286 0.732594 0.300003
v 4.147989 0.750740 0.300003
v 4.113338 0.393171 0.300003
v 4.148879 0.377685 0.300003
v 4.186144 0.362248 0.300003
v 4.225054 0.346911 0.300003
v 4.265528 0.331722 0.300003
v 4.307486 0.316733 0.300003
v 4.350848 0.301991 0.300003
v 4.395533 0.287548 0.300003
v 4.441462 0.273452 0.300003
v 4.488554 0.259754 0.300003
v 4.536728 0.246502 0.300003
v 4.585906 0.233747 0.300003
v 4.636005 0.221538 0.300003
v 4.620723 0.170301 0.300003
v 4.605190 0.119146 0.300003
v 4.589396 0.068156 0.300003
v 4.573332 0.017415 0.300003
v 4.556987 -0.032995 0.300003
v 4.540351 -0.082991 0.300003
v 4.523414 -0.132490 0.300003
v 4.506167 -0.181411 0.300003
v 4.488599 -0.229669 0.300003
v 4.470699 -0.277182 0.300003
v 4.452459 -0.323867 0.300003
v 4.433868 -0.369642 0.300003
v 4.425866 -0.388425 0.300003
v 4.417733 -0.406679 0.300003
v 4.409459 -0.424469 0.300003
v 4.401035 -0.441862 0.300003
v 4.392450 -0.458924 0.300003
v 4.383696 -0.475720 0.300003
v 4.374760 -0.492319 0.300003
v 4.365634 -0.508784 0.300003
v 4.356308 -0.525184 0.300003
v 4.346771 -0.541584 0.300003
v 4.337013 -0.558049 0.300003
v 4.327024 -0.574648 0.300003
v 4.445419 -0.865470 0.300003
v 4.488028 -0.848174 0.300003
v 4.534576 -0.831987 0.300003
v 4.584434 -0.816826 0.300003
v 4.636968 -0.802609 0.300003
v 4.691548 -0.789252 0.300003
v 4.747541 -0.776674 0.300003
v 4.804317 -0.764791 0.300003
v 4.861243 -0.753520 0.300003
v 4.917688 -0.742779 0.300003
v 4.973020 -0.732486 0.300003
v 5.026608 -0.722556 0.300003
v 5.077818 -0.712908 0.300003
v 5.057605 -0.422085 0.300003
v 5.018696 -0.429325 0.300003
v 4.978795 -0.436697 0.300003
v 4.938353 -0.444135 0.300003
v 4.897820 -0.451573 0.300003
v 4.857648 -0.458946 0.300003
v 4.818289 -0.466185 0.300003
v 4.780193 -0.473226 0.300003
v 4.743811 -0.480002 0.300003
v 4.709595 -0.486448 0.300003
v 4.677997 -0.492495 0.300003
v 4.649466 -0.498079 0.300003
v 4.624454 -0.503134 0.300003
v 4.645872 -0.448017 0.300003
v 4.666808 -0.392354 0.300003
v 4.687262 -0.336194 0.300003
v 4.707235 -0.279587 0.300003
v 4.726727 -0.222583 0.300003
v 4.745737 -0.165232 0.300003
v 4.764266 -0.107582 0.300003
v 4.782314 -0.049684 0.300003
v 4.799881 0.008412 0.300003
v 4.816966 0.066658 0.300003
v 4.833570 0.125003 0.300003
v 4.849693 0.183398 0.300003
v 4.940207 0.171192 0.300003
v 5.035252 0.160840 0.300003
v 5.134309 0.152408 0.300002
v 5.236855 0.145963 0.300002
v 5.342368 0.141571 0.300002
v 5.450328 0.139297 0.300002
v 5.560214 0.139209 0.300002
v 5.671502 0.141372 0.300002
v 5.783674 0.145853 0.300002
v 5.896206 0.152717 0.300002
v 6.008577 0.162032 0.300002
v 6.120268 0.173863 0.300002
v 6.131819 0.531431 0.300002
v 6.023479 0.514027 0.300002
v 5.915310 0.499868 0.300002
v 5.807722 0.488821 0.300002
v 5.701128 0.480754 0.300002
v 5.595937 0.475534 0.300002
v 5.492560 0.473028 0.300002
v 5.391410 0.473106 0.300002
v 5.292896 0.475633 0.300002
v 5.197431 0.480478 0.300002
v 5.105425 0.487507 0.300003
v 5.017290 0.496590 0.300003
v 4.933435 0.507593 0.300003
v 4.991189 0.755507 0.300003
v 5.069156 1.127379 0.300003
v 5.140042 1.121024 0.300002
v 5.213927 1.116276 0.300002
v 5.290559 1.113150 0.300002
v 5.369687 1.111663 0.300002
v 5.451062 1.111832 0.300002
v 5.534431 1.113672 0.300002
v 5.619546 1.117201 0.300002
v 5.706154 1.122434 0.300002
v 5.794006 1.129390 0.300002
v 5.882851 1.138084 0.300002
v 5.972437 1.148532 0.300002
v 6.062514 1.160752 0.300002
v 6.076953 1.508785 0.300002
v 5.990704 1.493183 0.300002
v 5.905297 1.479716 0.300002
v 5.820852 1.468335 0.300002
v 5.737491 1.458990 0.300002
v 5.655333 1.451632 0.300002
v 5.574498 1.446211 0.300002
v 5.495107 1.442676 0.300002
v 5.417280 1.440980 0.300002
v 5.341138 1.441071 0.300002
v 5.266800 1.442900 0.300002
v 5.194388 1.446418 0.300002
v 5.124022 1.451574 0.300003
v 5.144235 1.570763 0.300002
v 5.150127 1.606609 0.300002
v 5.156240 1.642586 0.300002
v 5.162554 1.678630 0.300002
v 5.169047 1.714674 0.300002
v 5.175702 1.750651 0.300002
v 5.182497 1.786497 0.300002
v 5.189412 1.822143 0.300002
v 5.196427 1.857525 0.300002
v 5.203523 1.892575 0.300002
v 5.210678 1.927229 0.300002
v 5.217874 1.961419 0.300002
v 5.225090 1.995078 0.300002
v 8.582967 2.024887 0.300001
v 8.594506 1.959410 0.300001
v 8.606506 1.894065 0.300001
v 8.618958 1.828920 0.300001
v 8.631850 1.764038 0.300001
v 8.645174 1.699488 0.300001
v 8.658918 1.635336 0.300001
v 8.673075 1.571647 0.300001
v 8.687632 1.508487 0.300000
v 8.702579 1.445924 0.300000
v 8.717909 1.384022 0.300000
v 8.733608 1.322849 0.300000
v 8.144524 1.322849 0.300001
v 8.144524 2.247760 0.300001
v 7.919286 2.247760 0.300001
v 7.919286 1.322849 0.300001
v 6.879725 1.322849 0.300002
v 6.879725 0.974816 0.300002
v 7.919286 0.974816 0.300001
v 7.919286 -0.078819 0.300001
v 6.983681 -0.078819 0.300001
v 6.983681 -0.422085 0.300001
v 7.919286 -0.422085 0.300001
v 7.919286 -1.637818 0.300001
v 6.741117 -1.637818 0.300002
v 6.741117 -1.985852 0.300002
v 9.322693 -1.985852 0.300000
v 9.322693 -1.637818 0.300000
v 8.144524 -1.637818 0.300001
v 8.144524 -0.422085 0.300001
v 9.005050 -0.422085 0.300000
v 9.005050 -0.078819 0.300000
v 8.144524 -0.078819 0.300001
v 8.144524 0.974816 0.300001
v 8.828901 0.974816 0.300000
v 8.852183 0.900339 0.300000
v 8.875827 0.827154 0.300000
v 8.899830 0.755359 0.300000
v 8.924195 0.685053 0.300000
v 8.948920 0.616337 0.300000
v 8.974008 0.549310 0.300000
v 8.999454 0.484070 0.300000
v 9.025263 0.420717 0.300000
v 9.051433 0.359351 0.300000
v 9.077963 0.300071 0.300000
v 9.104855 0.242976 0.300000
v 9.132107 0.188165 0.300000
v 9.143965 0.204496 0.300000
v 9.157668 0.222267 0.300000
v 9.172895 0.241130 0.300000
v 9.189325 0.260738 0.300000
v 9.206638 0.280744 0.300000
v 9.224512 0.300799 0.300000
v 9.242627 0.320557 0.300000
v 9.260662 0.339668 0.300000
v 9.278296 0.357787 0.300000
v 9.295207 0.374564 0.300000
v 9.311076 0.389653 0.300000
v 9.325581 0.402706 0.300000
v 9.267423 0.513625 0.300000
v 9.211411 0.633713 0.300000
v 9.157645 0.762212 0.300000
v 9.106225 0.898358 0.300000
v 9.057252 1.041391 0.300000
v 9.010825 1.190549 0.300000
v 8.967046 1.345071 0.300000
v 8.926013 1.504194 0.300000
v 8.887828 1.667158 0.300000
v 8.852592 1.833201 0.300000
v 8.820402 2.001562 0.300000
v 8.791362 2.171479 0.300000
v 8.571899 2.090430 0.300001
v 8.582967 2.024887 0.300001
v 8.582967 2.024887 -0.299999
v 8.594506 1.959410 0.300001
v 8.594505 1.959410 -0.299999
v 8.606506 1.894065 0.300001
v 8.606505 1.894065 -0.299999
v 8.618958 1.828920 0.300001
v 8.618958 1.828920 -0.299999
v 8.631850 1.764038 0.300001
v 8.631849 1.764038 -0.300000
v 8.645174 1.699488 0.300001
v 8.645173 1.699488 -0.300000
v 8.658918 1.635336 0.300001
v 8.658918 1.635336 -0.300000
v 8.673075 1.571647 0.300001
v 8.673074 1.571647 -0.300000
v 8.687632 1.508487 0.300000
v 8.687632 1.508487 -0.300000
v 8.702579 1.445924 0.300000
v 8.702579 1.445924 -0.300000
v 8.717909 1.384022 0.300000
v 8.717908 1.384022 -0.300000
v 8.733608 1.322849 0.300000
v 8.733608 1.322849 -0.300000
v 8.144524 1.322849 0.300001
v 8.144524 1.322849 -0.299999
v 8.144524 2.247760 0.300001
v 8.144524 2.247760 -0.299999
v 7.919286 2.247760 0.300001
v 7.919286 2.247760 -0.299999
v 7.919286 1.322849 0.300001
v 7.919286 1.322849 -0.299999
v 6.879725 1.322849 0.300002
v 6.879725 1.322849 -0.299999
v 6.879725 0.974816 0.300002
v 6.879725 0.974816 -0.299999
v 7.919286 0.974816 0.300001
v 7.919286 0.974816 -0.299999
v 7.919286 -0.078819 0.300001
v 7.919286 -0.078819 -0.299999
v 6.983681 -0.078819 0.300001
v 6.983680 -0.078819 -0.299999
v 6.983681 -0.422085 0.300001
v 6.983680 -0.422085 -0.299999
v 7.919286 -0.422085 0.300001
v 7.919286 -0.422085 -0.299999
v 7.919286 -1.637818 0.300001
v 7.919286 -1.637818 -0.299999
v 6.741117 -1.637818 0.300002
v 6.741116 -1.637818 -0.299998
v 6.741117 -1.985852 0.300002
v 6.741116 -1.985852 -0.299998
v 9.322693 -1.985852 0.300000
v 9.322693 -1.985852 -0.300000
v 9.322693 -1.637818 0.300000
v 9.322693 -1.637818 -0.300000
v 8.144524 -1.637818 0.300001
v 8.144524 -1.637818 -0.299999
v 8.144524 -0.422085 0.300001
v 8.144524 -0.422085 -0.299999
v 9.005050 -0.422085 0.300000
v 9.005050 -0.422085 -0.300000
v 9.005050 -0.078819 0.300000
v 9.005050 -0.078819 -0.300000
v 8.144524 -0.078819 0.300001
v 8.144524 -0.078819 -0.299999
v 8.144524 0.974816 0.300001
v 8.144524 0.974816 -0.299999
v 8.828901 0.974816 0.300000
v 8.828901 0.974816 -0.300000
v 8.852183 0.900339 0.300000
v 8.852183 0.900339 -0.300000
v 8.875827 0.827154 0.300000
v 8.875826 0.827154 -0.300000
v 8.899830 0.755359 0.300000
v 8.899830 0.755359 -0.300000
v 8.924195 0.685053 0.300000
v 8.924194 0.685053 -0.300000
v 8.948920 0.616337 0.300000
v 8.948920 0.616337 -0.300000
v 8.974008 0.549310 0.300000
v 8.974007 0.549310 -0.300000
v 8.999454 0.484070 0.300000
v 8.999454 0.484070 -0.300000
v 9.025263 0.420717 0.300000
v 9.025263 0.420717 -0.300000
v 9.051433 0.359351 0.300000
v 9.051433 0.359351 -0.300000
v 9.077963 0.300071 0.300000
v 9.077963 0.300071 -0.300000
v 9.104855 0.242976 0.300000
v 9.104855 0.242976 -0.300000
v 9.132107 0.188165 0.300000
v 9.132107 0.188165 -0.300000
v 9.143965 0.204496 0.300000
v 9.143965 0.204496 -0.300000
v 9.157668 0.222267 0.300000
v 9.157668 0.222267 -0.300000
v 9.172895 0.241130 0.300000
v 9.172895 0.241130 -0.300000
v 9.189325 0.260738 0.300000
v 9.189325 0.260738 -0.300000
v 9.206638 0.280744 0.300000
v 9.206638 0.280744 -0.300000
v 9.224512 0.300799 0.300000
v 9.224512 0.300799 -0.300000
v 9.242627 0.320557 0.300000
v 9.242627 0.320557 -0.300000
v 9.260662 0.339668 0.300000
v 9.260661 0.339668 -0.300000
v 9.278296 0.357787 0.300000
v 9.278295 0.357787 -0.300000
v 9.295207 0.374564 0.300000
v 9.295207 0.374564 -0.300000
v 9.311076 0.389653 0.300000
v 9.311075 0.389653 -0.300000
v 9.325581 0.402706 0.300000
v 9.325581 0.402706 -0.300000
v 9.267423 0.513625 0.300000
v 9.267423 0.513625 -0.300000
v 9.211411 0.633713 0.300000
v 9.211411 0.633713 -0.300000
v 9.157645 0.762212 0.300000
v 9.157644 0.762212 -0.300000
v 9.106225 0.898358 0.300000
v 9.106225 0.898358 -0.300000
v 9.057252 1.041391 0.300000
v 9.057251 1.041391 -0.300000
v 9.010825 1.190549 0.300000
v 9.010824 1.190549 -0.300000
v 8.967046 1.345071 0.300000
v 8.967045 1.345071 -0.300000
v 8.926013 1.504194 0.300000
v 8.926013 1.504194 -0.300000
v 8.887828 1.667158 0.300000
v 8.887828 1.667158 -0.300000
v 8.852592 1.833201 0.300000
v 8.852591 1.833201 -0.300000
v 8.820402 2.001562 0.300000
v 8.820402 2.001562 -0.300000
v 8.791362 2.171479 0.300000
v 8.791362 2.171479 -0.300000
v 8.571899 2.090430 0.300001
v 8.571898 2.090430 -0.299999
v 5.829921 -1.127094 0.300002
v 5.829921 -1.127094 -0.299998
v 5.816461 -1.213526 0.300002
v 5.816460 -1.213526 -0.299998
v 5.793916 -1.291647 0.300002
v 5.793915 -1.291647 -0.299998
v 5.762197 -1.361475 0.300002
v 5.762196 -1.361475 -0.299998
v 5.721212 -1.423026 0.300002
v 5.721212 -1.423026 -0.299998
v 5.670874 -1.476316 0.300002
v 5.670874 -1.476316 -0.299998
v 5.611090 -1.521363 0.300002
v 5.611090 -1.521363 -0.299998
v 5.541771 -1.558182 0.300002
v 5.541771 -1.558182 -0.299998
v 5.462826 -1.586790 0.300002
v 5.462826 -1.586790 -0.299998
v 5.374166 -1.607204 0.300002
v 5.374166 -1.607204 -0.299998
v 5.275700 -1.619440 0.300002
v 5.275700 -1.619440 -0.299998
v 5.167337 -1.623515 0.300002
v 5.167337 -1.623515 -0.299998
v 5.101369 -1.622911 0.300002
v 5.101369 -1.622911 -0.299998
v 5.037618 -1.621065 0.300003
v 5.037618 -1.621065 -0.299998
v 4.975893 -1.617929 0.300003
v 4.975893 -1.617929 -0.299997
v 4.916002 -1.613451 0.300003
v 4.916002 -1.613451 -0.299997
v 4.857756 -1.607582 0.300003
v 4.857756 -1.607582 -0.299997
v 4.800963 -1.600273 0.300003
v 4.800963 -1.600273 -0.299997
v 4.745434 -1.591475 0.300003
v 4.745434 -1.591475 -0.299997
v 4.690978 -1.581137 0.300003
v 4.690978 -1.581137 -0.299997
v 4.637404 -1.569210 0.300003
v 4.637404 -1.569210 -0.299997
v 4.584522 -1.555644 0.300003
v 4.584522 -1.555644 -0.299997
v 4.532141 -1.540389 0.300003
v 4.532141 -1.540389 -0.299997
v 4.480071 -1.523396 0.300003
v 4.480071 -1.523396 -0.299997
v 4.488734 -1.904803 0.300003
v 4.488734 -1.904803 -0.299997
v 4.539805 -1.917414 0.300003
v 4.539805 -1.917414 -0.299997
v 4.591928 -1.929016 0.300003
v 4.591928 -1.929016 -0.299997
v 4.645075 -1.939591 0.300003
v 4.645075 -1.939591 -0.299997
v 4.699214 -1.949124 0.300003
v 4.699214 -1.949124 -0.299997
v 4.754315 -1.957597 0.300003
v 4.754315 -1.957597 -0.299997
v 4.810349 -1.964993 0.300003
v 4.810349 -1.964993 -0.299997
v 4.867285 -1.971298 0.300003
v 4.867285 -1.971298 -0.299997
v 4.925093 -1.976493 0.300003
v 4.925093 -1.976493 -0.299997
v 4.983744 -1.980563 0.300003
v 4.983744 -1.980563 -0.299997
v 5.043207 -1.983490 0.300003
v 5.043207 -1.983490 -0.299998
v 5.103452 -1.985258 0.300002
v 5.103452 -1.985258 -0.299998
v 5.164449 -1.985852 0.300002
v 5.164449 -1.985852 -0.299998
v 5.300732 -1.980058 0.300002
v 5.300732 -1.980058 -0.299998
v 5.426438 -1.962543 0.300002
v 5.426438 -1.962543 -0.299998
v 5.541335 -1.933110 0.300002
v 5.541334 -1.933110 -0.299998
v 5.645192 -1.891559 0.300002
v 5.645192 -1.891559 -0.299998
v 5.737780 -1.837692 0.300002
v 5.737780 -1.837692 -0.299998
v 5.818867 -1.771310 0.300002
v 5.818867 -1.771310 -0.299998
v 5.888223 -1.692215 0.300002
v 5.888223 -1.692215 -0.299998
v 5.945617 -1.600207 0.300002
v 5.945617 -1.600207 -0.299998
v 5.990819 -1.495089 0.300002
v 5.990819 -1.495089 -0.299998
v 6.023598 -1.376661 0.300002
v 6.023597 -1.376661 -0.299998
v 6.043723 -1.244725 0.300002
v 6.043722 -1.244725 -0.299998
v 6.050964 -1.099082 0.300002
v 6.050963 -1.099082 -0.299998
v 6.050568 -1.032587 0.300002
v 6.050567 -1.032587 -0.299998
v 6.048036 -0.968790 0.300002
v 6.048036 -0.968790 -0.299998
v 6.043519 -0.907410 0.300002
v 6.043518 -0.907410 -0.299998
v 6.037167 -0.848166 0.300002
v 6.037167 -0.848166 -0.299998
v 6.029131 -0.790775 0.300002
v 6.029130 -0.790775 -0.299998
v 6.019560 -0.734958 0.300002
v 6.019560 -0.734958 -0.299998
v 6.008606 -0.680431 0.300002
v 6.008606 -0.680431 -0.299998
v 5.996419 -0.626915 0.300002
v 5.996418 -0.626915 -0.299998
v 5.983149 -0.574126 0.300002
v 5.983148 -0.574126 -0.299998
v 5.968946 -0.521785 0.300002
v 5.968945 -0.521785 -0.299998
v 5.953961 -0.469609 0.300002
v 5.953960 -0.469609 -0.299998
v 5.938345 -0.417318 0.300002
v 5.938344 -0.417318 -0.299998
v 5.713106 -0.493599 0.300002
v 5.713106 -0.493599 -0.299998
v 5.730052 -0.535246 0.300002
v 5.730051 -0.535246 -0.299998
v 5.746154 -0.576877 0.300002
v 5.746154 -0.576877 -0.299998
v 5.761294 -0.618673 0.300002
v 5.761294 -0.618673 -0.299998
v 5.775352 -0.660817 0.300002
v 5.775352 -0.660817 -0.299998
v 5.788206 -0.703491 0.300002
v 5.788205 -0.703491 -0.299998
v 5.799736 -0.746877 0.300002
v 5.799736 -0.746877 -0.299998
v 5.809823 -0.791156 0.300002
v 5.809823 -0.791156 -0.299998
v 5.818346 -0.836511 0.300002
v 5.818346 -0.836511 -0.299998
v 5.825184 -0.883125 0.300002
v 5.825184 -0.883125 -0.299998
v 5.830217 -0.931179 0.300002
v 5.830217 -0.931179 -0.299998
v 5.833326 -0.980855 0.300002
v 5.833325 -0.980855 -0.299998
v 5.834389 -1.032336 0.300002
v 5.834388 -1.032336 -0.299998
v 4.979638 2.047522 0.300003
v 4.979638 2.047522 -0.299997
v 4.976455 2.001943 0.300003
v 4.976455 2.001943 -0.299997
v 4.972700 1.955835 0.300003
v 4.972700 1.955835 -0.299997
v 4.968403 1.909262 0.300003
v 4.968403 1.909262 -0.299997
v 4.963595 1.862293 0.300003
v 4.963595 1.862293 -0.299997
v 4.958306 1.814992 0.300003
v 4.958306 1.814992 -0.299997
v 4.952566 1.767426 0.300003
v 4.952566 1.767426 -0.299997
v 4.946405 1.719662 0.300003
v 4.946405 1.719662 -0.299997
v 4.939852 1.671766 0.300003
v 4.939852 1.671766 -0.299997
v 4.932939 1.623803 0.300003
v 4.932939 1.623803 -0.299997
v 4.925695 1.575840 0.300003
v 4.925695 1.575840 -0.299997
v 4.918150 1.527944 0.300003
v 4.918150 1.527944 -0.299997
v 4.910334 1.480179 0.300003
v 4.910334 1.480179 -0.299997
v 4.859147 1.491503 0.300003
v 4.859147 1.491503 -0.299997
v 4.808129 1.504018 0.300003
v 4.808129 1.504018 -0.299997
v 4.757332 1.517724 0.300003
v 4.757332 1.517724 -0.299997
v 4.706807 1.532623 0.300003
v 4.706807 1.532623 -0.299997
v 4.656602 1.548714 0.300003
v 4.656602 1.548714 -0.299997
v 4.606768 1.565996 0.300003
v 4.606768 1.565996 -0.299997
v 4.557355 1.584470 0.300003
v 4.557355 1.584470 -0.299997
v 4.508413 1.604137 0.300003
v 4.508413 1.604137 -0.299997
v 4.459993 1.624995 0.300003
v 4.459993 1.624995 -0.299997
v 4.412144 1.647045 0.300003
v 4.412144 1.647045 -0.299997
v 4.364917 1.670287 0.300003
v 4.364917 1.670287 -0.299997
v 4.318361 1.694721 0.300003
v 4.318361 1.694721 -0.299997
v 4.286597 1.351455 0.300003
v 4.286597 1.351455 -0.299997
v 4.328563 1.332497 0.300003
v 4.328563 1.332497 -0.299997
v 4.372051 1.313822 0.300003
v 4.372051 1.313822 -0.299997
v 4.416904 1.295510 0.300003
v 4.416904 1.295510 -0.299997
v 4.462960 1.277646 0.300003
v 4.462960 1.277646 -0.299997
v 4.510058 1.260311 0.300003
v 4.510058 1.260311 -0.299997
v 4.558039 1.243589 0.300003
v 4.558039 1.243589 -0.299997
v 4.606741 1.227561 0.300003
v 4.606741 1.227561 -0.299997
v 4.656006 1.212312 0.300003
v 4.656006 1.212312 -0.299997
v 4.705671 1.197924 0.300003
v 4.705671 1.197924 -0.299997
v 4.755577 1.184479 0.300003
v 4.755577 1.184479 -0.299997
v 4.805562 1.172061 0.300003
v 4.805562 1.172061 -0.299997
v 4.855468 1.160752 0.300003
v 4.855468 1.160752 -0.299997
v 4.791939 0.831789 0.300003
v 4.791939 0.831789 -0.299997
v 4.725523 0.545734 0.300003
v 4.725523 0.545734 -0.299997
v 4.666403 0.558417 0.300003
v 4.666403 0.558417 -0.299997
v 4.608947 0.572507 0.300003
v 4.608947 0.572507 -0.299997
v 4.553256 0.587823 0.300003
v 4.553256 0.587823 -0.299997
v 4.499429 0.604181 0.300003
v 4.499429 0.604181 -0.299997
v 4.447568 0.621400 0.300003
v 4.447568 0.621400 -0.299997
v 4.397773 0.639298 0.300003
v 4.397773 0.639298 -0.299997
v 4.350143 0.657692 0.300003
v 4.350143 0.657692 -0.299997
v 4.304779 0.676401 0.300003
v 4.304779 0.676401 -0.299997
v 4.261781 0.695242 0.300003
v 4.261781 0.695242 -0.299997
v 4.221250 0.714034 0.300003
v 4.221250 0.714034 -0.299997
v 4.183286 0.732594 0.300003
v 4.183286 0.732594 -0.299997
v 4.147989 0.750740 0.300003
v 4.147989 0.750740 -0.299997
v 4.113338 0.393171 0.300003
v 4.113338 0.393171 -0.299997
v 4.148879 0.377685 0.300003
v 4.148879 0.377685 -0.299997
v 4.186144 0.362248 0.300003
v 4.186144 0.362248 -0.299997
v 4.225054 0.346911 0.300003
v 4.225054 0.346911 -0.299997
v 4.265528 0.331722 0.300003
v 4.265528 0.331722 -0.299997
v 4.307486 0.316733 0.300003
v 4.307486 0.316733 -0.299997
v 4.350848 0.301991 0.300003
v 4.350848 0.301991 -0.299997
v 4.395533 0.287548 0.300003
v 4.395533 0.287548 -0.299997
v 4.441462 0.273452 0.300003
v 4.441462 0.273452 -0.299997
v 4.488554 0.259754 0.300003
v 4.488554 0.259754 -0.299997
v 4.536728 0.246502 0.300003
v 4.536728 0.246502 -0.299997
v 4.585906 0.233747 0.300003
v 4.585906 0.233747 -0.299997
v 4.636005 0.221538 0.300003
v 4.636005 0.221538 -0.299997
v 4.620723 0.170301 0.300003
v 4.620723 0.170301 -0.299997
v 4.605190 0.119146 0.300003
v 4.605190 0.119146 -0.299997
v 4.589396 0.068156 0.300003
v 4.589396 0.068156 -0.299997
v 4.573332 0.017415 0.300003
v 4.573332 0.017415 -0.299997
v 4.556987 -0.032995 0.300003
v 4.556987 -0.032995 -0.299997
v 4.540351 -0.082991 0.300003
v 4.540351 -0.082991 -0.299997
v 4.523414 -0.132490 0.300003
v 4.523414 -0.132490 -0.299997
v 4.506167 -0.181411 0.300003
v 4.506167 -0.181411 -0.299997
v 4.488599 -0.229669 0.300003
v 4.488599 -0.229669 -0.299997
v 4.470699 -0.277182 0.300003
v 4.470699 -0.277182 -0.299997
v 4.452459 -0.323867 0.300003
v 4.452459 -0.323867 -0.299997
v 4.433868 -0.369642 0.300003
v 4.433868 -0.369642 -0.299997
v 4.425866 -0.388425 0.300003
v 4.425866 -0.388425 -0.299997
v 4.417733 -0.406679 0.300003
v 4.417733 -0.406679 -0.299997
v 4.409459 -0.424469 0.300003
v 4.409459 -0.424469 -0.299997
v 4.401035 -0.441862 0.300003
v 4.401035 -0.441862 -0.299997
v 4.392450 -0.458924 0.300003
v 4.392450 -0.458924 -0.299997
v 4.383696 -0.475720 0.300003
v 4.383696 -0.475720 -0.299997
v 4.374760 -0.492319 0.300003
v 4.374760 -0.492319 -0.299997
v 4.365634 -0.508784 0.300003
v 4.365634 -0.508784 -0.299997
v 4.356308 -0.525184 0.300003
v 4.356308 -0.525184 -0.299997
v 4.346771 -0.541584 0.300003
v 4.346771 -0.541584 -0.299997
v 4.337013 -0.558049 0.300003
v 4.337013 -0.558049 -0.299997
v 4.327024 -0.574648 0.300003
v 4.327024 -0.574648 -0.299997
v 4.445419 -0.865470 0.300003
v 4.445419 -0.865470 -0.299997
v 4.488028 -0.848174 0.300003
v 4.488028 -0.848174 -0.299997
v 4.534576 -0.831987 0.300003
v 4.534576 -0.831987 -0.299997
v 4.584434 -0.816826 0.300003
v 4.584434 -0.816826 -0.299997
v 4.636968 -0.802609 0.300003
v 4.636968 -0.802609 -0.299997
v 4.691548 -0.789252 0.300003
v 4.691548 -0.789252 -0.299997
v 4.747541 -0.776674 0.300003
v 4.747541 -0.776674 -0.299997
v 4.804317 -0.764791 0.300003
v 4.804317 -0.764791 -0.299997
v 4.861243 -0.753520 0.300003
v 4.861243 -0.753520 -0.299997
v 4.917688 -0.742779 0.300003
v 4.917688 -0.742779 -0.299997
v 4.973020 -0.732486 0.300003
v 4.973020 -0.732486 -0.299997
v 5.026608 -0.722556 0.300003
v 5.026608 -0.722556 -0.299997
v 5.077818 -0.712908 0.300003
v 5.077818 -0.712908 -0.299998
v 5.057605 -0.422085 0.300003
v 5.057605 -0.422085 -0.299998
v 5.018696 -0.429325 0.300003
v 5.018696 -0.429325 -0.299997
v 4.978795 -0.436697 0.300003
v 4.978795 -0.436697 -0.299997
v 4.938353 -0.444135 0.300003
v 4.938353 -0.444135 -0.299997
v 4.897820 -0.451573 0.300003
v 4.897820 -0.451573 -0.299997
v 4.857648 -0.458946 0.300003
v 4.857648 -0.458946 -0.299997
v 4.818289 -0.466185 0.300003
v 4.818289 -0.466185 -0.299997
v 4.780193 -0.473226 0.300003
v 4.780193 -0.473226 -0.299997
v 4.743811 -0.480002 0.300003
v 4.743811 -0.480002 -0.299997
v 4.709595 -0.486448 0.300003
v 4.709595 -0.486448 -0.299997
v 4.677997 -0.492495 0.300003
v 4.677997 -0.492495 -0.299997
v 4.649466 -0.498079 0.300003
v 4.649466 -0.498079 -0.299997
v 4.624454 -0.503134 0.300003
v 4.624454 -0.503134 -0.299997
v 4.645872 -0.448017 0.300003
v 4.645872 -0.448017 -0.299997
v 4.666808 -0.392354 0.300003
v 4.666808 -0.392354 -0.299997
v 4.687262 -0.336194 0.300003
v 4.687262 -0.336194 -0.299997
v 4.707235 -0.279587 0.300003
v 4.707235 -0.279587 -0.299997
v 4.726727 -0.222583 0.300003
v 4.726727 -0.222583 -0.299997
v 4.745737 -0.165232 0.300003
v 4.745737 -0.165232 -0.299997
v 4.764266 -0.107582 0.300003
v 4.764266 -0.107582 -0.299997
v 4.782314 -0.049684 0.300003
v 4.782314 -0.049684 -0.299997
v 4.799881 0.008412 0.300003
v 4.799881 0.008412 -0.299997
v 4.816966 0.066658 0.300003
v 4.816966 0.066658 -0.299997
v 4.833570 0.125003 0.300003
v 4.833570 0.125003 -0.299997
v 4.849693 0.183398 0.300003
v 4.849693 0.183398 -0.299997
v 4.940207 0.171192 0.300003
v 4.940207 0.171192 -0.299997
v 5.035252 0.160840 0.300003
v 5.035252 0.160840 -0.299997
v 5.134309 0.152408 0.300002
v 5.134309 0.152408 -0.299998
v 5.236855 0.145963 0.300002
v 5.236855 0.145963 -0.299998
v 5.342368 0.141571 0.300002
v 5.342368 0.141571 -0.299998
v 5.450328 0.139297 0.300002
v 5.450328 0.139297 -0.299998
v 5.560214 0.139209 0.300002
v 5.560213 0.139209 -0.299998
v 5.671502 0.141372 0.300002
v 5.671502 0.141372 -0.299998
v 5.783674 0.145853 0.300002
v 5.783673 0.145853 -0.299998
v 5.896206 0.152717 0.300002
v 5.896205 0.152717 -0.299998
v 6.008577 0.162032 0.300002
v 6.008577 0.162032 -0.299998
v 6.120268 0.173863 0.300002
v 6.120267 0.173863 -0.299998
v 6.131819 0.531431 0.300002
v 6.131818 0.531431 -0.299998
v 6.023479 0.514027 0.300002
v 6.023478 0.514027 -0.299998
v 5.915310 0.499868 0.300002
v 5.915309 0.499868 -0.299998
v 5.807722 0.488821 0.300002
v 5.807722 0.488821 -0.299998
v 5.701128 0.480754 0.300002
v 5.701127 0.480754 -0.299998
v 5.595937 0.475534 0.300002
v 5.595936 0.475534 -0.299998
v 5.492560 0.473028 0.300002
v 5.492560 0.473028 -0.299998
v 5.391410 0.473106 0.300002
v 5.391410 0.473106 -0.299998
v 5.292896 0.475633 0.300002
v 5.292896 0.475633 -0.299998
v 5.197431 0.480478 0.300002
v 5.197431 0.480478 -0.299998
v 5.105425 0.487507 0.300003
v 5.105425 0.487507 -0.299998
v 5.017290 0.496590 0.300003
v 5.017290 0.496590 -0.299997
v 4.933435 0.507593 0.300003
v 4.933435 0.507593 -0.299997
v 4.991189 0.755507 0.300003
v 4.991189 0.755507 -0.299997
v 5.069156 1.127379 0.300003
v 5.069156 1.127379 -0.299997
v 5.140042 1.121024 0.300002
v 5.140042 1.121024 -0.299998
v 5.213927 1.116276 0.300002
v 5.213927 1.116276 -0.299998
v 5.290559 1.113150 0.300002
v 5.290559 1.113150 -0.299998
v 5.369687 1.111663 0.300002
v 5.369687 1.111663 -0.299998
v 5.451062 1.111832 0.300002
v 5.451062 1.111832 -0.299998
v 5.534431 1.113672 0.300002
v 5.534431 1.113672 -0.299998
v 5.619546 1.117201 0.300002
v 5.619545 1.117201 -0.299998
v 5.706154 1.122434 0.300002
v 5.706154 1.122434 -0.299998
v 5.794006 1.129390 0.300002
v 5.794005 1.129390 -0.299998
v 5.882851 1.138084 0.300002
v 5.882850 1.138084 -0.299998
v 5.972437 1.148532 0.300002
v 5.972436 1.148532 -0.299998
v 6.062514 1.160752 0.300002
v 6.062514 1.160752 -0.299998
v 6.076953 1.508785 0.300002
v 6.076952 1.508785 -0.299998
v 5.990704 1.493183 0.300002
v 5.990704 1.493183 -0.299998
v 5.905297 1.479716 0.300002
v 5.905296 1.479716 -0.299998
v 5.820852 1.468335 0.300002
v 5.820852 1.468335 -0.299998
v 5.737491 1.458990 0.300002
v 5.737491 1.458990 -0.299998
v 5.655333 1.451632 0.300002
v 5.655332 1.451632 -0.299998
v 5.574498 1.446211 0.300002
v 5.574497 1.446211 -0.299998
v 5.495107 1.442676 0.300002
v 5.495107 1.442676 -0.299998
v 5.417280 1.440980 0.300002
v 5.417280 1.440980 -0.299998
v 5.341138 1.441071 0.300002
v 5.341138 1.441071 -0.299998
v 5.266800 1.442900 0.300002
v 5.266800 1.442900 -0.299998
v 5.194388 1.446418 0.300002
v 5.194388 1.446418 -0.299998
v 5.124022 1.451574 0.300003
v 5.124022 1.451574 -0.299998
v 5.144235 1.570763 0.300002
v 5.144235 1.570763 -0.299998
v 5.150127 1.606609 0.300002
v 5.150127 1.606609 -0.299998
v 5.156240 1.642586 0.300002
v 5.156240 1.642586 -0.299998
v 5.162554 1.678630 0.300002
v 5.162554 1.678630 -0.299998
v 5.169047 1.714674 0.300002
v 5.169047 1.714674 -0.299998
v 5.175702 1.750651 0.300002
v 5.175702 1.750651 -0.299998
v 5.182497 1.786497 0.300002
v 5.182497 1.786497 -0.299998
v 5.189412 1.822143 0.300002
v 5.189412 1.822143 -0.299998
v 5.196427 1.857525 0.300002
v 5.196427 1.857525 -0.299998
v 5.203523 1.892575 0.300002
v 5.203523 1.892575 -0.299998
v 5.210678 1.927229 0.300002
v 5.210678 1.927229 -0.299998
v 5.217874 1.961419 0.300002
v 5.217874 1.961419 -0.299998
v 5.225090 1.995078 0.300002
v 5.225090 1.995078 -0.299998
v 1.510001 2.134301 0.300005
v 1.510001 2.134301 -0.299995
v 1.472470 2.104093 0.300005
v 1.472470 2.104093 -0.299995
v 1.434076 2.071732 0.300005
v 1.434076 2.071732 -0.299995
v 1.395292 2.037633 0.300005
v 1.395292 2.037633 -0.299995
v 1.356587 2.002211 0.300005
v 1.356587 2.002211 -0.299995
v 1.318434 1.965877 0.300005
v 1.318434 1.965877 -0.299995
v 1.281304 1.929047 0.300005
v 1.281304 1.929047 -0.299995
v 1.245667 1.892134 0.300005
v 1.245667 1.892134 -0.299995
v 1.211997 1.855552 0.300005
v 1.211997 1.855552 -0.299995
v 1.180762 1.819715 0.300005
v 1.180762 1.819715 -0.299995
v 1.152434 1.785037 0.300005
v 1.152434 1.785037 -0.299995
v 1.127486 1.751932 0.300005
v 1.127486 1.751932 -0.299995
v 1.254544 1.527855 0.300005
v 1.254544 1.527855 -0.299995
v 1.279437 1.562249 0.300005
v 1.279437 1.562249 -0.299995
v 1.307618 1.598398 0.300005
v 1.307618 1.598398 -0.299995
v 1.338647 1.635871 0.300005
v 1.338647 1.635871 -0.299995
v 1.372083 1.674238 0.300005
v 1.372083 1.674238 -0.299995
v 1.407483 1.713068 0.300005
v 1.407483 1.713068 -0.299995
v 1.444408 1.751932 0.300005
v 1.444408 1.751932 -0.299995
v 1.482416 1.790398 0.300005
v 1.482416 1.790398 -0.299995
v 1.521066 1.828036 0.300005
v 1.521066 1.828036 -0.299995
v 1.559916 1.864417 0.300005
v 1.559916 1.864417 -0.299996
v 1.598525 1.899109 0.300005
v 1.598525 1.899109 -0.299996
v 1.636452 1.931682 0.300004
v 1.636452 1.931682 -0.299996
v 1.673256 1.961705 0.300004
v 1.673256 1.961705 -0.299996
v 1.546198 2.161943 0.300005
v 1.546198 2.161943 -0.299995
v 1.000721 -0.326030 0.300005
v 1.000721 -0.326030 -0.299995
v 1.040536 -0.414470 0.300005
v 1.040536 -0.414470 -0.299995
v 1.082277 -0.501421 0.300005
v 1.082277 -0.501421 -0.299995
v 1.125883 -0.586831 0.300005
v 1.125883 -0.586831 -0.299995
v 1.171293 -0.670653 0.300005
v 1.171293 -0.670653 -0.299995
v 1.218449 -0.752836 0.300005
v 1.218449 -0.752836 -0.299995
v 1.267288 -0.833330 0.300005
v 1.267288 -0.833330 -0.299995
v 1.317752 -0.912086 0.300005
v 1.317752 -0.912086 -0.299995
v 1.369780 -0.989055 0.300005
v 1.369780 -0.989055 -0.299995
v 1.423312 -1.064186 0.300005
v 1.423312 -1.064186 -0.299995
v 1.478288 -1.137429 0.300005
v 1.478288 -1.137429 -0.299995
v 1.534648 -1.208736 0.300005
v 1.534648 -1.208736 -0.299996
v 1.511850 -1.294826 0.300005
v 1.511850 -1.294826 -0.299996
v 1.488219 -1.374211 0.300005
v 1.488219 -1.374211 -0.299996
v 1.463765 -1.446743 0.300005
v 1.463765 -1.446743 -0.299995
v 1.438499 -1.512272 0.300005
v 1.438499 -1.512272 -0.299995
v 1.412432 -1.570650 0.300005
v 1.412432 -1.570650 -0.299995
v 1.385572 -1.621728 0.300005
v 1.385572 -1.621728 -0.299995
v 1.357931 -1.665356 0.300005
v 1.357931 -1.665356 -0.299995
v 1.329517 -1.701386 0.300005
v 1.329517 -1.701386 -0.299995
v 1.300341 -1.729669 0.300005
v 1.300341 -1.729669 -0.299995
v 1.270413 -1.750055 0.300005
v 1.270413 -1.750055 -0.299995
v 1.239743 -1.762396 0.300005
v 1.239743 -1.762396 -0.299995
v 1.208342 -1.766543 0.300005
v 1.208342 -1.766543 -0.299995
v 1.189854 -1.764049 0.300005
v 1.189854 -1.764049 -0.299995
v 1.173289 -1.756125 0.300005
v 1.173289 -1.756125 -0.299995
v 1.158530 -1.742109 0.300005
v 1.158530 -1.742109 -0.299995
v 1.145455 -1.721339 0.300005
v 1.145455 -1.721339 -0.299995
v 1.133945 -1.693153 0.300005
v 1.133945 -1.693153 -0.299995
v 1.123878 -1.656889 0.300005
v 1.123878 -1.656889 -0.299995
v 1.115134 -1.611884 0.300005
v 1.115134 -1.611884 -0.299995
v 1.107594 -1.557476 0.300005
v 1.107594 -1.557476 -0.299995
v 1.101137 -1.493003 0.300005
v 1.101137 -1.493003 -0.299995
v 1.095642 -1.417803 0.300005
v 1.095642 -1.417803 -0.299995
v 1.090990 -1.331214 0.300005
v 1.090990 -1.331214 -0.299995
v 1.087059 -1.232574 0.300005
v 1.087059 -1.232574 -0.299995
v 1.075717 -1.251619 0.300005
v 1.075717 -1.251619 -0.299995
v 1.063451 -1.270516 0.300005
v 1.063451 -1.270516 -0.299995
v 1.050423 -1.289114 0.300005
v 1.050423 -1.289114 -0.299995
v 1.036793 -1.307266 0.300005
v 1.036793 -1.307266 -0.299995
v 1.022722 -1.324822 0.300005
v 1.022722 -1.324822 -0.299995
v 1.008370 -1.341632 0.300005
v 1.008370 -1.341632 -0.299995
v 0.993899 -1.357549 0.300005
v 0.993899 -1.357549 -0.299995
v 0.979467 -1.372423 0.300005
v 0.979467 -1.372423 -0.299995
v 0.965236 -1.386105 0.300005
v 0.965236 -1.386105 -0.299995
v 0.951365 -1.398446 0.300005
v 0.951365 -1.398446 -0.299995
v 0.938017 -1.409297 0.300005
v 0.938017 -1.409297 -0.299995
v 0.925350 -1.418509 0.300005
v 0.925350 -1.418509 -0.299995
v 0.936061 -1.545284 0.300005
v 0.936061 -1.545284 -0.299995
v 0.948224 -1.656778 0.300005
v 0.948224 -1.656778 -0.299995
v 0.962214 -1.753805 0.300005
v 0.962214 -1.753805 -0.299995
v 0.978398 -1.837174 0.300005
v 0.978398 -1.837174 -0.299995
v 0.997149 -1.907697 0.300005
v 0.997149 -1.907697 -0.299995
v 1.018839 -1.966185 0.300005
v 1.018839 -1.966185 -0.299995
v 1.043837 -2.013450 0.300005
v 1.043837 -2.013450 -0.299995
v 1.072514 -2.050302 0.300005
v 1.072514 -2.050302 -0.299995
v 1.105243 -2.077553 0.300005
v 1.105243 -2.077553 -0.299995
v 1.142393 -2.096014 0.300005
v 1.142393 -2.096014 -0.299995
v 1.184336 -2.106495 0.300005
v 1.184336 -2.106495 -0.299995
v 1.231442 -2.109809 0.300005
v 1.231442 -2.109809 -0.299995
v 1.281738 -2.104489 0.300005
v 1.281738 -2.104489 -0.299995
v 1.330131 -2.088708 0.300005
v 1.330131 -2.088708 -0.299995
v 1.376637 -2.062729 0.300005
v 1.376637 -2.062729 -0.299995
v 1.421280 -2.026818 0.300005
v 1.421280 -2.026818 -0.299995
v 1.464077 -1.981238 0.300005
v 1.464077 -1.981238 -0.299995
v 1.505049 -1.926257 0.300005
v 1.505049 -1.926257 -0.299996
v 1.544217 -1.862137 0.300004
v 1.544217 -1.862137 -0.299996
v 1.581599 -1.789145 0.300004
v 1.581599 -1.789145 -0.299996
v 1.617218 -1.707544 0.300004
v 1.617218 -1.707544 -0.299996
v 1.651090 -1.617600 0.300004
v 1.651090 -1.617600 -0.299996
v 1.683239 -1.519578 0.300004
v 1.683239 -1.519578 -0.299996
v 1.713684 -1.413742 0.300004
v 1.713684 -1.413742 -0.299996
v 1.774974 -1.477108 0.300004
v 1.774974 -1.477108 -0.299996
v 1.837518 -1.538471 0.300004
v 1.837518 -1.538471 -0.299996
v 1.901246 -1.597815 0.300004
v 1.901246 -1.597815 -0.299996
v 1.966086 -1.655123 0.300004
v 1.966086 -1.655123 -0.299996
v 2.031970 -1.710378 0.300004
v 2.031970 -1.710378 -0.299996
v 2.098825 -1.763563 0.300004
v 2.098825 -1.763563 -0.299996
v 2.166584 -1.814663 0.300004
v 2.166584 -1.814663 -0.299996
v 2.235175 -1.863660 0.300004
v 2.235175 -1.863660 -0.299996
v 2.304527 -1.910539 0.300004
v 2.304527 -1.910539 -0.299996
v 2.374572 -1.955282 0.300004
v 2.374572 -1.955282 -0.299996
v 2.445238 -1.997873 0.300004
v 2.445238 -1.997873 -0.299996
v 2.516456 -2.038295 0.300004
v 2.516456 -2.038295 -0.299996
v 2.524141 -2.014998 0.300004
v 2.524141 -2.014998 -0.299996
v 2.532699 -1.990575 0.300004
v 2.532699 -1.990575 -0.299996
v 2.542038 -1.965291 0.300004
v 2.542038 -1.965291 -0.299996
v 2.552070 -1.939412 0.300004
v 2.552070 -1.939412 -0.299996
v 2.562704 -1.913201 0.300004
v 2.562704 -1.913201 -0.299996
v 2.573848 -1.886924 0.300004
v 2.573848 -1.886924 -0.299996
v 2.585413 -1.860846 0.300004
v 2.585413 -1.860846 -0.299996
v 2.597311 -1.835231 0.300004
v 2.597311 -1.835231 -0.299996
v 2.609447 -1.810345 0.300004
v 2.609447 -1.810345 -0.299996
v 2.621736 -1.786452 0.300004
v 2.621736 -1.786452 -0.299996
v 2.634083 -1.763817 0.300004
v 2.634083 -1.763817 -0.299996
v 2.646401 -1.742705 0.300004
v 2.646401 -1.742705 -0.299996
v 2.569470 -1.703182 0.300004
v 2.569470 -1.703182 -0.299996
v 2.493221 -1.660928 0.300004
v 2.493221 -1.660928 -0.299996
v 2.417734 -1.615992 0.300004
v 2.417734 -1.615992 -0.299996
v 2.343089 -1.568423 0.300004
v 2.343089 -1.568423 -0.299996
v 2.269366 -1.518273 0.300004
v 2.269366 -1.518273 -0.299996
v 2.196646 -1.465589 0.300004
v 2.196646 -1.465589 -0.299996
v 2.125009 -1.410423 0.300004
v 2.125009 -1.410423 -0.299996
v 2.054535 -1.352823 0.300004
v 2.054535 -1.352823 -0.299996
v 1.985305 -1.292839 0.300004
v 1.985305 -1.292839 -0.299996
v 1.917398 -1.230521 0.300004
v 1.917398 -1.230521 -0.299996
v 1.850895 -1.165919 0.300004
v 1.850895 -1.165919 -0.299996
v 1.785876 -1.099082 0.300004
v 1.785876 -1.099082 -0.299996
v 1.800073 -1.024100 0.300004
v 1.800073 -1.024100 -0.299996
v 1.813789 -0.946982 0.300004
v 1.813789 -0.946982 -0.299996
v 1.827024 -0.867779 0.300004
v 1.827024 -0.867779 -0.299996
v 1.839778 -0.786540 0.300004
v 1.839778 -0.786540 -0.299996
v 1.852051 -0.703314 0.300004
v 1.852051 -0.703314 -0.299996
v 1.863842 -0.618152 0.300004
v 1.863842 -0.618152 -0.299996
v 1.875153 -0.531102 0.300004
v 1.875153 -0.531102 -0.299996
v 1.885982 -0.442215 0.300004
v 1.885982 -0.442215 -0.299996
v 1.896329 -0.351540 0.300004
v 1.896329 -0.351540 -0.299996
v 1.906196 -0.259127 0.300004
v 1.906196 -0.259127 -0.299996
v 1.915580 -0.165025 0.300004
v 1.915580 -0.165025 -0.299996
v 1.924483 -0.069284 0.300004
v 1.924483 -0.069284 -0.299996
v 2.484691 -0.245685 0.300004
v 2.484691 -0.245685 -0.299996
v 2.522231 0.078511 0.300004
v 2.522231 0.078511 -0.299996
v 1.950473 0.254911 0.300004
v 1.950473 0.254911 -0.299996
v 1.954079 0.305264 0.300004
v 1.954079 0.305264 -0.299996
v 1.957665 0.356179 0.300004
v 1.957665 0.356179 -0.299996
v 1.961211 0.407623 0.300004
v 1.961211 0.407623 -0.299996
v 1.964697 0.459564 0.300004
v 1.964697 0.459564 -0.299996
v 1.968103 0.511969 0.300004
v 1.968103 0.511969 -0.299996
v 1.971408 0.564804 0.300004
v 1.971408 0.564804 -0.299996
v 1.974593 0.618037 0.300004
v 1.974593 0.618037 -0.299996
v 1.977638 0.671633 0.300004
v 1.977638 0.671633 -0.299996
v 1.980523 0.725561 0.300004
v 1.980523 0.725561 -0.299996
v 1.983226 0.779787 0.300004
v 1.983226 0.779787 -0.299996
v 1.985729 0.834277 0.300004
v 1.985729 0.834277 -0.299996
v 1.988012 0.889000 0.300004
v 1.988012 0.889000 -0.299996
v 2.426938 0.779345 0.300004
v 2.426938 0.779345 -0.299996
v 2.461590 1.103541 0.300004
v 2.461590 1.103541 -0.299996
v 1.999563 1.217963 0.300004
v 1.999563 1.217963 -0.299996
v 2.002331 1.301691 0.300004
v 2.002331 1.301691 -0.299996
v 2.004869 1.385998 0.300004
v 2.004869 1.385998 -0.299996
v 2.007188 1.470868 0.300004
v 2.007188 1.470868 -0.299996
v 2.009295 1.556285 0.300004
v 2.009295 1.556285 -0.299996
v 2.011201 1.642231 0.300004
v 2.011201 1.642231 -0.299996
v 2.012918 1.728690 0.300004
v 2.012918 1.728690 -0.299996
v 2.014454 1.815646 0.300004
v 2.014454 1.815646 -0.299996
v 2.015819 1.903082 0.300004
v 2.015819 1.903082 -0.299996
v 2.017024 1.990981 0.300004
v 2.017024 1.990981 -0.299996
v 2.018079 2.079328 0.300004
v 2.018079 2.079328 -0.299996
v 2.018993 2.168105 0.300004
v 2.018993 2.168105 -0.299996
v 2.019776 2.257296 0.300004
v 2.019776 2.257296 -0.299996
v 1.806089 2.257296 0.300004
v 1.806089 2.257296 -0.299996
v 1.806026 2.171774 0.300004
v 1.806026 2.171774 -0.299996
v 1.805834 2.086833 0.300004
v 1.805834 2.086833 -0.299996
v 1.805502 2.002453 0.300004
v 1.805502 2.002453 -0.299996
v 1.805019 1.918620 0.300004
v 1.805019 1.918620 -0.299996
v 1.804376 1.835317 0.300004
v 1.804376 1.835317 -0.299996
v 1.803563 1.752528 0.300004
v 1.803563 1.752528 -0.299996
v 1.802568 1.670234 0.300004
v 1.802568 1.670234 -0.299996
v 1.801383 1.588421 0.300004
v 1.801383 1.588421 -0.299996
v 1.799998 1.507072 0.300004
v 1.799998 1.507072 -0.299996
v 1.798402 1.426169 0.300004
v 1.798402 1.426169 -0.299996
v 1.796586 1.345697 0.300004
v 1.796586 1.345697 -0.299996
v 1.794538 1.265638 0.300004
v 1.794538 1.265638 -0.299996
v 1.078396 1.442039 0.300005
v 1.078396 1.442039 -0.299995
v 1.043745 1.122611 0.300005
v 1.043745 1.122611 -0.299995
v 1.782988 0.941443 0.300004
v 1.782988 0.941443 -0.299996
v 1.780098 0.886818 0.300004
v 1.780098 0.886818 -0.299996
v 1.777199 0.832606 0.300004
v 1.777199 0.832606 -0.299996
v 1.774280 0.778824 0.300004
v 1.774280 0.778824 -0.299996
v 1.771330 0.725489 0.300004
v 1.771330 0.725489 -0.299996
v 1.768341 0.672619 0.300004
v 1.768341 0.672619 -0.299996
v 1.765301 0.620227 0.300004
v 1.765301 0.620227 -0.299996
v 1.762201 0.568333 0.300004
v 1.762201 0.568333 -0.299996
v 1.759031 0.516952 0.300004
v 1.759031 0.516952 -0.299996
v 1.755781 0.466100 0.300004
v 1.755781 0.466100 -0.299996
v 1.752440 0.415795 0.300004
v 1.752440 0.415795 -0.299996
v 1.749000 0.366053 0.300004
v 1.749000 0.366053 -0.299996
v 1.745449 0.316890 0.300004
v 1.745449 0.316890 -0.299996
v 1.000429 0.545734 0.300005
v 1.000429 0.545734 -0.299995
v 0.962890 0.231073 0.300005
v 0.962890 0.231073 -0.299995
v 1.719459 -0.007306 0.300004
v 1.719459 -0.007306 -0.299996
v 1.711397 -0.089941 0.300004
v 1.711397 -0.089941 -0.299996
v 1.703083 -0.170971 0.300004
v 1.703083 -0.170971 -0.299996
v 1.694508 -0.250378 0.300004
v 1.694508 -0.250378 -0.299996
v 1.685663 -0.328146 0.300004
v 1.685663 -0.328146 -0.299996
v 1.676538 -0.404259 0.300004
v 1.676538 -0.404259 -0.299996
v 1.667121 -0.478700 0.300004
v 1.667121 -0.478700 -0.299996
v 1.657403 -0.551453 0.300004
v 1.657403 -0.551453 -0.299996
v 1.647375 -0.622500 0.300004
v 1.647375 -0.622500 -0.299996
v 1.637025 -0.691826 0.300004
v 1.637025 -0.691826 -0.299996
v 1.626345 -0.759413 0.300004
v 1.626345 -0.759413 -0.299996
v 1.615324 -0.825246 0.300004
v 1.615324 -0.825246 -0.299996
v 1.603952 -0.889308 0.300004
v 1.603952 -0.889308 -0.299996
v 1.558355 -0.829120 0.300004
v 1.558355 -0.829120 -0.299996
v 1.513992 -0.767757 0.300005
v 1.513992 -0.767757 -0.299996
v 1.470893 -0.705235 0.300005
v 1.470893 -0.705235 -0.299995
v 1.429087 -0.641570 0.300005
v 1.429087 -0.641570 -0.299995
v 1.388605 -0.576780 0.300005
v 1.388605 -0.576780 -0.299995
v 1.349476 -0.510881 0.300005
v 1.349476 -0.510881 -0.299995
v 1.311731 -0.443889 0.300005
v 1.311731 -0.443889 -0.299995
v 1.275399 -0.375822 0.300005
v 1.275399 -0.375822 -0.299995
v 1.240512 -0.306695 0.300005
v 1.240512 -0.306695 -0.299995
v 1.207098 -0.236525 0.300005
v 1.207098 -0.236525 -0.299995
v 1.175188 -0.165328 0.300005
v 1.175188 -0.165328 -0.299995
v 1.144813 -0.093122 0.300005
v 1.144813 -0.093122 -0.299995
v 0.962890 -0.236150 0.300005
v 0.962890 -0.236150 -0.299995
v 3.155677 -0.004400 0.300004
v 3.155677 -0.004400 -0.299996
v 3.132932 -0.026574 0.300004
v 3.132932 -0.026574 -0.299996
v 3.109645 -0.049841 0.300004
v 3.109645 -0.049841 -0.299996
v 3.085968 -0.074052 0.300004
v 3.085968 -0.074052 -0.299996
v 3.062049 -0.099057 0.300004
v 3.062049 -0.099057 -0.299996
v 3.038041 -0.124707 0.300004
v 3.038041 -0.124707 -0.299996
v 3.014092 -0.150854 0.300004
v 3.014092 -0.150854 -0.299996
v 2.990354 -0.177349 0.300004
v 2.990354 -0.177349 -0.299996
v 2.966977 -0.204043 0.300004
v 2.966977 -0.204043 -0.299996
v 2.944111 -0.230786 0.300004
v 2.944111 -0.230786 -0.299996
v 2.921907 -0.257430 0.300004
v 2.921907 -0.257430 -0.299996
v 2.900516 -0.283825 0.300004
v 2.900516 -0.283825 -0.299996
v 2.884992 -0.208037 0.300004
v 2.884992 -0.208037 -0.299996
v 2.870181 -0.130843 0.300004
v 2.870181 -0.130843 -0.299996
v 2.856072 -0.052225 0.300004
v 2.856072 -0.052225 -0.299996
v 2.842655 0.027834 0.300004
v 2.842655 0.027834 -0.299996
v 2.829920 0.109349 0.300004
v 2.829920 0.109349 -0.299996
v 2.817856 0.192337 0.300004
v 2.817856 0.192337 -0.299996
v 2.806455 0.276816 0.300004
v 2.806455 0.276816 -0.299996
v 2.795704 0.362800 0.300004
v 2.795704 0.362800 -0.299996
v 2.785596 0.450308 0.300004
v 2.785596 0.450308 -0.299996
v 2.776119 0.539355 0.300004
v 2.776119 0.539355 -0.299996
v 2.767264 0.629959 0.300004
v 2.767264 0.629959 -0.299996
v 2.759020 0.722134 0.300004
v 2.759020 0.722134 -0.299996
v 3.131529 0.722134 0.300004
v 3.131529 0.722134 -0.299996
v 3.153671 0.607541 0.300004
v 3.153671 0.607541 -0.299996
v 3.176796 0.495100 0.300004
v 3.176796 0.495100 -0.299996
v 3.200924 0.384977 0.300004
v 3.200924 0.384977 -0.299996
v 3.226074 0.277337 0.300004
v 3.226074 0.277337 -0.299996
v 3.252267 0.172345 0.300004
v 3.252267 0.172345 -0.299996
v 3.279523 0.070168 0.300004
v 3.279523 0.070168 -0.299996
v 3.307861 -0.029030 0.300004
v 3.307861 -0.029030 -0.299996
v 3.337302 -0.125082 0.300003
v 3.337302 -0.125082 -0.299997
v 3.367867 -0.217824 0.300003
v 3.367867 -0.217824 -0.299997
v 3.399575 -0.307089 0.300003
v 3.399575 -0.307089 -0.299997
v 3.432446 -0.392712 0.300003
v 3.432446 -0.392712 -0.299997
v 3.466499 -0.474528 0.300003
v 3.466499 -0.474528 -0.299997
v 3.474581 -0.455340 0.300003
v 3.474581 -0.455340 -0.299997
v 3.484226 -0.433850 0.300003
v 3.484226 -0.433850 -0.299997
v 3.495195 -0.410539 0.300003
v 3.495195 -0.410539 -0.299997
v 3.507246 -0.385887 0.300003
v 3.507246 -0.385887 -0.299997
v 3.520141 -0.360374 0.300003
v 3.520141 -0.360374 -0.299997
v 3.533637 -0.334481 0.300003
v 3.533637 -0.334481 -0.299997
v 3.547493 -0.308687 0.300003
v 3.547493 -0.308687 -0.299997
v 3.561471 -0.283472 0.300003
v 3.561471 -0.283472 -0.299997
v 3.575328 -0.259317 0.300003
v 3.575328 -0.259317 -0.299997
v 3.588824 -0.236701 0.300003
v 3.588824 -0.236701 -0.299997
v 3.601718 -0.216105 0.300003
v 3.601718 -0.216105 -0.299997
v 3.613770 -0.198009 0.300003
v 3.613770 -0.198009 -0.299997
v 3.563399 -0.078822 0.300003
v 3.563399 -0.078822 -0.299997
v 3.516178 0.049486 0.300003
v 3.516178 0.049486 -0.299997
v 3.472004 0.186303 0.300003
v 3.472004 0.186303 -0.299997
v 3.430778 0.331016 0.300003
v 3.430778 0.331016 -0.299997
v 3.392400 0.483013 0.300003
v 3.392400 0.483013 -0.299997
v 3.356768 0.641681 0.300003
v 3.356768 0.641681 -0.299997
v 3.323784 0.806408 0.300004
v 3.323784 0.806408 -0.299996
v 3.293347 0.976582 0.300004
v 3.293347 0.976582 -0.299996
v 3.265356 1.151589 0.300004
v 3.265356 1.151589 -0.299996
v 3.239710 1.330818 0.300004
v 3.239710 1.330818 -0.299996
v 3.216311 1.513655 0.300004
v 3.216311 1.513655 -0.299996
v 3.195058 1.699488 0.300004
v 3.195058 1.699488 -0.299996
v 3.564680 1.699488 0.300003
v 3.564680 1.699488 -0.299997
v 3.564680 2.028451 0.300003
v 3.564680 2.028451 -0.299997
v 2.444264 2.028451 0.300004
v 2.444264 2.028451 -0.299996
v 2.444264 1.699488 0.300004
v 2.444264 1.699488 -0.299996
v 2.987146 1.699488 0.300004
v 2.987146 1.699488 -0.299996
v 2.993706 1.643571 0.300004
v 2.993706 1.643571 -0.299996
v 3.000395 1.587870 0.300004
v 3.000395 1.587870 -0.299996
v 3.007225 1.532400 0.300004
v 3.007225 1.532400 -0.299996
v 3.014205 1.477178 0.300004
v 3.014205 1.477178 -0.299996
v 3.021346 1.422221 0.300004
v 3.021346 1.422221 -0.299996
v 3.028657 1.367546 0.300004
v 3.028657 1.367546 -0.299996
v 3.036148 1.313168 0.300004
v 3.036148 1.313168 -0.299996
v 3.043830 1.259105 0.300004
v 3.043830 1.259105 -0.299996
v 3.051713 1.205373 0.300004
v 3.051713 1.205373 -0.299996
v 3.059805 1.151989 0.300004
v 3.059805 1.151989 -0.299996
v 3.068120 1.098969 0.300004
v 3.068120 1.098969 -0.299996
v 3.076664 1.046330 0.300004
v 3.076664 1.046330 -0.299996
v 2.698379 1.046330 0.300004
v 2.698379 1.046330 -0.299996
v 2.660840 1.060632 0.300004
v 2.660840 1.060632 -0.299996
v 2.536670 0.998654 0.300004
v 2.536670 0.998654 -0.299996
v 2.569231 0.612722 0.300004
v 2.569231 0.612722 -0.299996
v 2.610413 0.250894 0.300004
v 2.610413 0.250894 -0.299996
v 2.659937 -0.087163 0.300004
v 2.659937 -0.087163 -0.299996
v 2.717524 -0.401779 0.300004
v 2.717524 -0.401779 -0.299996
v 2.782891 -0.693285 0.300004
v 2.782891 -0.693285 -0.299996
v 2.855758 -0.962014 0.300004
v 2.855758 -0.962014 -0.299996
v 2.935843 -1.208295 0.300004
v 2.935843 -1.208295 -0.299996
v 3.022868 -1.432459 0.300004
v 3.022868 -1.432459 -0.299996
v 3.116550 -1.634838 0.300004
v 3.116550 -1.634838 -0.299996
v 3.216609 -1.815764 0.300004
v 3.216609 -1.815764 -0.299996
v 3.322764 -1.975566 0.300003
v 3.322764 -1.975566 -0.299997
v 3.434734 -2.114576 0.300003
v 3.434734 -2.114576 -0.299997
v 3.442818 -2.094488 0.300003
v 3.442818 -2.094488 -0.299997
v 3.452475 -2.072661 0.300003
v 3.452475 -2.072661 -0.299997
v 3.463476 -2.049544 0.300003
v 3.463476 -2.049544 -0.299997
v 3.475590 -2.025581 0.300003
v 3.475590 -2.025581 -0.299997
v 3.488586 -2.001222 0.300003
v 3.488586 -2.001222 -0.299997
v 3.502234 -1.976912 0.300003
v 3.502234 -1.976912 -0.299997
v 3.516303 -1.953099 0.300003
v 3.516303 -1.953099 -0.299997
v 3.530562 -1.930230 0.300003
v 3.530562 -1.930230 -0.299997
v 3.544782 -1.908751 0.300003
v 3.544782 -1.908751 -0.299997
v 3.558731 -1.889109 0.300003
v 3.558731 -1.889109 -0.299997
v 3.572178 -1.871753 0.300003
v 3.572178 -1.871753 -0.299997
v 3.584894 -1.857127 0.300003
v 3.584894 -1.857127 -0.299997
v 3.522335 -1.786297 0.300003
v 3.522335 -1.786297 -0.299997
v 3.461752 -1.709641 0.300003
v 3.461752 -1.709641 -0.299997
v 3.403195 -1.627091 0.300003
v 3.403195 -1.627091 -0.299997
v 3.346713 -1.538582 0.300003
v 3.346713 -1.538582 -0.299997
v 3.292357 -1.444047 0.300003
v 3.292357 -1.444047 -0.299997
v 3.240177 -1.343420 0.300004
v 3.240177 -1.343420 -0.299996
v 3.190223 -1.236635 0.300004
v 3.190223 -1.236635 -0.299996
v 3.142545 -1.123626 0.300004
v 3.142545 -1.123626 -0.299996
v 3.097193 -1.004326 0.300004
v 3.097193 -1.004326 -0.299996
v 3.054217 -0.878669 0.300004
v 3.054217 -0.878669 -0.299996
v 3.013668 -0.746590 0.300004
v 3.013668 -0.746590 -0.299996
v 2.975595 -0.608021 0.300004
v 2.975595 -0.608021 -0.299996
v 2.998058 -0.575478 0.300004
v 2.998058 -0.575478 -0.299996
v 3.021986 -0.542356 0.300004
v 3.021986 -0.542356 -0.299996
v 3.047155 -0.508870 0.300004
v 3.047155 -0.508870 -0.299996
v 3.073349 -0.475235 0.300004
v 3.073349 -0.475235 -0.299996
v 3.100343 -0.441666 0.300004
v 3.100343 -0.441666 -0.299996
v 3.127920 -0.408378 0.300004
v 3.127920 -0.408378 -0.299996
v 3.155858 -0.375587 0.300004
v 3.155858 -0.375587 -0.299996
v 3.183936 -0.343508 0.300004
v 3.183936 -0.343508 -0.299996
v 3.211933 -0.312356 0.300004
v 3.211933 -0.312356 -0.299996
v 3.239630 -0.282346 0.300004
v 3.239630 -0.282346 -0.299996
v 3.266806 -0.253694 0.300004
v 3.266806 -0.253694 -0.299996
v 3.293239 -0.226614 0.300004
v 3.293239 -0.226614 -0.299996
v 3.177732 0.016532 0.300004
v 3.177732 0.016532 -0.299996
v -0.058016 0.802675 0.300005
v -0.058016 0.802675 -0.299995
v -0.098516 0.928243 0.300005
v -0.098516 0.928243 -0.299995
v -0.145795 1.053481 0.300005
v -0.145795 1.053481 -0.299995
v -0.199450 1.175937 0.300005
v -0.199450 1.175937 -0.299995
v -0.259083 1.293162 0.300006
v -0.259083 1.293162 -0.299994
v -0.324289 1.402706 0.300006
v -0.324289 1.402706 -0.299994
v -0.394670 1.502119 0.300006
v -0.394670 1.502119 -0.299994
v -0.469823 1.588951 0.300006
v -0.469823 1.588951 -0.299994
v -0.549347 1.660752 0.300006
v -0.549347 1.660752 -0.299994
v -0.632843 1.715071 0.300006
v -0.632843 1.715071 -0.299994
v -0.719907 1.749460 0.300006
v -0.719907 1.749460 -0.299994
v -0.810140 1.761467 0.300006
v -0.810140 1.761467 -0.299994
v -0.903773 1.748411 0.300006
v -0.903773 1.748411 -0.299994
v -0.992264 1.709862 0.300006
v -0.992264 1.709862 -0.299994
v -1.075038 1.646747 0.300006
v -1.075038 1.646747 -0.299994
v -1.151526 1.559993 0.300006
v -1.151526 1.559993 -0.299994
v -1.221157 1.450526 0.300006
v -1.221157 1.450526 -0.299994
v -1.283357 1.319274 0.300006
v -1.283357 1.319274 -0.299994
v -1.337556 1.167164 0.300006
v -1.337556 1.167164 -0.299994
v -1.383182 0.995123 0.300006
v -1.383182 0.995123 -0.299994
v -1.419663 0.804077 0.300006
v -1.419663 0.804077 -0.299994
v -1.446429 0.594955 0.300006
v -1.446429 0.594955 -0.299994
v -1.462908 0.368682 0.300006
v -1.462908 0.368682 -0.299994
v -1.468528 0.126187 0.300006
v -1.468528 0.126187 -0.299994
v -1.458228 -0.189883 0.300006
v -1.458228 -0.189883 -0.299994
v -1.427995 -0.476272 0.300006
v -1.427995 -0.476272 -0.299994
v -1.378830 -0.734287 0.300006
v -1.378830 -0.734287 -0.299994
v -1.311739 -0.965236 0.300006
v -1.311739 -0.965236 -0.299994
v -1.227722 -1.170427 0.300006
v -1.227722 -1.170427 -0.299994
v -1.127783 -1.351167 0.300006
v -1.127783 -1.351167 -0.299994
v -1.012925 -1.508765 0.300006
v -1.012925 -1.508765 -0.299994
v -0.884150 -1.644528 0.300006
v -0.884150 -1.644528 -0.299994
v -0.742459 -1.759764 0.300006
v -0.742459 -1.759764 -0.299994
v -0.588858 -1.855780 0.300006
v -0.588858 -1.855780 -0.299994
v -0.424348 -1.933885 0.300006
v -0.424348 -1.933885 -0.299994
v -0.249931 -1.995387 0.300005
v -0.249931 -1.995387 -0.299995
v -0.114211 -1.652121 0.300005
v -0.114211 -1.652121 -0.299995
v -0.267834 -1.608029 0.300006
v -0.267834 -1.608029 -0.299994
v -0.414568 -1.550876 0.300006
v -0.414568 -1.550876 -0.299994
v -0.553182 -1.478924 0.300006
v -0.553182 -1.478924 -0.299994
v -0.682440 -1.390434 0.300006
v -0.682440 -1.390434 -0.299994
v -0.801109 -1.283668 0.300006
v -0.801109 -1.283668 -0.299994
v -0.907959 -1.156888 0.300006
v -0.907959 -1.156888 -0.299994
v -1.001753 -1.008357 0.300006
v -1.001753 -1.008357 -0.299994
v -1.081260 -0.836335 0.300006
v -1.081260 -0.836335 -0.299994
v -1.145245 -0.639084 0.300006
v -1.145245 -0.639084 -0.299994
v -1.192475 -0.414867 0.300006
v -1.192475 -0.414867 -0.299994
v -1.221718 -0.161946 0.300006
v -1.221718 -0.161946 -0.299994
v -1.231739 0.121419 0.300006
v -1.231739 0.121419 -0.299994
v -1.228497 0.305175 0.300006
v -1.228497 0.305175 -0.299994
v -1.218785 0.479032 0.300006
v -1.218785 0.479032 -0.299994
v -1.202638 0.641831 0.300006
v -1.202638 0.641831 -0.299994
v -1.180082 0.792412 0.300006
v -1.180082 0.792412 -0.299994
v -1.151151 0.929618 0.300006
v -1.151151 0.929618 -0.299994
v -1.115871 1.052290 0.300006
v -1.115871 1.052290 -0.299994
v -1.074276 1.159268 0.300006
v -1.074276 1.159268 -0.299994
v -1.026394 1.249394 0.300006
v -1.026394 1.249394 -0.299994
v -0.972256 1.321509 0.300006
v -0.972256 1.321509 -0.299994
v -0.911890 1.374454 0.300006
v -0.911890 1.374454 -0.299994
v -0.845328 1.407071 0.300006
v -0.845328 1.407071 -0.299994
v -0.772600 1.418201 0.300006
v -0.772600 1.418201 -0.299994
v -0.683062 1.400767 0.300006
v -0.683062 1.400767 -0.299994
v -0.595557 1.351036 0.300006
v -0.595557 1.351036 -0.299994
v -0.511041 1.272865 0.300006
v -0.511041 1.272865 -0.299994
v -0.430466 1.170111 0.300006
v -0.430466 1.170111 -0.299994
v -0.354783 1.046631 0.300006
v -0.354783 1.046631 -0.299994
v -0.284945 0.906283 0.300006
v -0.284945 0.906283 -0.299994
v -0.221906 0.752922 0.300006
v -0.221906 0.752922 -0.299994
v -0.166617 0.590408 0.300005
v -0.166617 0.590408 -0.299995
v -0.120032 0.422596 0.300005
v -0.120032 0.422596 -0.299995
v -0.083102 0.253344 0.300005
v -0.083102 0.253344 -0.299995
v -0.056781 0.086509 0.300005
v -0.056781 0.086509 -0.299995
v -0.042020 -0.074052 0.300005
v -0.042020 -0.074052 -0.299995
v -0.038770 -0.120097 0.300005
v -0.038770 -0.120097 -0.299995
v -0.036231 -0.165496 0.300005
v -0.036231 -0.165496 -0.299995
v -0.034394 -0.210598 0.300005
v -0.034394 -0.210598 -0.299995
v -0.033249 -0.255749 0.300005
v -0.033249 -0.255749 -0.299995
v -0.032786 -0.301298 0.300005
v -0.032786 -0.301298 -0.299995
v -0.032995 -0.347592 0.300005
v -0.032995 -0.347592 -0.299995
v -0.033866 -0.394978 0.300005
v -0.033866 -0.394978 -0.299995
v -0.035388 -0.443804 0.300005
v -0.035388 -0.443804 -0.299995
v -0.037552 -0.494418 0.300005
v -0.037552 -0.494418 -0.299995
v -0.040348 -0.547168 0.300005
v -0.040348 -0.547168 -0.299995
v -0.043765 -0.602401 0.300005
v -0.043765 -0.602401 -0.299995
v -0.047794 -0.660464 0.300005
v -0.047794 -0.660464 -0.299995
v 0.174556 -0.689070 0.300005
v 0.174556 -0.689070 -0.299995
v 0.178214 -0.642015 0.300005
v 0.178214 -0.642015 -0.299995
v 0.181923 -0.591533 0.300005
v 0.181923 -0.591533 -0.299995
v 0.185611 -0.537773 0.300005
v 0.185611 -0.537773 -0.299995
v 0.189209 -0.480885 0.300005
v 0.189209 -0.480885 -0.299995
v 0.192646 -0.421017 0.300005
v 0.192646 -0.421017 -0.299995
v 0.195853 -0.358319 0.300005
v 0.195853 -0.358319 -0.299995
v 0.198759 -0.292938 0.300005
v 0.198759 -0.292938 -0.299995
v 0.201294 -0.225025 0.300005
v 0.201294 -0.225025 -0.299995
v 0.203387 -0.154728 0.300005
v 0.203387 -0.154728 -0.299995
v 0.204970 -0.082196 0.300005
v 0.204970 -0.082196 -0.299995
v 0.205972 -0.007579 0.300005
v 0.205972 -0.007579 -0.299995
v 0.206321 0.068976 0.300005
v 0.206321 0.068976 -0.299995
v 0.205221 0.187045 0.300005
v 0.205221 0.187045 -0.299995
v 0.202096 0.313491 0.300005
v 0.202096 0.313491 -0.299995
v 0.197206 0.446360 0.300005
v 0.197206 0.446360 -0.299995
v 0.190813 0.583698 0.300005
v 0.190813 0.583698 -0.299995
v 0.183175 0.723552 0.300005
v 0.183175 0.723552 -0.299995
v 0.174556 0.863970 0.300005
v 0.174556 0.863970 -0.299995
v 0.165215 1.002997 0.300005
v 0.165215 1.002997 -0.299995
v 0.155412 1.138679 0.300005
v 0.155412 1.138679 -0.299995
v 0.145409 1.269065 0.300005
v 0.145409 1.269065 -0.299995
v 0.135466 1.392200 0.300005
v 0.135466 1.392200 -0.299995
v 0.125843 1.506131 0.300005
v 0.125843 1.506131 -0.299995
v 0.116802 1.608904 0.300005
v 0.116802 1.608904 -0.299995
v 0.114033 1.644559 0.300005
v 0.114033 1.644559 -0.299995
v 0.111483 1.679999 0.300005
v 0.111483 1.679999 -0.299995
v 0.109133 1.715207 0.300005
v 0.109133 1.715207 -0.299995
v 0.106963 1.750166 0.300005
v 0.106963 1.750166 -0.299995
v 0.104955 1.784861 0.300005
v 0.104955 1.784861 -0.299995
v 0.103086 1.819274 0.300005
v 0.103086 1.819274 -0.299995
v 0.101338 1.853389 0.300005
v 0.101338 1.853389 -0.299995
v 0.099690 1.887190 0.300005
v 0.099690 1.887190 -0.299995
v 0.098123 1.920659 0.300005
v 0.098123 1.920659 -0.299995
v 0.096616 1.953781 0.300005
v 0.096616 1.953781 -0.299995
v 0.095148 1.986539 0.300005
v 0.095148 1.986539 -0.299995
v 0.093701 2.018916 0.300005
v 0.093701 2.018916 -0.299995
v -0.160414 2.004613 0.300005
v -0.160414 2.004613 -0.299995
v -0.145336 1.911797 0.300005
v -0.145336 1.911797 -0.299995
v -0.130508 1.808767 0.300005
v -0.130508 1.808767 -0.299995
v -0.116061 1.697626 0.300005
v -0.116061 1.697626 -0.299995
v -0.102126 1.580475 0.300005
v -0.102126 1.580475 -0.299995
v -0.088832 1.459418 0.300005
v -0.088832 1.459418 -0.299995
v -0.076311 1.336556 0.300005
v -0.076311 1.336556 -0.299995
v -0.064692 1.213992 0.300005
v -0.064692 1.213992 -0.299995
v -0.054105 1.093829 0.300005
v -0.054105 1.093829 -0.299995
v -0.044682 0.978168 0.300005
v -0.044682 0.978168 -0.299995
v -0.036551 0.869112 0.300005
v -0.036551 0.869112 -0.299995
v -0.029845 0.768764 0.300005
v -0.029845 0.768764 -0.299995
v -0.024693 0.679226 0.300005
v -0.024693 0.679226 -0.299995
v -3.633539 2.144600 0.300007
v -3.633539 2.144600 -0.299993
v -3.632665 2.042666 0.300007
v -3.632665 2.042666 -0.299993
v -3.631530 1.937420 0.300007
v -3.631530 1.937420 -0.299993
v -3.630004 1.829096 0.300007
v -3.630004 1.829096 -0.299993
v -3.627956 1.717924 0.300007
v -3.627956 1.717924 -0.299993
v -3.625257 1.604137 0.300007
v -3.625257 1.604137 -0.299993
v -3.621777 1.487965 0.300007
v -3.621777 1.487965 -0.299993
v -3.617383 1.369642 0.300007
v -3.617383 1.369642 -0.299993
v -3.611947 1.249399 0.300007
v -3.611947 1.249399 -0.299993
v -3.605338 1.127467 0.300007
v -3.605338 1.127467 -0.299993
v -3.597425 1.004078 0.300007
v -3.597425 1.004078 -0.299993
v -3.588078 0.879465 0.300007
v -3.588078 0.879465 -0.299993
v -4.789348 0.879465 0.300008
v -4.789348 0.879465 -0.299992
v -4.789348 0.512361 0.300008
v -4.789348 0.512361 -0.299992
v -3.694921 0.512361 0.300007
v -3.694921 0.512361 -0.299993
v -3.749131 0.252997 0.300007
v -3.749131 0.252997 -0.299993
v -3.810697 0.002406 0.300008
v -3.810697 0.002406 -0.299993
v -3.879643 -0.238384 0.300008
v -3.879643 -0.238384 -0.299992
v -3.955990 -0.468348 0.300008
v -3.955990 -0.468348 -0.299992
v -4.039755 -0.686460 0.300008
v -4.039755 -0.686460 -0.299992
v -4.130960 -0.891692 0.300008
v -4.130960 -0.891692 -0.299992
v -4.229626 -1.083019 0.300008
v -4.229626 -1.083019 -0.299992
v -4.335770 -1.259413 0.300008
v -4.335770 -1.259413 -0.299992
v -4.449415 -1.419850 0.300008
v -4.449415 -1.419850 -0.299992
v -4.570581 -1.563303 0.300008
v -4.570581 -1.563303 -0.299992
v -4.699286 -1.688744 0.300008
v -4.699286 -1.688744 -0.299992
v -4.835551 -1.795148 0.300008
v -4.835551 -1.795148 -0.299992
v -4.821560 -1.816738 0.300008
v -4.821560 -1.816738 -0.299992
v -4.807128 -1.840727 0.300008
v -4.807128 -1.840727 -0.299992
v -4.792416 -1.866737 0.300008
v -4.792416 -1.866737 -0.299992
v -4.777583 -1.894385 0.300008
v -4.777583 -1.894385 -0.299992
v -4.762791 -1.923291 0.300008
v -4.762791 -1.923291 -0.299992
v -4.748199 -1.953074 0.300008
v -4.748199 -1.953074 -0.299992
v -4.733969 -1.983355 0.300008
v -4.733969 -1.983355 -0.299992
v -4.720258 -2.013751 0.300008
v -4.720258 -2.013751 -0.299992
v -4.707231 -2.043882 0.300008
v -4.707231 -2.043882 -0.299992
v -4.695045 -2.073368 0.300008
v -4.695045 -2.073368 -0.299992
v -4.683861 -2.101827 0.300008
v -4.683861 -2.101827 -0.299992
v -4.673841 -2.128879 0.300008
v -4.673841 -2.128879 -0.299992
v -4.537675 -2.010876 0.300008
v -4.537675 -2.010876 -0.299992
v -4.409190 -1.876550 0.300008
v -4.409190 -1.876550 -0.299992
v -4.288246 -1.726465 0.300008
v -4.288246 -1.726465 -0.299992
v -4.174702 -1.561184 0.300008
v -4.174702 -1.561184 -0.299992
v -4.068417 -1.381268 0.300008
v -4.068417 -1.381268 -0.299992
v -3.969250 -1.187282 0.300008
v -3.969250 -1.187282 -0.299992
v -3.877062 -0.979787 0.300008
v -3.877062 -0.979787 -0.299992
v -3.791712 -0.759347 0.300008
v -3.791712 -0.759347 -0.299993
v -3.713059 -0.526525 0.300007
v -3.713059 -0.526525 -0.299993
v -3.640965 -0.281883 0.300007
v -3.640965 -0.281883 -0.299993
v -3.575287 -0.025984 0.300007
v -3.575287 -0.025984 -0.299993
v -3.515885 0.240609 0.300007
v -3.515885 0.240609 -0.299993
v -3.476831 0.010891 0.300007
v -3.476831 0.010891 -0.299993
v -3.429909 -0.217322 0.300007
v -3.429909 -0.217322 -0.299993
v -3.374344 -0.442719 0.300007
v -3.374344 -0.442719 -0.299993
v -3.309362 -0.663996 0.300007
v -3.309362 -0.663996 -0.299993
v -3.234195 -0.879842 0.300007
v -3.234195 -0.879842 -0.299993
v -3.148068 -1.088950 0.300007
v -3.148068 -1.088950 -0.299993
v -3.050210 -1.290014 0.300007
v -3.050210 -1.290014 -0.299993
v -2.939849 -1.481724 0.300007
v -2.939849 -1.481724 -0.299993
v -2.816213 -1.662773 0.300007
v -2.816213 -1.662773 -0.299993
v -2.678529 -1.831854 0.300007
v -2.678529 -1.831854 -0.299993
v -2.526025 -1.987659 0.300007
v -2.526025 -1.987659 -0.299993
v -2.357930 -2.128879 0.300007
v -2.357930 -2.128879 -0.299993
v -2.348571 -2.105491 0.300007
v -2.348571 -2.105491 -0.299993
v -2.337917 -2.080828 0.300007
v -2.337917 -2.080828 -0.299993
v -2.326121 -2.055205 0.300007
v -2.326121 -2.055205 -0.299993
v -2.313332 -2.028936 0.300007
v -2.313332 -2.028936 -0.299993
v -2.299700 -2.002337 0.300007
v -2.299700 -2.002337 -0.299993
v -2.285378 -1.975721 0.300007
v -2.285378 -1.975721 -0.299993
v -2.270514 -1.949402 0.300007
v -2.270514 -1.949402 -0.299993
v -2.255258 -1.923697 0.300007
v -2.255258 -1.923697 -0.299993
v -2.239761 -1.898918 0.300007
v -2.239761 -1.898918 -0.299993
v -2.224176 -1.875381 0.300007
v -2.224176 -1.875381 -0.299993
v -2.208650 -1.853400 0.300007
v -2.208650 -1.853400 -0.299993
v -2.193334 -1.833289 0.300007
v -2.193334 -1.833289 -0.299993
v -2.364942 -1.696271 0.300007
v -2.364942 -1.696271 -0.299993
v -2.519402 -1.543659 0.300007
v -2.519402 -1.543659 -0.299993
v -2.657619 -1.376942 0.300007
v -2.657619 -1.376942 -0.299993
v -2.780495 -1.197612 0.300007
v -2.780495 -1.197612 -0.299993
v -2.888932 -1.007157 0.300007
v -2.888932 -1.007157 -0.299993
v -2.983834 -0.807067 0.300007
v -2.983834 -0.807067 -0.299993
v -3.066103 -0.598833 0.300007
v -3.066103 -0.598833 -0.299993
v -3.136640 -0.383945 0.300007
v -3.136640 -0.383945 -0.299993
v -3.196348 -0.163891 0.300007
v -3.196348 -0.163891 -0.299993
v -3.246130 0.059838 0.300007
v -3.246130 0.059838 -0.299993
v -3.286888 0.285752 0.300007
v -3.286888 0.285752 -0.299993
v -3.319525 0.512361 0.300007
v -3.319525 0.512361 -0.299993
v -2.248199 0.512361 0.300007
v -2.248199 0.512361 -0.299993
v -2.248199 0.879465 0.300007
v -2.248199 0.879465 -0.299993
v -3.357064 0.879465 0.300007
v -3.357064 0.879465 -0.299993
v -3.366961 1.005262 0.300007
v -3.366961 1.005262 -0.299993
v -3.375113 1.129785 0.300007
v -3.375113 1.129785 -0.299993
v -3.381701 1.252751 0.300007
v -3.381701 1.252751 -0.299993
v -3.386904 1.373880 0.300007
v -3.386904 1.373880 -0.299993
v -3.390904 1.492890 0.300007
v -3.390904 1.492890 -0.299993
v -3.393883 1.609500 0.300007
v -3.393883 1.609500 -0.299993
v -3.396018 1.723428 0.300007
v -3.396018 1.723428 -0.299993
v -3.397491 1.834393 0.300007
v -3.397491 1.834393 -0.299993
v -3.398484 1.942114 0.300007
v -3.398484 1.942114 -0.299993
v -3.399176 2.046308 0.300007
v -3.399176 2.046308 -0.299993
v -3.399747 2.146695 0.300007
v -3.399747 2.146695 -0.299993
v -3.400379 2.242993 0.300007
v -3.400379 2.242993 -0.299993
v -3.634279 2.242993 0.300007
v -3.634279 2.242993 -0.299993
v -6.671929 2.045143 0.300009
v -6.671929 2.045143 -0.299991
v -6.659850 1.990355 0.300009
v -6.659850 1.990355 -0.299991
v -6.647428 1.935632 0.300009
v -6.647428 1.935632 -0.299991
v -6.634675 1.881009 0.300009
v -6.634675 1.881009 -0.299991
v -6.621604 1.826519 0.300009
v -6.621604 1.826519 -0.299991
v -6.608220 1.772194 0.300009
v -6.608220 1.772194 -0.299991
v -6.594535 1.718067 0.300009
v -6.594535 1.718067 -0.299991
v -6.580560 1.664173 0.300009
v -6.580560 1.664173 -0.299991
v -6.566304 1.610543 0.300009
v -6.566304 1.610543 -0.299991
v -6.551776 1.557211 0.300009
v -6.551776 1.557211 -0.299991
v -6.536988 1.504211 0.300009
v -6.536988 1.504211 -0.299991
v -6.521949 1.451574 0.300009
v -6.521949 1.451574 -0.299991
v -7.734771 1.451574 0.300010
v -7.734771 1.451574 -0.299990
v -7.734771 1.108308 0.300010
v -7.734771 1.108308 -0.299990
v -6.836705 1.108308 0.300009
v -6.836705 1.108308 -0.299991
v -6.836705 0.417009 0.300009
v -6.836705 0.417009 -0.299991
v -7.668355 0.417009 0.300010
v -7.668355 0.417009 -0.299990
v -7.668355 0.088046 0.300010
v -7.668355 0.088046 -0.299990
v -6.836705 0.088046 0.300009
v -6.836705 0.088046 -0.299991
v -6.836705 -0.636626 0.300009
v -6.836705 -0.636626 -0.299991
v -7.705895 -0.636626 0.300010
v -7.705895 -0.636626 -0.299990
v -7.705895 -0.975124 0.300010
v -7.705895 -0.975124 -0.299990
v -6.836705 -0.975124 0.300009
v -6.836705 -0.975124 -0.299991
v -6.836705 -2.133646 0.300009
v -6.836705 -2.133646 -0.299991
v -6.617242 -2.133646 0.300009
v -6.617242 -2.133646 -0.299991
v -6.617242 1.108308 0.300009
v -6.617242 1.108308 -0.299991
v -6.417994 1.108308 0.300009
v -6.417994 1.108308 -0.299991
v -6.386598 1.012584 0.300009
v -6.386598 1.012584 -0.299991
v -6.354519 0.918598 0.300009
v -6.354519 0.918598 -0.299991
v -6.321799 0.826500 0.300009
v -6.321799 0.826500 -0.299991
v -6.288477 0.736437 0.300009
v -6.288477 0.736437 -0.299991
v -6.254593 0.648560 0.300009
v -6.254593 0.648560 -0.299991
v -6.220188 0.563016 0.300009
v -6.220188 0.563016 -0.299991
v -6.185302 0.479956 0.300009
v -6.185302 0.479956 -0.299991
v -6.149975 0.399528 0.300009
v -6.149975 0.399528 -0.299991
v -6.114247 0.321881 0.300009
v -6.114247 0.321881 -0.299991
v -6.078157 0.247164 0.300009
v -6.078157 0.247164 -0.299991
v -6.041747 0.175526 0.300009
v -6.041747 0.175526 -0.299991
v -6.005056 0.107116 0.300009
v -6.005056 0.107116 -0.299991
v -5.995418 0.123828 0.300009
v -5.995418 0.123828 -0.299991
v -5.984027 0.142674 0.300009
v -5.984027 0.142674 -0.299991
v -5.971171 0.163210 0.300009
v -5.971171 0.163210 -0.299991
v -5.957143 0.184987 0.300009
v -5.957143 0.184987 -0.299991
v -5.942232 0.207558 0.300009
v -5.942232 0.207558 -0.299991
v -5.926729 0.230477 0.300009
v -5.926729 0.230477 -0.299991
v -5.910926 0.253297 0.300009
v -5.910926 0.253297 -0.299991
v -5.895111 0.275571 0.300009
v -5.895111 0.275571 -0.299991
v -5.879579 0.296851 0.300009
v -5.879579 0.296851 -0.299991
v -5.864616 0.316691 0.300009
v -5.864616 0.316691 -0.299991
v -5.850517 0.334644 0.300009
v -5.850517 0.334644 -0.299991
v -5.837571 0.350263 0.300009
v -5.837571 0.350263 -0.299991
v -5.901967 0.467232 0.300009
v -5.901967 0.467232 -0.299991
v -5.965057 0.593520 0.300009
v -5.965057 0.593520 -0.299991
v -6.026626 0.728317 0.300009
v -6.026626 0.728317 -0.299991
v -6.086448 0.870812 0.300009
v -6.086448 0.870812 -0.299991
v -6.144304 1.020194 0.300009
v -6.144304 1.020194 -0.299991
v -6.199976 1.175650 0.300009
v -6.199976 1.175650 -0.299991
v -6.253241 1.336372 0.300009
v -6.253241 1.336372 -0.299991
v -6.303878 1.501546 0.300009
v -6.303878 1.501546 -0.299991
v -6.351667 1.670362 0.300009
v -6.351667 1.670362 -0.299991
v -6.396390 1.842008 0.300009
v -6.396390 1.842008 -0.299991
v -6.437823 2.015675 0.300009
v -6.437823 2.015675 -0.299991
v -6.475747 2.190549 0.300009
v -6.475747 2.190549 -0.299991
v -6.683660 2.099965 0.300009
v -6.683660 2.099965 -0.299991
v -5.967045 2.036714 0.300009
v -5.967045 2.036714 -0.299991
v -5.945446 1.949543 0.300009
v -5.945446 1.949543 -0.299991
v -5.922985 1.862405 0.300009
v -5.922985 1.862405 -0.299991
v -5.899712 1.775416 0.300009
v -5.899712 1.775416 -0.299991
v -5.875676 1.688692 0.300009
v -5.875676 1.688692 -0.299991
v -5.850928 1.602349 0.300009
v -5.850928 1.602349 -0.299991
v -5.825520 1.516502 0.300009
v -5.825520 1.516502 -0.299991
v -5.799499 1.431268 0.300009
v -5.799499 1.431268 -0.299991
v -5.772917 1.346762 0.300009
v -5.772917 1.346762 -0.299991
v -5.745823 1.263100 0.300009
v -5.745823 1.263100 -0.299991
v -5.718267 1.180399 0.300009
v -5.718267 1.180399 -0.299991
v -5.690302 1.098773 0.300009
v -5.690302 1.098773 -0.299991
v -5.690302 -2.128879 0.300009
v -5.690302 -2.128879 -0.299991
v -5.473725 -2.128879 0.300008
v -5.473725 -2.128879 -0.299992
v -5.473725 0.536199 0.300008
v -5.473725 0.536199 -0.299992
v -5.450563 0.484155 0.300008
v -5.450563 0.484155 -0.299992
v -5.427282 0.432923 0.300008
v -5.427282 0.432923 -0.299992
v -5.403880 0.382519 0.300008
v -5.403880 0.382519 -0.299992
v -5.380358 0.332959 0.300008
v -5.380358 0.332959 -0.299992
v -5.356715 0.284259 0.300008
v -5.356715 0.284259 -0.299992
v -5.332952 0.236437 0.300008
v -5.332952 0.236437 -0.299992
v -5.309069 0.189509 0.300008
v -5.309069 0.189509 -0.299992
v -5.285065 0.143491 0.300008
v -5.285065 0.143491 -0.299992
v -5.260941 0.098401 0.300008
v -5.260941 0.098401 -0.299992
v -5.236696 0.054254 0.300008
v -5.236696 0.054254 -0.299992
v -5.212331 0.011067 0.300008
v -5.212331 0.011067 -0.299992
v -5.187846 -0.031143 0.300008
v -5.187846 -0.031143 -0.299992
v -5.181265 -0.008630 0.300008
v -5.181265 -0.008630 -0.299992
v -5.173221 0.017857 0.300008
v -5.173221 0.017857 -0.299992
v -5.163933 0.047522 0.300008
v -5.163933 0.047522 -0.299992
v -5.153623 0.079570 0.300008
v -5.153623 0.079570 -0.299992
v -5.142509 0.113208 0.300008
v -5.142509 0.113208 -0.299992
v -5.130815 0.147641 0.300008
v -5.130815 0.147641 -0.299992
v -5.118759 0.182073 0.300008
v -5.118759 0.182073 -0.299992
v -5.106564 0.215711 0.300008
v -5.106564 0.215711 -0.299992
v -5.094448 0.247760 0.300008
v -5.094448 0.247760 -0.299992
v -5.082634 0.277425 0.300008
v -5.082634 0.277425 -0.299992
v -5.071340 0.303912 0.300008
v -5.071340 0.303912 -0.299992
v -5.060788 0.326425 0.300008
v -5.060788 0.326425 -0.299992
v -5.131905 0.447163 0.300008
v -5.131905 0.447163 -0.299992
v -5.202086 0.577584 0.300008
v -5.202086 0.577584 -0.299992
v -5.271005 0.716845 0.300008
v -5.271005 0.716845 -0.299992
v -5.338328 0.864102 0.300008
v -5.338328 0.864102 -0.299992
v -5.403727 1.018510 0.300008
v -5.403727 1.018510 -0.299992
v -5.466869 1.179226 0.300008
v -5.466869 1.179226 -0.299992
v -5.527425 1.345404 0.300009
v -5.527425 1.345404 -0.299992
v -5.585063 1.516201 0.300009
v -5.585063 1.516201 -0.299991
v -5.639452 1.690772 0.300009
v -5.639452 1.690772 -0.299991
v -5.690262 1.868274 0.300009
v -5.690262 1.868274 -0.299991
v -5.737161 2.047861 0.300009
v -5.737161 2.047861 -0.299991
v -5.779819 2.228690 0.300009
v -5.779819 2.228690 -0.299991
v -5.987731 2.123803 0.300009
v -5.987731 2.123803 -0.299991
v -10.263886 2.110110 0.300011
v -10.263886 2.110110 -0.299989
v -10.298285 2.045646 0.300011
v -10.298285 2.045646 -0.299989
v -10.332545 1.978764 0.300011
v -10.332545 1.978764 -0.299989
v -10.366294 1.910145 0.300011
v -10.366294 1.910145 -0.299989
v -10.399159 1.840466 0.300011
v -10.399159 1.840466 -0.299989
v -10.430770 1.770406 0.300011
v -10.430770 1.770406 -0.299989
v -10.460759 1.700645 0.300011
v -10.460759 1.700645 -0.299989
v -10.488751 1.631859 0.300011
v -10.488751 1.631859 -0.299989
v -10.514379 1.564730 0.300011
v -10.514379 1.564730 -0.299989
v -10.537269 1.499934 0.300011
v -10.537269 1.499934 -0.299989
v -10.557050 1.438152 0.300011
v -10.557050 1.438152 -0.299989
v -10.573350 1.380061 0.300011
v -10.573350 1.380061 -0.299989
v -10.400090 1.203660 0.300011
v -10.400090 1.203660 -0.299989
v -10.383904 1.263224 0.300011
v -10.383904 1.263224 -0.299989
v -10.364450 1.326977 0.300011
v -10.364450 1.326977 -0.299989
v -10.342067 1.394140 0.300011
v -10.342067 1.394140 -0.299989
v -10.317098 1.463934 0.300011
v -10.317098 1.463934 -0.299989
v -10.289882 1.535583 0.300011
v -10.289882 1.535583 -0.299989
v -10.260762 1.608308 0.300011
v -10.260762 1.608308 -0.299989
v -10.230077 1.681331 0.300011
v -10.230077 1.681331 -0.299989
v -10.198169 1.753874 0.300011
v -10.198169 1.753874 -0.299989
v -10.165378 1.825159 0.300011
v -10.165378 1.825159 -0.299989
v -10.132045 1.894407 0.300011
v -10.132045 1.894407 -0.299989
v -10.098514 1.960842 0.300011
v -10.098514 1.960842 -0.299989
v -10.065120 2.023684 0.300011
v -10.065120 2.023684 -0.299989
v -10.229718 2.171479 0.300011
v -10.229718 2.171479 -0.299989
v -8.168492 2.075741 0.300010
v -8.168492 2.075741 -0.299990
v -8.191720 2.010661 0.300010
v -8.191720 2.010661 -0.299990
v -8.214305 1.943529 0.300010
v -8.214305 1.943529 -0.299990
v -8.236051 1.875006 0.300010
v -8.236051 1.875006 -0.299990
v -8.256751 1.805755 0.300010
v -8.256751 1.805755 -0.299990
v -8.276210 1.736437 0.300010
v -8.276210 1.736437 -0.299990
v -8.294225 1.667715 0.300010
v -8.294225 1.667715 -0.299990
v -8.310596 1.600252 0.300010
v -8.310596 1.600252 -0.299990
v -8.325120 1.534709 0.300010
v -8.325120 1.534709 -0.299990
v -8.337600 1.471748 0.300010
v -8.337600 1.471748 -0.299990
v -8.347833 1.412032 0.300010
v -8.347833 1.412032 -0.299990
v -8.355620 1.356223 0.300010
v -8.355620 1.356223 -0.299990
v -8.167922 1.237033 0.300010
v -8.167922 1.237033 -0.299990
v -8.160193 1.293127 0.300010
v -8.160193 1.293127 -0.299990
v -8.150142 1.353640 0.300010
v -8.150142 1.353640 -0.299990
v -8.137961 1.417829 0.300010
v -8.137961 1.417829 -0.299990
v -8.123858 1.484947 0.300010
v -8.123858 1.484947 -0.299990
v -8.108027 1.554251 0.300010
v -8.108027 1.554251 -0.299990
v -8.090676 1.624995 0.300010
v -8.090676 1.624995 -0.299990
v -8.072000 1.696434 0.300010
v -8.072000 1.696434 -0.299990
v -8.052199 1.767824 0.300010
v -8.052199 1.767824 -0.299990
v -8.031478 1.838418 0.300010
v -8.031478 1.838418 -0.299990
v -8.010036 1.907474 0.300010
v -8.010036 1.907474 -0.299990
v -7.988070 1.974245 0.300010
v -7.988070 1.974245 -0.299990
v -7.965783 2.037987 0.300010
v -7.965783 2.037987 -0.299990
v -8.144820 2.138106 0.300010
v -8.144820 2.138106 -0.299990
v -8.706937 2.167434 0.300010
v -8.706937 2.167434 -0.299990
v -8.722692 2.098597 0.300010
v -8.722692 2.098597 -0.299990
v -8.737742 2.027706 0.300010
v -8.737742 2.027706 -0.299990
v -8.751981 1.955525 0.300010
v -8.751981 1.955525 -0.299990
v -8.765298 1.882814 0.300010
v -8.765298 1.882814 -0.299990
v -8.777581 1.810334 0.300010
v -8.777581 1.810334 -0.299990
v -8.788722 1.738848 0.300010
v -8.788722 1.738848 -0.299990
v -8.798610 1.669117 0.300010
v -8.798610 1.669117 -0.299990
v -8.807136 1.601902 0.300010
v -8.807136 1.601902 -0.299990
v -8.814185 1.537964 0.300010
v -8.814185 1.537964 -0.299990
v -8.819652 1.478066 0.300010
v -8.819652 1.478066 -0.299990
v -8.823422 1.422969 0.300010
v -8.823422 1.422969 -0.299990
v -8.624173 1.341920 0.300010
v -8.624173 1.341920 -0.299990
v -8.621181 1.397208 0.300010
v -8.621181 1.397208 -0.299990
v -8.616580 1.457644 0.300010
v -8.616580 1.457644 -0.299990
v -8.610457 1.522417 0.300010
v -8.610457 1.522417 -0.299990
v -8.602891 1.590717 0.300010
v -8.602891 1.590717 -0.299990
v -8.593961 1.661731 0.300010
v -8.593961 1.661731 -0.299990
v -8.583747 1.734649 0.300010
v -8.583747 1.734649 -0.299990
v -8.572328 1.808660 0.300010
v -8.572328 1.808660 -0.299990
v -8.559789 1.882952 0.300010
v -8.559789 1.882952 -0.299990
v -8.546206 1.956714 0.300010
v -8.546206 1.956714 -0.299990
v -8.531661 2.029136 0.300010
v -8.531661 2.029136 -0.299990
v -8.516234 2.099405 0.300010
v -8.516234 2.099405 -0.299990
v -8.500005 2.166711 0.300010
v -8.500005 2.166711 -0.299990
v -8.690591 2.233457 0.300010
v -8.690591 2.233457 -0.299990
v -9.454591 2.028852 0.300011
v -9.454591 2.028852 -0.299989
v -9.429366 1.947028 0.300011
v -9.429366 1.947028 -0.299989
v -9.403440 1.864640 0.300011
v -9.403440 1.864640 -0.299989
v -9.377000 1.782303 0.300011
v -9.377000 1.782303 -0.299989
v -9.350240 1.700628 0.300011
v -9.350240 1.700628 -0.299989
v -9.323352 1.620227 0.300011
v -9.323352 1.620227 -0.299989
v -9.296521 1.541714 0.300011
v -9.296521 1.541714 -0.299989
v -9.269942 1.465700 0.300011
v -9.269942 1.465700 -0.299989
v -9.243806 1.392799 0.300011
v -9.243806 1.392799 -0.299989
v -9.218299 1.323622 0.300011
v -9.218299 1.323622 -0.299989
v -9.193614 1.258782 0.300011
v -9.193614 1.258782 -0.299989
v -9.169944 1.198892 0.300011
v -9.169944 1.198892 -0.299989
v -8.999570 1.303779 0.300010
v -8.999570 1.303779 -0.299990
v -9.022328 1.367587 0.300011
v -9.022328 1.367587 -0.299990
v -9.045678 1.436808 0.300011
v -9.045678 1.436808 -0.299990
v -9.069371 1.510498 0.300011
v -9.069371 1.510498 -0.299989
v -9.093152 1.587715 0.300011
v -9.093152 1.587715 -0.299989
v -9.116775 1.667514 0.300011
v -9.116775 1.667514 -0.299989
v -9.139983 1.748952 0.300011
v -9.139983 1.748952 -0.299989
v -9.162532 1.831085 0.300011
v -9.162532 1.831085 -0.299989
v -9.184167 1.912970 0.300011
v -9.184167 1.912970 -0.299989
v -9.204640 1.993663 0.300011
v -9.204640 1.993663 -0.299989
v -9.223699 2.072221 0.300011
v -9.223699 2.072221 -0.299989
v -9.241094 2.147699 0.300011
v -9.241094 2.147699 -0.299989
v -9.256572 2.219155 0.300011
v -9.256572 2.219155 -0.299989
v -9.478923 2.109500 0.300011
v -9.478923 2.109500 -0.299989
v -9.887710 2.110998 0.300011
v -9.887710 2.110998 -0.299989
v -9.889684 1.998720 0.300011
v -9.889684 1.998720 -0.299989
v -9.891997 1.887137 0.300011
v -9.891997 1.887137 -0.299989
v -9.894643 1.776299 0.300011
v -9.894643 1.776299 -0.299989
v -9.897609 1.666256 0.300011
v -9.897609 1.666256 -0.299989
v -9.900886 1.557057 0.300011
v -9.900886 1.557057 -0.299989
v -9.904464 1.448752 0.300011
v -9.904464 1.448752 -0.299989
v -9.908334 1.341390 0.300011
v -9.908334 1.341390 -0.299989
v -9.912482 1.235021 0.300011
v -9.912482 1.235021 -0.299989
v -9.916902 1.129696 0.300011
v -9.916902 1.129696 -0.299989
v -9.921582 1.025463 0.300011
v -9.921582 1.025463 -0.299989
v -9.926513 0.922373 0.300011
v -9.926513 0.922373 -0.299989
v -10.605115 1.060632 0.300011
v -10.605115 1.060632 -0.299989
v -10.631104 0.731669 0.300011
v -10.631104 0.731669 -0.299989
v -9.943839 0.588642 0.300011
v -9.943839 0.588642 -0.299989
v -9.951180 0.478698 0.300011
v -9.951180 0.478698 -0.299989
v -9.958772 0.370592 0.300011
v -9.958772 0.370592 -0.299989
v -9.966624 0.264372 0.300011
v -9.966624 0.264372 -0.299989
v -9.974748 0.160090 0.300011
v -9.974748 0.160090 -0.299989
v -9.983151 0.057794 0.300011
v -9.983151 0.057794 -0.299989
v -9.991845 -0.042466 0.300011
v -9.991845 -0.042466 -0.299989
v -10.000840 -0.140640 0.300011
v -10.000840 -0.140640 -0.299989
v -10.010148 -0.236679 0.300011
v -10.010148 -0.236679 -0.299989
v -10.019774 -0.330533 0.300011
v -10.019774 -0.330533 -0.299989
v -10.029733 -0.422151 0.300011
v -10.029733 -0.422151 -0.299989
v -10.040032 -0.511485 0.300011
v -10.040032 -0.511485 -0.299989
v -10.050681 -0.598486 0.300011
v -10.050681 -0.598486 -0.299989
v -10.082622 -0.514471 0.300011
v -10.082622 -0.514471 -0.299989
v -10.113460 -0.429347 0.300011
v -10.113460 -0.429347 -0.299989
v -10.143176 -0.343197 0.300011
v -10.143176 -0.343197 -0.299989
v -10.171748 -0.256103 0.300011
v -10.171748 -0.256103 -0.299989
v -10.199159 -0.168148 0.300011
v -10.199159 -0.168148 -0.299989
v -10.225385 -0.079415 0.300011
v -10.225385 -0.079415 -0.299989
v -10.250407 0.010013 0.300011
v -10.250407 0.010013 -0.299989
v -10.274209 0.100053 0.300011
v -10.274209 0.100053 -0.299989
v -10.296765 0.190623 0.300011
v -10.296765 0.190623 -0.299989
v -10.318059 0.281641 0.300011
v -10.318059 0.281641 -0.299989
v -10.338069 0.373022 0.300011
v -10.338069 0.373022 -0.299989
v -10.356774 0.464685 0.300011
v -10.356774 0.464685 -0.299989
v -10.527146 0.307355 0.300011
v -10.527146 0.307355 -0.299989
v -10.502311 0.191871 0.300011
v -10.502311 0.191871 -0.299989
v -10.475490 0.076767 0.300011
v -10.475490 0.076767 -0.299989
v -10.446744 -0.037773 0.300011
v -10.446744 -0.037773 -0.299989
v -10.416133 -0.151569 0.300011
v -10.416133 -0.151569 -0.299989
v -10.383716 -0.264438 0.300011
v -10.383716 -0.264438 -0.299989
v -10.349555 -0.376197 0.300011
v -10.349555 -0.376197 -0.299989
v -10.313710 -0.486665 0.300011
v -10.313710 -0.486665 -0.299989
v -10.276240 -0.595660 0.300011
v -10.276240 -0.595660 -0.299989
v -10.237206 -0.703000 0.300011
v -10.237206 -0.703000 -0.299989
v -10.196670 -0.808502 0.300011
v -10.196670 -0.808502 -0.299989
v -10.154689 -0.911984 0.300011
v -10.154689 -0.911984 -0.299989
v -10.111323 -1.013265 0.300011
v -10.111323 -1.013265 -0.299989
v -10.130452 -1.117012 0.300011
v -10.130452 -1.117012 -0.299989
v -10.150306 -1.213526 0.300011
v -10.150306 -1.213526 -0.299989
v -10.170880 -1.302523 0.300011
v -10.170880 -1.302523 -0.299989
v -10.192178 -1.383724 0.300011
v -10.192178 -1.383724 -0.299989
v -10.214196 -1.456846 0.300011
v -10.214196 -1.456846 -0.299989
v -10.236936 -1.521608 0.300011
v -10.236936 -1.521608 -0.299989
v -10.260398 -1.577730 0.300011
v -10.260398 -1.577730 -0.299989
v -10.284583 -1.624928 0.300011
v -10.284583 -1.624928 -0.299989
v -10.309489 -1.662923 0.300011
v -10.309489 -1.662923 -0.299989
v -10.335116 -1.691431 0.300011
v -10.335116 -1.691431 -0.299989
v -10.361466 -1.710173 0.300011
v -10.361466 -1.710173 -0.299989
v -10.388539 -1.718867 0.300011
v -10.388539 -1.718867 -0.299989
v -10.403279 -1.713531 0.300011
v -10.403279 -1.713531 -0.299989
v -10.417188 -1.697634 0.300011
v -10.417188 -1.697634 -0.299989
v -10.430274 -1.671340 0.300011
v -10.430274 -1.671340 -0.299989
v -10.442550 -1.634816 0.300011
v -10.442550 -1.634816 -0.299989
v -10.454022 -1.588228 0.300011
v -10.454022 -1.588228 -0.299989
v -10.464702 -1.531740 0.300011
v -10.464702 -1.531740 -0.299989
v -10.474599 -1.465518 0.300011
v -10.474599 -1.465518 -0.299989
v -10.483726 -1.389727 0.300011
v -10.483726 -1.389727 -0.299989
v -10.492089 -1.304535 0.300011
v -10.492089 -1.304535 -0.299989
v -10.499700 -1.210104 0.300011
v -10.499700 -1.210104 -0.299989
v -10.506570 -1.106603 0.300011
v -10.506570 -1.106603 -0.299989
v -10.512708 -0.994195 0.300011
v -10.512708 -0.994195 -0.299989
v -10.523665 -1.012424 0.300011
v -10.523665 -1.012424 -0.299989
v -10.536119 -1.031166 0.300011
v -10.536119 -1.031166 -0.299989
v -10.549752 -1.050139 0.300011
v -10.549752 -1.050139 -0.299989
v -10.564260 -1.069063 0.300011
v -10.564260 -1.069063 -0.299989
v -10.579328 -1.087656 0.300011
v -10.579328 -1.087656 -0.299989
v -10.594647 -1.105637 0.300011
v -10.594647 -1.105637 -0.299989
v -10.609906 -1.122724 0.300011
v -10.609906 -1.122724 -0.299989
v -10.624793 -1.138635 0.300011
v -10.624793 -1.138635 -0.299989
v -10.638999 -1.153089 0.300011
v -10.638999 -1.153089 -0.299989
v -10.652213 -1.165806 0.300011
v -10.652213 -1.165806 -0.299989
v -10.664123 -1.176502 0.300011
v -10.664123 -1.176502 -0.299989
v -10.674418 -1.184898 0.300011
v -10.674418 -1.184898 -0.299989
v -10.658319 -1.359985 0.300011
v -10.658319 -1.359985 -0.299989
v -10.640422 -1.514082 0.300011
v -10.640422 -1.514082 -0.299989
v -10.620860 -1.648247 0.300011
v -10.620860 -1.648247 -0.299989
v -10.599767 -1.763541 0.300011
v -10.599767 -1.763541 -0.299989
v -10.577268 -1.861023 0.300011
v -10.577268 -1.861023 -0.299989
v -10.553496 -1.941751 0.300011
v -10.553496 -1.941751 -0.299989
v -10.528583 -2.006787 0.300011
v -10.528583 -2.006787 -0.299989
v -10.502656 -2.057189 0.300011
v -10.502656 -2.057189 -0.299989
v -10.475846 -2.094016 0.300011
v -10.475846 -2.094016 -0.299989
v -10.448285 -2.118329 0.300011
v -10.448285 -2.118329 -0.299989
v -10.420102 -2.131186 0.300011
v -10.420102 -2.131186 -0.299989
v -10.391427 -2.133646 0.300011
v -10.391427 -2.133646 -0.299989
v -10.344132 -2.124354 0.300011
v -10.344132 -2.124354 -0.299989
v -10.298955 -2.103805 0.300011
v -10.298955 -2.103805 -0.299989
v -10.255843 -2.072264 0.300011
v -10.255843 -2.072264 -0.299989
v -10.214746 -2.029996 0.300011
v -10.214746 -2.029996 -0.299989
v -10.175612 -1.977265 0.300011
v -10.175612 -1.977265 -0.299989
v -10.138394 -1.914338 0.300011
v -10.138394 -1.914338 -0.299989
v -10.103044 -1.841478 0.300011
v -10.103044 -1.841478 -0.299989
v -10.069507 -1.758950 0.300011
v -10.069507 -1.758950 -0.299989
v -10.037732 -1.667020 0.300011
v -10.037732 -1.667020 -0.299989
v -10.007674 -1.565951 0.300011
v -10.007674 -1.565951 -0.299989
v -9.979280 -1.456010 0.300011
v -9.979280 -1.456010 -0.299989
v -9.952500 -1.337461 0.300011
v -9.952500 -1.337461 -0.299989
v -9.907987 -1.417491 0.300011
v -9.907987 -1.417491 -0.299989
v -9.862540 -1.495387 0.300011
v -9.862540 -1.495387 -0.299989
v -9.816194 -1.570998 0.300011
v -9.816194 -1.570998 -0.299989
v -9.768971 -1.644175 0.300011
v -9.768971 -1.644175 -0.299989
v -9.720910 -1.714770 0.300011
v -9.720910 -1.714770 -0.299989
v -9.672034 -1.782633 0.300011
v -9.672034 -1.782633 -0.299989
v -9.622378 -1.847617 0.300011
v -9.622378 -1.847617 -0.299989
v -9.571969 -1.909570 0.300011
v -9.571969 -1.909570 -0.299989
v -9.520839 -1.968346 0.300011
v -9.520839 -1.968346 -0.299989
v -9.469016 -2.023794 0.300011
v -9.469016 -2.023794 -0.299989
v -9.416532 -2.075765 0.300011
v -9.416532 -2.075765 -0.299989
v -9.363418 -2.124111 0.300011
v -9.363418 -2.124111 -0.299989
v -9.353507 -2.102202 0.300011
v -9.353507 -2.102202 -0.299989
v -9.342626 -2.079548 0.300011
v -9.342626 -2.079548 -0.299989
v -9.330884 -2.056397 0.300011
v -9.330884 -2.056397 -0.299989
v -9.318389 -2.032998 0.300011
v -9.318389 -2.032998 -0.299989
v -9.305253 -2.009598 0.300011
v -9.305253 -2.009598 -0.299989
v -9.291585 -1.986448 0.300011
v -9.291585 -1.986448 -0.299989
v -9.277497 -1.963793 0.300011
v -9.277497 -1.963793 -0.299989
v -9.263097 -1.941884 0.300011
v -9.263097 -1.941884 -0.299989
v -9.248496 -1.920968 0.300011
v -9.248496 -1.920968 -0.299989
v -9.233806 -1.901293 0.300011
v -9.233806 -1.901293 -0.299989
v -9.219136 -1.883109 0.300011
v -9.219136 -1.883109 -0.299989
v -9.204595 -1.866662 0.300011
v -9.204595 -1.866662 -0.299989
v -9.267690 -1.815245 0.300011
v -9.267690 -1.815245 -0.299989
v -9.329873 -1.758862 0.300011
v -9.329873 -1.758862 -0.299989
v -9.391074 -1.697711 0.300011
v -9.391074 -1.697711 -0.299989
v -9.451222 -1.631991 0.300011
v -9.451222 -1.631991 -0.299989
v -9.510247 -1.561901 0.300011
v -9.510247 -1.561901 -0.299989
v -9.568080 -1.487639 0.300011
v -9.568080 -1.487639 -0.299989
v -9.624648 -1.409405 0.300011
v -9.624648 -1.409405 -0.299989
v -9.679883 -1.327396 0.300011
v -9.679883 -1.327396 -0.299989
v -9.733716 -1.241811 0.300011
v -9.733716 -1.241811 -0.299989
v -9.786073 -1.152849 0.300011
v -9.786073 -1.152849 -0.299989
v -9.836886 -1.060709 0.300011
v -9.836886 -1.060709 -0.299989
v -9.886085 -0.965589 0.300011
v -9.886085 -0.965589 -0.299989
v -9.870563 -0.858733 0.300011
v -9.870563 -0.858733 -0.299989
v -9.855739 -0.748003 0.300011
v -9.855739 -0.748003 -0.299989
v -9.841598 -0.633498 0.300011
v -9.841598 -0.633498 -0.299989
v -9.828118 -0.515318 0.300011
v -9.828118 -0.515318 -0.299989
v -9.815282 -0.393563 0.300011
v -9.815282 -0.393563 -0.299989
v -9.803065 -0.268331 0.300011
v -9.803065 -0.268331 -0.299989
v -9.791451 -0.139722 0.300011
v -9.791451 -0.139722 -0.299989
v -9.780419 -0.007835 0.300011
v -9.780419 -0.007835 -0.299989
v -9.769946 0.127230 0.300011
v -9.769946 0.127230 -0.299989
v -9.760018 0.265374 0.300011
v -9.760018 0.265374 -0.299989
v -9.750609 0.406497 0.300011
v -9.750609 0.406497 -0.299989
v -9.741702 0.550501 0.300011
v -9.741702 0.550501 -0.299989
v -9.426946 0.483755 0.300011
v -9.426946 0.483755 -0.299989
v -9.400956 0.817486 0.300011
v -9.400956 0.817486 -0.299989
v -9.724376 0.884232 0.300011
v -9.724376 0.884232 -0.299989
v -9.719441 0.989712 0.300011
v -9.719441 0.989712 -0.299989
v -9.714749 1.096367 0.300011
v -9.714749 1.096367 -0.299989
v -9.710298 1.204181 0.300011
v -9.710298 1.204181 -0.299989
v -9.706086 1.313137 0.300011
v -9.706086 1.313137 -0.299989
v -9.702115 1.423219 0.300011
v -9.702115 1.423219 -0.299989
v -9.698386 1.534411 0.300011
v -9.698386 1.534411 -0.299989
v -9.694896 1.646694 0.300011
v -9.694896 1.646694 -0.299989
v -9.691648 1.760054 0.300011
v -9.691648 1.760054 -0.299989
v -9.688642 1.874473 0.300011
v -9.688642 1.874473 -0.299989
v -9.685874 1.989936 0.300011
v -9.685874 1.989936 -0.299989
v -9.683347 2.106424 0.300011
v -9.683347 2.106424 -0.299989
v -9.681060 2.223922 0.300011
v -9.681060 2.223922 -0.299989
v -9.886085 2.223922 0.300011
v -9.886085 2.223922 -0.299989
v -8.621285 -0.283825 0.300010
v -8.621285 -0.283825 -0.299990
v -8.621285 0.154792 0.300010
v -8.621285 0.154792 -0.299990
v -8.245889 0.154792 0.300010
v -8.245889 0.154792 -0.299990
v -8.245889 -0.283825 0.300010
v -8.245889 -0.283825 -0.299990
v -9.187270 -0.283825 0.300011
v -9.187270 -0.283825 -0.299989
v -9.187270 0.154792 0.300011
v -9.187270 0.154792 -0.299989
v -8.811872 0.154792 0.300010
v -8.811872 0.154792 -0.299990
v -8.811872 -0.283825 0.300010
v -8.811872 -0.283825 -0.299990
v -8.621285 0.421777 0.300010
v -8.621285 0.421777 -0.299990
v -8.621285 0.855626 0.300010
v -8.621285 0.855626 -0.299990
v -8.245889 0.855626 0.300010
v -8.245889 0.855626 -0.299990
v -8.245889 0.421777 0.300010
v -8.245889 0.421777 -0.299990
v -9.187270 0.421777 0.300011
v -9.187270 0.421777 -0.299989
v -9.187270 0.855626 0.300011
v -9.187270 0.855626 -0.299989
v -8.811872 0.855626 0.300010
v -8.811872 0.855626 -0.299990
v -8.811872 0.421777 0.300010
v -8.811872 0.421777 -0.299990
v -8.612622 -0.565113 0.300010
v -8.612622 -0.565113 -0.299990
v -8.061076 -0.565113 0.300010
v -8.061076 -0.565113 -0.299990
v -8.061076 1.136914 0.300010
v -8.061076 1.136914 -0.299990
v -9.377856 1.136914 0.300011
v -9.377856 1.136914 -0.299989
v -9.377856 -0.565113 0.300011
v -9.377856 -0.565113 -0.299989
v -8.820535 -0.565113 0.300010
v -8.820535 -0.565113 -0.299990
v -8.820535 -0.979892 0.300010
v -8.820535 -0.979892 -0.299990
v -9.467374 -0.979892 0.300011
v -9.467374 -0.979892 -0.299989
v -9.467374 -1.299320 0.300011
v -9.467374 -1.299320 -0.299989
v -8.820535 -1.299320 0.300010
v -8.820535 -1.299320 -0.299990
v -8.820535 -2.138414 0.300010
v -8.820535 -2.138414 -0.299990
v -8.612622 -2.138414 0.300010
v -8.612622 -2.138414 -0.299990
v -8.612622 -1.299320 0.300010
v -8.612622 -1.299320 -0.299990
v -7.957122 -1.299320 0.300010
v -7.957122 -1.299320 -0.299990
v -7.957122 -0.979892 0.300010
v -7.957122 -0.979892 -0.299990
v -8.612622 -0.979892 0.300010
v -8.612622 -0.979892 -0.299990
vn -0.0000 -0.0000 -1.0000
vn 0.0001 -0.0000 -1.0000
vn -0.0000 -0.0000 1.0000
vn 0.0001 -0.0000 1.0000
vn -0.9854 -0.1700 -0.0000
vn -0.9842 -0.1771 -0.0000
vn -0.9829 -0.1842 -0.0000
vn -0.9815 -0.1913 -0.0000
vn -0.9801 -0.1985 -0.0000
vn -0.9786 -0.2058 -0.0000
vn -0.9770 -0.2132 -0.0000
vn -0.9753 -0.2208 -0.0000
vn -0.9735 -0.2285 -0.0000
vn -0.9717 -0.2364 -0.0000
vn -0.9697 -0.2445 -0.0000
vn -0.9281 0.3723 -0.0000
vn 0.8553 0.5181 -0.0000
vn -0.8553 0.5181 -0.0000
vn -0.8553 -0.5181 -0.0000
vn 0.8553 -0.5181 -0.0000
vn -0.7092 -0.7051 -0.0000
vn -0.9530 -0.3029 -0.0000
vn -0.9500 -0.3122 -0.0000
vn -0.9467 -0.3223 -0.0000
vn -0.9429 -0.3330 -0.0000
vn -0.9388 -0.3445 -0.0000
vn -0.9341 -0.3569 -0.0000
vn -0.9289 -0.3703 -0.0000
vn -0.9230 -0.3848 -0.0000
vn -0.9164 -0.4004 -0.0000
vn -0.9088 -0.4173 -0.0000
vn -0.9001 -0.4356 -0.0000
vn -0.1540 -0.9881 -0.0000
vn 0.8007 -0.5991 -0.0000
vn 0.7851 -0.6194 -0.0000
vn 0.7724 -0.6352 -0.0000
vn 0.7614 -0.6483 -0.0000
vn 0.7514 -0.6599 -0.0000
vn 0.7418 -0.6706 -0.0000
vn 0.7322 -0.6811 -0.0000
vn 0.7220 -0.6919 -0.0000
vn 0.7105 -0.7037 -0.0000
vn 0.6968 -0.7173 -0.0000
vn 0.6791 -0.7340 -0.0000
vn 0.9940 -0.1090 -0.0000
vn 0.8963 0.4434 -0.0000
vn 0.9147 0.4042 -0.0000
vn 0.9292 0.3696 -0.0000
vn 0.9409 0.3386 -0.0000
vn 0.9506 0.3105 -0.0000
vn 0.9586 0.2849 -0.0000
vn 0.9653 0.2611 -0.0000
vn 0.9710 0.2389 -0.0000
vn 0.9760 0.2178 -0.0000
vn 0.9803 0.1977 -0.0000
vn 0.9840 0.1781 -0.0000
vn 0.7017 0.7125 -0.0000
vn -0.9401 0.3409 -0.0000
vn -0.9950 0.1001 -0.0000
vn -0.9767 0.2147 -0.0000
vn -0.9390 0.3440 -0.0000
vn -0.8759 0.4825 -0.0000
vn -0.7847 0.6199 -0.0000
vn -0.6690 0.7432 -0.0000
vn -0.5389 0.8423 -0.0000
vn -0.4071 0.9134 -0.0000
vn -0.2837 0.9589 -0.0000
vn -0.1744 0.9847 -0.0000
vn -0.0806 0.9967 -0.0000
vn -0.0142 0.9999 -0.0000
vn 0.0191 0.9998 -0.0000
vn 0.0399 0.9992 -0.0000
vn 0.0627 0.9980 -0.0000
vn 0.0874 0.9962 -0.0000
vn 0.1140 0.9935 -0.0000
vn 0.1421 0.9899 -0.0000
vn 0.1715 0.9852 -0.0000
vn 0.2020 0.9794 -0.0000
vn 0.2330 0.9725 -0.0000
vn 0.2641 0.9645 -0.0000
vn 0.2950 0.9555 -0.0000
vn -0.8155 0.5787 -0.0000
vn -0.8792 -0.4765 -0.0000
vn -0.2285 -0.9735 -0.0000
vn -0.2062 -0.9785 -0.0000
vn -0.1843 -0.9829 -0.0000
vn -0.1627 -0.9867 -0.0000
vn -0.1414 -0.9899 -0.0000
vn -0.1205 -0.9927 -0.0000
vn -0.0998 -0.9950 -0.0000
vn -0.0794 -0.9968 -0.0000
vn -0.0592 -0.9982 -0.0000
vn -0.0393 -0.9992 -0.0000
vn -0.0195 -0.9998 -0.0000
vn 0.0164 -0.9999 -0.0000
vn 0.0905 -0.9959 -0.0000
vn 0.1938 -0.9810 -0.0000
vn 0.3113 -0.9503 -0.0000
vn 0.4397 -0.8981 -0.0000
vn 0.5719 -0.8203 -0.0000
vn 0.6973 -0.7168 -0.0000
vn 0.8048 -0.5935 -0.0000
vn 0.8875 -0.4609 -0.0000
vn 0.9441 -0.3297 -0.0000
vn 0.9781 -0.2080 -0.0000
vn 0.9950 -0.0999 -0.0000
vn 0.9998 -0.0218 -0.0000
vn 0.9997 0.0228 -0.0000
vn 0.9984 0.0565 -0.0000
vn 0.9959 0.0900 -0.0000
vn 0.9925 0.1226 -0.0000
vn 0.9881 0.1538 -0.0000
vn 0.9831 0.1829 -0.0000
vn 0.9778 0.2095 -0.0000
vn 0.9725 0.2329 -0.0000
vn 0.9675 0.2528 -0.0000
vn 0.9632 0.2689 -0.0000
vn 0.9597 0.2811 -0.0000
vn 0.6285 0.7778 -0.0000
vn -0.9706 0.2406 -0.0000
vn -0.9295 -0.3688 -0.0000
vn -0.9365 -0.3506 -0.0000
vn -0.9445 -0.3285 -0.0000
vn -0.9532 -0.3024 -0.0000
vn -0.9621 -0.2726 -0.0000
vn -0.9709 -0.2394 -0.0000
vn -0.9791 -0.2033 -0.0000
vn -0.9863 -0.1648 -0.0000
vn -0.9922 -0.1246 -0.0000
vn -0.9965 -0.0833 -0.0000
vn -0.9991 -0.0415 -0.0000
vn -0.9999 0.0132 -0.0000
vn -0.7906 0.6124 -0.0000
vn -0.9972 0.0754 -0.0000
vn -0.9963 0.0865 -0.0000
vn -0.9953 0.0968 -0.0000
vn -0.9943 0.1065 -0.0000
vn -0.9933 0.1155 -0.0000
vn -0.9923 0.1239 -0.0000
vn -0.9913 0.1317 -0.0000
vn -0.9903 0.1391 -0.0000
vn -0.9893 0.1460 -0.0000
vn -0.9883 0.1525 -0.0000
vn -0.9874 0.1585 -0.0000
vn -0.7393 0.6733 -0.0000
vn 0.2271 0.9739 -0.0000
vn 0.2494 0.9684 -0.0000
vn 0.2717 0.9624 -0.0000
vn 0.2941 0.9558 -0.0000
vn 0.3165 0.9486 -0.0000
vn 0.3390 0.9408 -0.0000
vn 0.3616 0.9323 -0.0000
vn 0.3843 0.9232 -0.0000
vn 0.4071 0.9134 -0.0000
vn 0.4301 0.9028 -0.0000
vn 0.4532 0.8914 -0.0000
vn -0.7159 0.6982 -0.0000
vn -0.9306 -0.3661 -0.0000
vn -0.4032 -0.9151 -0.0000
vn -0.3863 -0.9224 -0.0000
vn -0.3698 -0.9291 -0.0000
vn -0.3535 -0.9354 -0.0000
vn -0.3373 -0.9414 -0.0000
vn -0.3209 -0.9471 -0.0000
vn -0.3042 -0.9526 -0.0000
vn -0.2870 -0.9579 -0.0000
vn -0.2692 -0.9631 -0.0000
vn -0.2506 -0.9681 -0.0000
vn -0.2311 -0.9729 -0.0000
vn -0.9341 -0.3570 -0.0000
vn -0.9782 0.2078 -0.0000
vn -0.7016 0.7126 -0.0000
vn 0.2240 0.9746 -0.0000
vn 0.2517 0.9678 -0.0000
vn 0.2780 0.9606 -0.0000
vn 0.3030 0.9530 -0.0000
vn 0.3267 0.9451 -0.0000
vn 0.3493 0.9370 -0.0000
vn 0.3708 0.9287 -0.0000
vn 0.3914 0.9202 -0.0000
vn 0.4110 0.9116 -0.0000
vn 0.4300 0.9028 -0.0000
vn 0.4483 0.8939 -0.0000
vn -0.7154 0.6987 -0.0000
vn -0.9303 -0.3668 -0.0000
vn -0.3911 -0.9203 -0.0000
vn -0.3747 -0.9271 -0.0000
vn -0.3591 -0.9333 -0.0000
vn -0.3439 -0.9390 -0.0000
vn -0.3292 -0.9443 -0.0000
vn -0.3147 -0.9492 -0.0000
vn -0.3005 -0.9538 -0.0000
vn -0.2864 -0.9581 -0.0000
vn -0.2723 -0.9622 -0.0000
vn -0.2582 -0.9661 -0.0000
vn -0.2439 -0.9698 -0.0000
vn -0.9530 -0.3030 -0.0000
vn -0.9576 0.2882 -0.0000
vn -0.9560 0.2932 -0.0000
vn -0.9543 0.2988 -0.0000
vn -0.9523 0.3051 -0.0000
vn -0.9501 0.3121 -0.0000
vn -0.9475 0.3197 -0.0000
vn -0.9446 0.3281 -0.0000
vn -0.9414 0.3373 -0.0000
vn -0.9378 0.3473 -0.0000
vn -0.9336 0.3582 -0.0000
vn -0.9290 0.3701 -0.0000
vn -0.9233 0.3841 -0.0000
vn -0.9168 0.3994 -0.0000
vn -0.9101 0.4143 -0.0000
vn -0.9034 0.4288 -0.0000
vn -0.8967 0.4427 -0.0000
vn -0.8901 0.4558 -0.0000
vn -0.8837 0.4681 -0.0000
vn -0.8776 0.4794 -0.0000
vn -0.8720 0.4896 -0.0000
vn -0.8669 0.4985 -0.0000
vn -0.8624 0.5063 -0.0000
vn -0.8586 0.5127 -0.0000
vn -0.9983 0.0577 -0.0000
vn -0.5381 -0.8429 -0.0000
vn 0.3525 -0.9358 -0.0000
vn 0.3098 -0.9508 -0.0000
vn 0.2762 -0.9611 -0.0000
vn 0.2495 -0.9684 -0.0000
vn 0.2285 -0.9736 -0.0000
vn 0.2120 -0.9773 -0.0000
vn 0.1995 -0.9799 -0.0000
vn 0.1906 -0.9817 -0.0000
vn 0.1849 -0.9828 -0.0000
vn 0.1825 -0.9832 -0.0000
vn 0.1837 -0.9830 -0.0000
vn 0.9011 -0.4337 -0.0000
vn 0.7957 0.6057 -0.0000
vn -0.1823 0.9832 -0.0000
vn -0.1813 0.9834 -0.0000
vn -0.1807 0.9835 -0.0000
vn -0.1805 0.9836 -0.0000
vn -0.1824 0.9832 -0.0000
vn -0.1841 0.9829 -0.0000
vn -0.1865 0.9824 -0.0000
vn -0.1900 0.9818 -0.0000
vn -0.1951 0.9808 -0.0000
vn 0.9346 0.3558 -0.0000
vn 0.9341 -0.3571 -0.0000
vn 0.9378 -0.3471 -0.0000
vn 0.9413 -0.3375 -0.0000
vn 0.9446 -0.3281 -0.0000
vn 0.9477 -0.3191 -0.0000
vn 0.9506 -0.3103 -0.0000
vn 0.9534 -0.3018 -0.0000
vn 0.9560 -0.2935 -0.0000
vn 0.9584 -0.2854 -0.0000
vn 0.9607 -0.2776 -0.0000
vn 0.9629 -0.2699 -0.0000
vn 0.6959 -0.7181 -0.0000
vn -0.1210 -0.9927 -0.0000
vn -0.0966 -0.9953 -0.0000
vn -0.0738 -0.9973 -0.0000
vn -0.0522 -0.9986 -0.0000
vn -0.0313 -0.9995 -0.0000
vn -0.0109 -0.9999 -0.0000
vn 0.0093 -1.0000 -0.0000
vn 0.0297 -0.9996 -0.0000
vn 0.0504 -0.9987 -0.0000
vn 0.0718 -0.9974 -0.0000
vn 0.0940 -0.9956 -0.0000
vn 0.8578 -0.5140 -0.0000
vn 0.8450 0.5347 -0.0000
vn -0.1442 0.9895 -0.0000
vn -0.1160 0.9932 -0.0000
vn -0.0888 0.9960 -0.0000
vn -0.0625 0.9980 -0.0000
vn -0.0369 0.9993 -0.0000
vn -0.0117 0.9999 -0.0000
vn 0.0132 0.9999 -0.0000
vn 0.0382 0.9993 -0.0000
vn 0.0634 0.9980 -0.0000
vn 0.0894 0.9960 -0.0000
vn 0.1163 0.9932 -0.0000
vn 0.9343 0.3565 -0.0000
vn 0.9764 -0.2160 -0.0000
vn 0.7428 -0.6695 -0.0000
vn -0.0767 -0.9971 -0.0000
vn -0.0525 -0.9986 -0.0000
vn -0.0298 -0.9996 -0.0000
vn -0.0084 -1.0000 -0.0000
vn 0.0121 -0.9999 -0.0000
vn 0.0317 -0.9995 -0.0000
vn 0.0509 -0.9987 -0.0000
vn 0.0696 -0.9976 -0.0000
vn 0.0882 -0.9961 -0.0000
vn 0.1066 -0.9943 -0.0000
vn 0.1251 -0.9921 -0.0000
vn 0.8584 -0.5129 -0.0000
vn 0.8458 0.5336 -0.0000
vn -0.1669 0.9860 -0.0000
vn -0.1447 0.9895 -0.0000
vn -0.1225 0.9925 -0.0000
vn -0.1003 0.9950 -0.0000
vn -0.0781 0.9969 -0.0000
vn -0.0557 0.9984 -0.0000
vn -0.0331 0.9995 -0.0000
vn -0.0103 0.9999 -0.0000
vn 0.0129 0.9999 -0.0000
vn 0.0366 0.9993 -0.0000
vn 0.0608 0.9981 -0.0000
vn 0.9158 0.4016 -0.0000
vn 0.9863 -0.1647 -0.0000
vn 0.9863 -0.1649 -0.0000
vn 0.9854 -0.1700 -0.0000
vn 0.9846 -0.1749 -0.0000
vn 0.9837 -0.1796 -0.0000
vn 0.9829 -0.1841 -0.0000
vn 0.9821 -0.1883 -0.0000
vn 0.9813 -0.1925 -0.0000
vn 0.9805 -0.1964 -0.0000
vn 0.9797 -0.2003 -0.0000
vn 0.9790 -0.2041 -0.0000
vn 0.9782 -0.2078 -0.0000
vn 0.9372 0.3488 -0.0000
vn -0.6171 0.7869 -0.0000
vn -0.6358 0.7718 -0.0000
vn -0.6524 0.7578 -0.0000
vn -0.6678 0.7444 -0.0000
vn -0.6824 0.7309 -0.0000
vn -0.6970 0.7171 -0.0000
vn -0.7119 0.7023 -0.0000
vn -0.7277 0.6859 -0.0000
vn -0.7449 0.6671 -0.0000
vn -0.7643 0.6448 -0.0000
vn -0.7868 0.6172 -0.0000
vn -0.9991 0.0428 -0.0000
vn -0.0999 -0.9950 -0.0000
vn 0.7996 -0.6005 -0.0000
vn 0.7796 -0.6263 -0.0000
vn 0.7622 -0.6474 -0.0000
vn 0.7465 -0.6654 -0.0000
vn 0.7320 -0.6813 -0.0000
vn 0.7182 -0.6958 -0.0000
vn 0.7046 -0.7096 -0.0000
vn 0.6907 -0.7232 -0.0000
vn 0.6760 -0.7369 -0.0000
vn 0.6600 -0.7512 -0.0000
vn 0.6419 -0.7668 -0.0000
vn 0.9957 -0.0921 -0.0000
vn 0.2642 0.9645 -0.0000
vn -0.9169 -0.3992 -0.0000
vn -0.9068 -0.4216 -0.0000
vn -0.8962 -0.4437 -0.0000
vn -0.8851 -0.4655 -0.0000
vn -0.8734 -0.4870 -0.0000
vn -0.8613 -0.5082 -0.0000
vn -0.8486 -0.5291 -0.0000
vn -0.8353 -0.5497 -0.0000
vn -0.8216 -0.5701 -0.0000
vn -0.8072 -0.5903 -0.0000
vn -0.7923 -0.6102 -0.0000
vn -0.9880 -0.1543 -0.0000
vn -0.9627 0.2706 -0.0000
vn -0.9532 0.3023 -0.0000
vn -0.9406 0.3395 -0.0000
vn -0.9235 0.3836 -0.0000
vn -0.8998 0.4363 -0.0000
vn -0.8660 0.5000 -0.0000
vn -0.8168 0.5769 -0.0000
vn -0.7437 0.6685 -0.0000
vn -0.6342 0.7732 -0.0000
vn -0.4740 0.8805 -0.0000
vn -0.2566 0.9665 -0.0000
vn 0.0014 1.0000 -0.0000
vn 0.2904 0.9569 -0.0000
vn 0.5745 0.8185 -0.0000
vn 0.7783 0.6279 -0.0000
vn 0.8912 0.4537 -0.0000
vn 0.9468 0.3219 -0.0000
vn 0.9735 0.2287 -0.0000
vn 0.9865 0.1639 -0.0000
vn 0.9930 0.1184 -0.0000
vn 0.9963 0.0862 -0.0000
vn 0.9980 0.0633 -0.0000
vn 0.9989 0.0467 -0.0000
vn 0.5228 0.8525 -0.0000
vn -0.8492 0.5280 -0.0000
vn -0.8291 0.5590 -0.0000
vn -0.8095 0.5871 -0.0000
vn -0.7902 0.6129 -0.0000
vn -0.7706 0.6373 -0.0000
vn -0.7504 0.6610 -0.0000
vn -0.7290 0.6845 -0.0000
vn -0.7056 0.7086 -0.0000
vn -0.6791 0.7340 -0.0000
vn -0.6481 0.7616 -0.0000
vn -0.6099 0.7925 -0.0000
vn -0.9474 0.3200 -0.0000
vn -0.9954 -0.0963 -0.0000
vn -0.9921 -0.1255 -0.0000
vn -0.9860 -0.1665 -0.0000
vn -0.9747 -0.2235 -0.0000
vn -0.9534 -0.3017 -0.0000
vn -0.9136 -0.4065 -0.0000
vn -0.8419 -0.5396 -0.0000
vn -0.7225 -0.6914 -0.0000
vn -0.5502 -0.8350 -0.0000
vn -0.3482 -0.9374 -0.0000
vn -0.1577 -0.9875 -0.0000
vn 0.0177 -0.9998 -0.0000
vn 0.2102 -0.9777 -0.0000
vn 0.4030 -0.9152 -0.0000
vn 0.5613 -0.8276 -0.0000
vn 0.6811 -0.7322 -0.0000
vn 0.7677 -0.6408 -0.0000
vn 0.8291 -0.5591 -0.0000
vn 0.8727 -0.4883 -0.0000
vn 0.9039 -0.4277 -0.0000
vn 0.9266 -0.3761 -0.0000
vn 0.9433 -0.3319 -0.0000
vn 0.9558 -0.2940 -0.0000
vn 0.4341 -0.9009 -0.0000
vn -0.7097 -0.7045 -0.0000
vn -0.6910 -0.7228 -0.0000
vn -0.6720 -0.7406 -0.0000
vn -0.6525 -0.7578 -0.0000
vn -0.6327 -0.7744 -0.0000
vn -0.6124 -0.7905 -0.0000
vn -0.5918 -0.8061 -0.0000
vn -0.5707 -0.8211 -0.0000
vn -0.5493 -0.8356 -0.0000
vn -0.5274 -0.8496 -0.0000
vn -0.5050 -0.8631 -0.0000
vn 0.5398 -0.8418 -0.0000
vn 0.9468 -0.3220 -0.0000
vn 0.9409 -0.3386 -0.0000
vn 0.9353 -0.3540 -0.0000
vn 0.9296 -0.3687 -0.0000
vn 0.9237 -0.3832 -0.0000
vn 0.9174 -0.3979 -0.0000
vn 0.9106 -0.4133 -0.0000
vn 0.9029 -0.4298 -0.0000
vn 0.8941 -0.4478 -0.0000
vn 0.8837 -0.4681 -0.0000
vn 0.8710 -0.4914 -0.0000
vn 0.9881 0.1536 -0.0000
vn 0.4710 0.8822 -0.0000
vn 0.4982 0.8670 -0.0000
vn 0.5246 0.8514 -0.0000
vn 0.5501 0.8351 -0.0000
vn 0.5747 0.8184 -0.0000
vn 0.5985 0.8011 -0.0000
vn 0.6216 0.7833 -0.0000
vn 0.6440 0.7651 -0.0000
vn 0.6656 0.7463 -0.0000
vn 0.6866 0.7270 -0.0000
vn 0.7069 0.7073 -0.0000
vn 0.9756 0.2194 -0.0000
vn 0.9836 -0.1806 -0.0000
vn 0.9855 -0.1700 -0.0000
vn 0.9871 -0.1600 -0.0000
vn 0.9886 -0.1505 -0.0000
vn 0.9899 -0.1415 -0.0000
vn 0.9911 -0.1330 -0.0000
vn 0.9922 -0.1249 -0.0000
vn 0.9931 -0.1172 -0.0000
vn 0.9940 -0.1098 -0.0000
vn 0.9947 -0.1027 -0.0000
vn 0.9954 -0.0959 -0.0000
vn 0.7591 -0.6509 -0.0000
vn 0.7464 -0.6655 -0.0000
vn 0.9242 0.3818 -0.0000
vn 0.9135 0.4069 -0.0000
vn 0.9975 -0.0709 -0.0000
vn 0.9976 -0.0695 -0.0000
vn 0.9977 -0.0679 -0.0000
vn 0.9978 -0.0659 -0.0000
vn 0.9980 -0.0636 -0.0000
vn 0.9981 -0.0611 -0.0000
vn 0.9983 -0.0582 -0.0000
vn 0.9985 -0.0551 -0.0000
vn 0.9987 -0.0516 -0.0000
vn 0.9989 -0.0478 -0.0000
vn 0.9990 -0.0438 -0.0000
vn 0.7980 -0.6027 -0.0000
vn 0.7645 -0.6446 -0.0000
vn 0.9168 0.3995 -0.0000
vn 0.8967 0.4425 -0.0000
vn 0.9995 -0.0316 -0.0000
vn 0.9996 -0.0287 -0.0000
vn 0.9997 -0.0260 -0.0000
vn 0.9997 -0.0234 -0.0000
vn 0.9998 -0.0210 -0.0000
vn 0.9998 -0.0188 -0.0000
vn 0.9999 -0.0166 -0.0000
vn 0.9999 -0.0147 -0.0000
vn 0.9999 -0.0128 -0.0000
vn 0.9999 -0.0111 -0.0000
vn 1.0000 -0.0095 -0.0000
vn 0.8586 0.5126 -0.0000
vn -0.8551 0.5185 -0.0000
vn -1.0000 0.0015 -0.0000
vn -1.0000 0.0031 -0.0000
vn -1.0000 0.0048 -0.0000
vn -1.0000 0.0067 -0.0000
vn -1.0000 0.0088 -0.0000
vn -0.9999 0.0110 -0.0000
vn -0.9999 0.0133 -0.0000
vn -0.9999 0.0158 -0.0000
vn -0.9998 0.0184 -0.0000
vn -0.9998 0.0211 -0.0000
vn -0.9997 0.0241 -0.0000
vn -0.8063 0.5915 -0.0000
vn -0.7644 0.6448 -0.0000
vn -0.9169 -0.3991 -0.0000
vn -0.9022 -0.4313 -0.0000
vn -0.9986 0.0531 -0.0000
vn -0.9986 0.0538 -0.0000
vn -0.9985 0.0547 -0.0000
vn -0.9984 0.0558 -0.0000
vn -0.9984 0.0572 -0.0000
vn -0.9983 0.0588 -0.0000
vn -0.9982 0.0606 -0.0000
vn -0.9980 0.0627 -0.0000
vn -0.9979 0.0650 -0.0000
vn -0.9977 0.0676 -0.0000
vn -0.9975 0.0705 -0.0000
vn -0.7719 0.6358 -0.0000
vn -0.7460 0.6659 -0.0000
vn -0.9256 -0.3785 -0.0000
vn -0.9205 -0.3907 -0.0000
vn -0.9950 0.0996 -0.0000
vn -0.9945 0.1047 -0.0000
vn -0.9939 0.1102 -0.0000
vn -0.9932 0.1160 -0.0000
vn -0.9925 0.1223 -0.0000
vn -0.9917 0.1289 -0.0000
vn -0.9907 0.1361 -0.0000
vn -0.9896 0.1437 -0.0000
vn -0.9884 0.1519 -0.0000
vn -0.9870 0.1606 -0.0000
vn -0.9855 0.1699 -0.0000
vn -0.4620 0.8869 -0.0000
vn 0.8038 0.5949 -0.0000
vn 0.8170 0.5767 -0.0000
vn 0.8297 0.5582 -0.0000
vn 0.8421 0.5394 -0.0000
vn 0.8540 0.5202 -0.0000
vn 0.8656 0.5007 -0.0000
vn 0.8768 0.4808 -0.0000
vn 0.8876 0.4607 -0.0000
vn 0.8979 0.4402 -0.0000
vn 0.9078 0.4194 -0.0000
vn 0.9172 0.3983 -0.0000
vn 0.4017 0.9158 -0.0000
vn -0.9873 0.1588 -0.0000
vn -0.6933 0.7207 -0.0000
vn -0.7025 0.7117 -0.0000
vn -0.7109 0.7033 -0.0000
vn -0.7188 0.6952 -0.0000
vn -0.7264 0.6873 -0.0000
vn -0.7338 0.6794 -0.0000
vn -0.7411 0.6714 -0.0000
vn -0.7486 0.6631 -0.0000
vn -0.7562 0.6543 -0.0000
vn -0.7642 0.6450 -0.0000
vn -0.7726 0.6349 -0.0000
vn 0.4567 0.8896 -0.0000
vn 0.9809 0.1945 -0.0000
vn 0.9832 0.1825 -0.0000
vn 0.9853 0.1710 -0.0000
vn 0.9871 0.1598 -0.0000
vn 0.9888 0.1491 -0.0000
vn 0.9903 0.1388 -0.0000
vn 0.9917 0.1289 -0.0000
vn 0.9928 0.1194 -0.0000
vn 0.9939 0.1103 -0.0000
vn 0.9948 0.1015 -0.0000
vn 0.9956 0.0932 -0.0000
vn 0.8862 -0.4633 -0.0000
vn -0.7699 -0.6382 -0.0000
vn -0.9807 -0.1956 -0.0000
vn -0.9782 -0.2077 -0.0000
vn -0.9720 -0.2348 -0.0000
vn -0.9683 -0.2499 -0.0000
vn -0.9639 -0.2662 -0.0000
vn -0.9589 -0.2838 -0.0000
vn -0.9461 -0.3238 -0.0000
vn -0.9380 -0.3465 -0.0000
vn -0.9285 -0.3713 -0.0000
vn -0.0045 -1.0000 -0.0000
vn 0.9171 -0.3988 -0.0000
vn 0.9086 -0.4176 -0.0000
vn 0.9016 -0.4325 -0.0000
vn 0.8955 -0.4451 -0.0000
vn 0.8897 -0.4566 -0.0000
vn 0.8839 -0.4677 -0.0000
vn 0.8778 -0.4790 -0.0000
vn 0.8710 -0.4912 -0.0000
vn 0.8631 -0.5050 -0.0000
vn 0.8532 -0.5215 -0.0000
vn 0.8401 -0.5424 -0.0000
vn 0.9977 -0.0678 -0.0000
vn 0.9301 0.3672 -0.0000
vn 0.9453 0.3262 -0.0000
vn 0.9569 0.2905 -0.0000
vn 0.9658 0.2593 -0.0000
vn 0.9727 0.2319 -0.0000
vn 0.9782 0.2077 -0.0000
vn 0.9825 0.1862 -0.0000
vn 0.9860 0.1670 -0.0000
vn 0.9887 0.1498 -0.0000
vn 0.9909 0.1343 -0.0000
vn 0.9927 0.1203 -0.0000
vn 0.8937 -0.4487 -0.0000
vn -0.8061 -0.5918 -0.0000
vn -0.9930 -0.1179 -0.0000
vn -0.9927 -0.1207 -0.0000
vn -0.9923 -0.1238 -0.0000
vn -0.9919 -0.1271 -0.0000
vn -0.9914 -0.1307 -0.0000
vn -0.9909 -0.1345 -0.0000
vn -0.9904 -0.1386 -0.0000
vn -0.9897 -0.1429 -0.0000
vn -0.9891 -0.1475 -0.0000
vn -0.9883 -0.1524 -0.0000
vn -0.9875 -0.1576 -0.0000
vn -0.9069 0.4215 -0.0000
vn 0.1848 0.9828 -0.0000
vn -0.0551 0.9985 -0.0000
vn -0.9324 0.3615 -0.0000
vn -0.9951 -0.0986 -0.0000
vn -0.9916 -0.1290 -0.0000
vn -0.9867 -0.1624 -0.0000
vn -0.9799 -0.1993 -0.0000
vn -0.9707 -0.2401 -0.0000
vn -0.9584 -0.2853 -0.0000
vn -0.9421 -0.3354 -0.0000
vn -0.8922 -0.4517 -0.0000
vn -0.8552 -0.5183 -0.0000
vn -0.8074 -0.5901 -0.0000
vn 0.2724 -0.9622 -0.0000
vn 0.9213 -0.3889 -0.0000
vn 0.9089 -0.4171 -0.0000
vn 0.8978 -0.4404 -0.0000
vn 0.8874 -0.4609 -0.0000
vn 0.8772 -0.4801 -0.0000
vn 0.8666 -0.4991 -0.0000
vn 0.8549 -0.5189 -0.0000
vn 0.8413 -0.5405 -0.0000
vn 0.8248 -0.5655 -0.0000
vn 0.8032 -0.5957 -0.0000
vn 0.7732 -0.6342 -0.0000
vn 1.0000 0.0022 -0.0000
vn 0.7676 0.6410 -0.0000
vn 0.8006 0.5992 -0.0000
vn 0.8777 0.4793 -0.0000
vn 0.8970 0.4419 -0.0000
vn 0.9138 0.4061 -0.0000
vn 0.9283 0.3719 -0.0000
vn 0.9406 0.3394 -0.0000
vn 0.9512 0.3085 -0.0000
vn 0.9602 0.2792 -0.0000
vn 0.9916 -0.1295 -0.0000
vn 0.8169 -0.5768 -0.0000
vn 0.8051 -0.5932 -0.0000
vn 0.7942 -0.6076 -0.0000
vn 0.7842 -0.6205 -0.0000
vn 0.7747 -0.6323 -0.0000
vn 0.7657 -0.6432 -0.0000
vn 0.7569 -0.6536 -0.0000
vn 0.7481 -0.6635 -0.0000
vn 0.7393 -0.6733 -0.0000
vn 0.7302 -0.6832 -0.0000
vn 0.7206 -0.6933 -0.0000
vn 0.9943 -0.1066 -0.0000
vn 0.3056 0.9522 -0.0000
vn 0.9589 0.2836 -0.0000
vn 0.9440 0.3299 -0.0000
vn 0.9262 0.3771 -0.0000
vn 0.9042 0.4272 -0.0000
vn 0.8761 0.4822 -0.0000
vn 0.8388 0.5444 -0.0000
vn 0.7878 0.6159 -0.0000
vn 0.7157 0.6984 -0.0000
vn 0.6116 0.7912 -0.0000
vn 0.4613 0.8872 -0.0000
vn 0.2538 0.9673 -0.0000
vn -0.0032 1.0000 -0.0000
vn -0.2744 0.9616 -0.0000
vn -0.5106 0.8598 -0.0000
vn -0.6847 0.7288 -0.0000
vn -0.8012 0.5984 -0.0000
vn -0.8764 0.4817 -0.0000
vn -0.9245 0.3813 -0.0000
vn -0.9553 0.2955 -0.0000
vn -0.9751 0.2217 -0.0000
vn -0.9876 0.1571 -0.0000
vn -0.9950 0.0997 -0.0000
vn -0.9989 0.0479 -0.0000
vn -1.0000 -0.0047 -0.0000
vn -0.9976 -0.0687 -0.0000
vn -0.9893 -0.1458 -0.0000
vn -0.9726 -0.2326 -0.0000
vn -0.9446 -0.3282 -0.0000
vn -0.9025 -0.4306 -0.0000
vn -0.8444 -0.5358 -0.0000
vn -0.7698 -0.6383 -0.0000
vn -0.6810 -0.7323 -0.0000
vn -0.5828 -0.8126 -0.0000
vn -0.4812 -0.8766 -0.0000
vn -0.3819 -0.9242 -0.0000
vn 0.5627 -0.8267 -0.0000
vn 0.9670 0.2547 -0.0000
vn 0.3202 0.9474 -0.0000
vn 0.4131 0.9107 -0.0000
vn 0.5148 0.8573 -0.0000
vn 0.6196 0.7849 -0.0000
vn 0.7200 0.6940 -0.0000
vn 0.8084 0.5886 -0.0000
vn 0.8795 0.4758 -0.0000
vn 0.9317 0.3631 -0.0000
vn 0.9665 0.2567 -0.0000
vn 0.9871 0.1601 -0.0000
vn 0.9972 0.0750 -0.0000
vn 1.0000 0.0088 -0.0000
vn 0.9993 -0.0367 -0.0000
vn 0.9970 -0.0772 -0.0000
vn 0.9924 -0.1233 -0.0000
vn 0.9842 -0.1771 -0.0000
vn 0.9705 -0.2410 -0.0000
vn 0.9478 -0.3189 -0.0000
vn 0.9099 -0.4149 -0.0000
vn 0.8457 -0.5337 -0.0000
vn 0.7369 -0.6760 -0.0000
vn 0.5598 -0.8286 -0.0000
vn 0.3033 -0.9529 -0.0000
vn -0.0206 -0.9998 -0.0000
vn -0.3527 -0.9357 -0.0000
vn -0.5946 -0.8041 -0.0000
vn -0.7374 -0.6755 -0.0000
vn -0.8221 -0.5694 -0.0000
vn -0.8753 -0.4836 -0.0000
vn -0.9109 -0.4125 -0.0000
vn -0.9364 -0.3509 -0.0000
vn -0.9556 -0.2946 -0.0000
vn -0.9707 -0.2402 -0.0000
vn -0.9829 -0.1843 -0.0000
vn -0.9923 -0.1235 -0.0000
vn -0.9967 -0.0810 -0.0000
vn -0.9980 -0.0631 -0.0000
vn -0.9988 -0.0483 -0.0000
vn -0.9995 -0.0330 -0.0000
vn -0.9998 -0.0178 -0.0000
vn -1.0000 -0.0028 -0.0000
vn -0.9999 0.0114 -0.0000
vn -0.9997 0.0248 -0.0000
vn -0.9993 0.0369 -0.0000
vn -0.9989 0.0478 -0.0000
vn -0.9984 0.0573 -0.0000
vn -0.9979 0.0655 -0.0000
vn -0.8947 -0.4468 -0.0000
vn 0.8020 -0.5974 -0.0000
vn 0.9972 -0.0754 -0.0000
vn 0.9975 -0.0708 -0.0000
vn 0.9978 -0.0658 -0.0000
vn 0.9982 -0.0602 -0.0000
vn 0.9985 -0.0542 -0.0000
vn 0.9989 -0.0477 -0.0000
vn 0.9992 -0.0408 -0.0000
vn 0.9994 -0.0335 -0.0000
vn 0.9997 -0.0258 -0.0000
vn 0.9998 -0.0176 -0.0000
vn 1.0000 -0.0090 -0.0000
vn 1.0000 0.0024 -0.0000
vn 0.9999 0.0170 -0.0000
vn 0.9995 0.0307 -0.0000
vn 0.9991 0.0416 -0.0000
vn 0.9987 0.0505 -0.0000
vn 0.9983 0.0579 -0.0000
vn 0.9979 0.0642 -0.0000
vn 0.9976 0.0695 -0.0000
vn 0.9972 0.0743 -0.0000
vn 0.9969 0.0785 -0.0000
vn 0.9966 0.0823 -0.0000
vn 0.9963 0.0859 -0.0000
vn 0.9966 0.0825 -0.0000
vn 0.9972 0.0746 -0.0000
vn 0.9976 0.0692 -0.0000
vn 0.9979 0.0643 -0.0000
vn 0.9982 0.0599 -0.0000
vn 0.9984 0.0560 -0.0000
vn 0.9986 0.0527 -0.0000
vn 0.9988 0.0499 -0.0000
vn 0.9989 0.0477 -0.0000
vn 0.9989 0.0461 -0.0000
vn 0.9990 0.0451 -0.0000
vn 0.9990 0.0447 -0.0000
vn 0.8290 0.5593 -0.0000
vn -0.9124 0.4092 -0.0000
vn -0.9885 -0.1514 -0.0000
vn -0.9908 -0.1357 -0.0000
vn -0.9935 -0.1136 -0.0000
vn -0.9944 -0.1053 -0.0000
vn -0.9952 -0.0979 -0.0000
vn -0.9958 -0.0911 -0.0000
vn -0.9964 -0.0845 -0.0000
vn -0.9970 -0.0778 -0.0000
vn -0.9975 -0.0705 -0.0000
vn -0.9981 -0.0621 -0.0000
vn -0.3980 0.9174 -0.0000
vn -1.0000 -0.0080 -0.0000
vn -1.0000 -0.0097 -0.0000
vn -0.9999 -0.0124 -0.0000
vn -0.9999 -0.0162 -0.0000
vn -0.9998 -0.0211 -0.0000
vn -0.9996 -0.0268 -0.0000
vn -0.9994 -0.0335 -0.0000
vn -0.9992 -0.0411 -0.0000
vn -0.9988 -0.0496 -0.0000
vn -0.9983 -0.0591 -0.0000
vn -0.9976 -0.0694 -0.0000
vn -0.8816 0.4719 -0.0000
vn -0.9181 -0.3964 -0.0000
vn -0.9752 0.2215 -0.0000
vn -0.9665 0.2568 -0.0000
vn -0.9555 0.2951 -0.0000
vn -0.9416 0.3367 -0.0000
vn -0.9241 0.3821 -0.0000
vn -0.9019 0.4320 -0.0000
vn -0.8735 0.4867 -0.0000
vn -0.8374 0.5466 -0.0000
vn -0.7913 0.6115 -0.0000
vn -0.7326 0.6807 -0.0000
vn -0.6587 0.7524 -0.0000
vn -0.9956 0.0942 -0.0000
vn -0.8482 -0.5296 -0.0000
vn -0.8638 -0.5039 -0.0000
vn -0.8759 -0.4825 -0.0000
vn -0.8858 -0.4641 -0.0000
vn -0.8942 -0.4477 -0.0000
vn -0.9016 -0.4326 -0.0000
vn -0.9083 -0.4182 -0.0000
vn -0.9148 -0.4040 -0.0000
vn -0.9211 -0.3894 -0.0000
vn -0.9275 -0.3738 -0.0000
vn -0.9343 -0.3565 -0.0000
vn -0.4146 -0.9100 -0.0000
vn 0.6902 -0.7236 -0.0000
vn 0.7519 -0.6593 -0.0000
vn 0.8025 -0.5967 -0.0000
vn 0.8434 -0.5372 -0.0000
vn 0.8763 -0.4817 -0.0000
vn 0.9026 -0.4304 -0.0000
vn 0.9236 -0.3834 -0.0000
vn 0.9403 -0.3404 -0.0000
vn 0.9535 -0.3013 -0.0000
vn 0.9641 -0.2656 -0.0000
vn 0.9725 -0.2330 -0.0000
vn -0.0650 -0.9979 -0.0000
vn -0.9828 -0.1844 -0.0000
vn -0.9754 -0.2203 -0.0000
vn -0.9655 -0.2604 -0.0000
vn -0.9523 -0.3052 -0.0000
vn -0.9350 -0.3547 -0.0000
vn -0.9125 -0.4090 -0.0000
vn -0.8837 -0.4680 -0.0000
vn -0.8473 -0.5312 -0.0000
vn -0.8019 -0.5975 -0.0000
vn -0.7465 -0.6654 -0.0000
vn -0.6805 -0.7327 -0.0000
vn 0.3996 -0.9167 -0.0000
vn 0.9233 -0.3840 -0.0000
vn 0.9133 -0.4073 -0.0000
vn 0.9038 -0.4279 -0.0000
vn 0.8946 -0.4469 -0.0000
vn 0.8853 -0.4649 -0.0000
vn 0.8757 -0.4828 -0.0000
vn 0.8654 -0.5010 -0.0000
vn 0.8540 -0.5203 -0.0000
vn 0.8409 -0.5411 -0.0000
vn 0.8254 -0.5645 -0.0000
vn 0.8064 -0.5914 -0.0000
vn 0.9977 0.0672 -0.0000
vn 0.6652 0.7466 -0.0000
vn 0.7380 0.6748 -0.0000
vn 0.7989 0.6015 -0.0000
vn 0.8482 0.5297 -0.0000
vn 0.8872 0.4613 -0.0000
vn 0.9175 0.3977 -0.0000
vn 0.9580 0.2867 -0.0000
vn 0.9709 0.2394 -0.0000
vn 0.9803 0.1973 -0.0000
vn 0.9871 0.1600 -0.0000
vn 0.9020 -0.4317 -0.0000
vn 0.8233 0.5676 -0.0000
vn 0.9974 0.0719 -0.0000
vn 0.9982 0.0594 -0.0000
vn 0.9988 0.0482 -0.0000
vn 0.9993 0.0383 -0.0000
vn 0.9996 0.0296 -0.0000
vn 0.9998 0.0221 -0.0000
vn 0.9999 0.0160 -0.0000
vn 0.9999 0.0112 -0.0000
vn 1.0000 0.0079 -0.0000
vn 1.0000 0.0062 -0.0000
vn 1.0000 0.0061 -0.0000
vn 0.8528 0.5222 -0.0000
vn -0.8582 0.5134 -0.0000
vn -0.9772 -0.2123 -0.0000
vn -0.9759 -0.2183 -0.0000
vn -0.9745 -0.2244 -0.0000
vn -0.9731 -0.2303 -0.0000
vn -0.9717 -0.2363 -0.0000
vn -0.9702 -0.2422 -0.0000
vn -0.9687 -0.2481 -0.0000
vn -0.9672 -0.2540 -0.0000
vn -0.9656 -0.2599 -0.0000
vn -0.9640 -0.2658 -0.0000
vn -0.9624 -0.2717 -0.0000
vn -0.9335 0.3585 -0.0000
vn -0.7012 -0.7130 -0.0000
vn -0.9483 -0.3173 -0.0000
vn -0.9444 -0.3289 -0.0000
vn -0.9401 -0.3409 -0.0000
vn -0.9355 -0.3534 -0.0000
vn -0.9304 -0.3664 -0.0000
vn -0.9249 -0.3802 -0.0000
vn -0.9188 -0.3947 -0.0000
vn -0.9121 -0.4101 -0.0000
vn -0.9045 -0.4264 -0.0000
vn -0.8960 -0.4440 -0.0000
vn -0.8864 -0.4628 -0.0000
vn -0.0299 -0.9996 -0.0000
vn 0.8611 -0.5084 -0.0000
vn 0.8518 -0.5239 -0.0000
vn 0.8442 -0.5361 -0.0000
vn 0.8375 -0.5464 -0.0000
vn 0.8314 -0.5557 -0.0000
vn 0.8252 -0.5648 -0.0000
vn 0.8188 -0.5741 -0.0000
vn 0.8116 -0.5842 -0.0000
vn 0.8031 -0.5958 -0.0000
vn 0.7925 -0.6099 -0.0000
vn 0.7783 -0.6279 -0.0000
vn 0.9981 -0.0613 -0.0000
vn 0.8856 0.4645 -0.0000
vn 0.9023 0.4311 -0.0000
vn 0.9160 0.4012 -0.0000
vn 0.9274 0.3741 -0.0000
vn 0.9371 0.3491 -0.0000
vn 0.9454 0.3258 -0.0000
vn 0.9527 0.3038 -0.0000
vn 0.9592 0.2827 -0.0000
vn 0.9650 0.2622 -0.0000
vn 0.9703 0.2421 -0.0000
vn 0.9751 0.2220 -0.0000
vn 0.6559 0.7548 -0.0000
vn -0.9718 -0.2358 -0.0000
vn -0.9695 -0.2450 -0.0000
vn -0.9649 -0.2628 -0.0000
vn -0.9625 -0.2713 -0.0000
vn -0.9601 -0.2797 -0.0000
vn -0.9577 -0.2879 -0.0000
vn -0.9552 -0.2960 -0.0000
vn -0.9526 -0.3041 -0.0000
vn -0.9500 -0.3121 -0.0000
vn -0.9474 -0.3201 -0.0000
vn -0.9875 -0.1574 -0.0000
vn 0.4761 -0.8794 -0.0000
vn -0.9120 -0.4102 -0.0000
vn -0.9087 -0.4174 -0.0000
vn -0.9052 -0.4249 -0.0000
vn -0.9015 -0.4328 -0.0000
vn -0.8976 -0.4409 -0.0000
vn -0.8934 -0.4493 -0.0000
vn -0.8889 -0.4580 -0.0000
vn -0.8842 -0.4671 -0.0000
vn -0.8791 -0.4765 -0.0000
vn -0.8738 -0.4864 -0.0000
vn -0.8680 -0.4966 -0.0000
vn 0.2529 -0.9675 -0.0000
vn 0.9584 -0.2856 -0.0000
vn 0.9556 -0.2947 -0.0000
vn 0.9531 -0.3025 -0.0000
vn 0.9507 -0.3100 -0.0000
vn 0.9482 -0.3176 -0.0000
vn 0.9454 -0.3260 -0.0000
vn 0.9420 -0.3356 -0.0000
vn 0.9378 -0.3472 -0.0000
vn 0.9323 -0.3618 -0.0000
vn 0.9245 -0.3811 -0.0000
vn 0.9129 -0.4082 -0.0000
vn 0.9994 0.0342 -0.0000
vn 0.8714 0.4906 -0.0000
vn 0.8886 0.4586 -0.0000
vn 0.9030 0.4296 -0.0000
vn 0.9153 0.4028 -0.0000
vn 0.9259 0.3778 -0.0000
vn 0.9353 0.3540 -0.0000
vn 0.9436 0.3310 -0.0000
vn 0.9512 0.3086 -0.0000
vn 0.9581 0.2863 -0.0000
vn 0.9645 0.2639 -0.0000
vn 0.9705 0.2411 -0.0000
vn 0.6249 0.7807 -0.0000
vn -0.9597 0.2810 -0.0000
vn -0.8780 0.4786 -0.0000
vn -0.8862 0.4633 -0.0000
vn -0.8937 0.4486 -0.0000
vn -0.9009 0.4339 -0.0000
vn -0.9080 0.4189 -0.0000
vn -0.9152 0.4031 -0.0000
vn -0.9225 0.3859 -0.0000
vn -0.9303 0.3668 -0.0000
vn -0.9387 0.3448 -0.0000
vn -0.9478 0.3190 -0.0000
vn -0.9578 0.2875 -0.0000
vn -0.9838 -0.1792 -0.0000
vn 0.4526 -0.8917 -0.0000
vn 0.9609 -0.2770 -0.0000
vn 0.9527 -0.3040 -0.0000
vn 0.9452 -0.3265 -0.0000
vn 0.9383 -0.3459 -0.0000
vn 0.9316 -0.3634 -0.0000
vn 0.9252 -0.3796 -0.0000
vn 0.9187 -0.3950 -0.0000
vn 0.9120 -0.4102 -0.0000
vn 0.9048 -0.4258 -0.0000
vn 0.8969 -0.4421 -0.0000
vn 0.8880 -0.4599 -0.0000
vn 0.9942 0.1073 -0.0000
vn -0.2646 0.9644 -0.0000
vn -0.9384 0.3455 -0.0000
vn -0.9449 0.3275 -0.0000
vn -0.9505 0.3107 -0.0000
vn -0.9557 0.2944 -0.0000
vn -0.9605 0.2783 -0.0000
vn -0.9651 0.2619 -0.0000
vn -0.9696 0.2447 -0.0000
vn -0.9741 0.2261 -0.0000
vn -0.9787 0.2054 -0.0000
vn -0.9834 0.1816 -0.0000
vn -0.9881 0.1535 -0.0000
vn -0.9519 -0.3065 -0.0000
vn 0.6609 -0.7505 -0.0000
vn 0.9887 -0.1501 -0.0000
vn 0.9845 -0.1751 -0.0000
vn 0.9806 -0.1960 -0.0000
vn 0.9768 -0.2141 -0.0000
vn 0.9731 -0.2304 -0.0000
vn 0.9694 -0.2456 -0.0000
vn 0.9656 -0.2601 -0.0000
vn 0.9616 -0.2744 -0.0000
vn 0.9573 -0.2891 -0.0000
vn 0.9525 -0.3045 -0.0000
vn 0.9470 -0.3212 -0.0000
vn 0.9749 0.2225 -0.0000
vn -0.5070 0.8620 -0.0000
vn -0.9728 0.2317 -0.0000
vn -0.9765 0.2154 -0.0000
vn -0.9797 0.2006 -0.0000
vn -0.9824 0.1868 -0.0000
vn -0.9848 0.1736 -0.0000
vn -0.9870 0.1605 -0.0000
vn -0.9891 0.1472 -0.0000
vn -0.9911 0.1331 -0.0000
vn -0.9930 0.1177 -0.0000
vn -0.9950 0.1002 -0.0000
vn -0.9968 0.0796 -0.0000
vn -0.9214 -0.3887 -0.0000
vn 0.7626 -0.6469 -0.0000
vn 0.9979 -0.0650 -0.0000
vn 0.9964 -0.0850 -0.0000
vn 0.9948 -0.1021 -0.0000
vn 0.9931 -0.1174 -0.0000
vn 0.9913 -0.1317 -0.0000
vn 0.9893 -0.1456 -0.0000
vn 0.9872 -0.1594 -0.0000
vn 0.9848 -0.1738 -0.0000
vn 0.9820 -0.1890 -0.0000
vn 0.9786 -0.2057 -0.0000
vn 0.9745 -0.2244 -0.0000
vn 0.9513 0.3084 -0.0000
vn -0.6581 0.7530 -0.0000
vn -0.9565 -0.2917 -0.0000
vn -0.9548 -0.2974 -0.0000
vn -0.9512 -0.3085 -0.0000
vn -0.9493 -0.3143 -0.0000
vn -0.9473 -0.3203 -0.0000
vn -0.9451 -0.3267 -0.0000
vn -0.9427 -0.3338 -0.0000
vn -0.9398 -0.3417 -0.0000
vn -0.9323 -0.3617 -0.0000
vn -0.4773 -0.8787 -0.0000
vn 0.9777 -0.2100 -0.0000
vn 0.9448 0.3278 -0.0000
vn 0.9498 0.3128 -0.0000
vn 0.9539 0.3002 -0.0000
vn 0.9573 0.2891 -0.0000
vn 0.9603 0.2790 -0.0000
vn 0.9630 0.2694 -0.0000
vn 0.9656 0.2601 -0.0000
vn 0.9681 0.2507 -0.0000
vn 0.9706 0.2408 -0.0000
vn 0.9732 0.2302 -0.0000
vn 0.9759 0.2181 -0.0000
vn 0.6412 0.7674 -0.0000
vn -0.9672 0.2540 -0.0000
vn -0.9999 0.0160 -0.0000
vn -0.9998 0.0192 -0.0000
vn -0.9998 0.0223 -0.0000
vn -0.9997 0.0254 -0.0000
vn -0.9996 0.0285 -0.0000
vn -0.9995 0.0315 -0.0000
vn -0.9994 0.0345 -0.0000
vn -0.9993 0.0375 -0.0000
vn -0.9992 0.0405 -0.0000
vn -0.9991 0.0434 -0.0000
vn -0.9989 0.0463 -0.0000
vn -0.8031 0.5959 -0.0000
vn -0.7878 0.6159 -0.0000
vn -0.9057 -0.4239 -0.0000
vn -0.9023 -0.4310 -0.0000
vn -0.9977 0.0683 -0.0000
vn -0.9974 0.0719 -0.0000
vn -0.9971 0.0757 -0.0000
vn -0.9968 0.0798 -0.0000
vn -0.9965 0.0841 -0.0000
vn -0.9960 0.0888 -0.0000
vn -0.9956 0.0938 -0.0000
vn -0.9951 0.0992 -0.0000
vn -0.9945 0.1051 -0.0000
vn -0.9938 0.1113 -0.0000
vn -0.9930 0.1180 -0.0000
vn -0.2886 0.9575 -0.0000
vn 0.9375 0.3480 -0.0000
vn 0.9428 0.3333 -0.0000
vn 0.9478 0.3189 -0.0000
vn 0.9525 0.3046 -0.0000
vn 0.9610 0.2764 -0.0000
vn 0.9649 0.2625 -0.0000
vn 0.9686 0.2486 -0.0000
vn 0.9721 0.2347 -0.0000
vn 0.9753 0.2208 -0.0000
vn 0.9784 0.2069 -0.0000
vn 0.5369 0.8436 -0.0000
vn -0.9750 0.2222 -0.0000
vn -0.9758 -0.2186 -0.0000
vn -0.9720 -0.2352 -0.0000
vn -0.9678 -0.2516 -0.0000
vn -0.9635 -0.2679 -0.0000
vn -0.9588 -0.2842 -0.0000
vn -0.9538 -0.3005 -0.0000
vn -0.9485 -0.3168 -0.0000
vn -0.9428 -0.3334 -0.0000
vn -0.9367 -0.3502 -0.0000
vn -0.9301 -0.3673 -0.0000
vn -0.9230 -0.3847 -0.0000
vn -0.9953 -0.0972 -0.0000
vn -0.9815 0.1914 -0.0000
vn -0.9770 0.2133 -0.0000
vn -0.9709 0.2394 -0.0000
vn -0.9626 0.2709 -0.0000
vn -0.9508 0.3097 -0.0000
vn -0.9336 0.3583 -0.0000
vn -0.9073 0.4205 -0.0000
vn -0.8651 0.5016 -0.0000
vn -0.7941 0.6078 -0.0000
vn -0.6696 0.7427 -0.0000
vn -0.4541 0.8909 -0.0000
vn 0.0196 0.9998 -0.0000
vn 0.5837 0.8120 -0.0000
vn 0.8355 0.5495 -0.0000
vn 0.9246 0.3809 -0.0000
vn 0.9605 0.2784 -0.0000
vn 0.9772 0.2123 -0.0000
vn 0.9860 0.1667 -0.0000
vn 0.9910 0.1337 -0.0000
vn 0.9941 0.1086 -0.0000
vn 0.9960 0.0890 -0.0000
vn 0.9973 0.0733 -0.0000
vn 0.9982 0.0604 -0.0000
vn 0.5113 0.8594 -0.0000
vn -0.8453 0.5342 -0.0000
vn -0.8227 0.5684 -0.0000
vn -0.8030 0.5960 -0.0000
vn -0.7854 0.6190 -0.0000
vn -0.7692 0.6391 -0.0000
vn -0.7536 0.6573 -0.0000
vn -0.7381 0.6746 -0.0000
vn -0.7218 0.6921 -0.0000
vn -0.7034 0.7107 -0.0000
vn -0.6810 0.7323 -0.0000
vn -0.6505 0.7595 -0.0000
vn -0.9536 0.3012 -0.0000
vn -0.9946 -0.1034 -0.0000
vn -0.9915 -0.1298 -0.0000
vn -0.9868 -0.1621 -0.0000
vn -0.9793 -0.2023 -0.0000
vn -0.9673 -0.2535 -0.0000
vn -0.9475 -0.3197 -0.0000
vn -0.9135 -0.4068 -0.0000
vn -0.8530 -0.5219 -0.0000
vn -0.7433 -0.6690 -0.0000
vn -0.5507 -0.8347 -0.0000
vn -0.2586 -0.9660 -0.0000
vn 0.0548 -0.9985 -0.0000
vn 0.3080 -0.9514 -0.0000
vn 0.5079 -0.8614 -0.0000
vn 0.6583 -0.7528 -0.0000
vn 0.7631 -0.6463 -0.0000
vn 0.8338 -0.5521 -0.0000
vn 0.8814 -0.4724 -0.0000
vn 0.9138 -0.4062 -0.0000
vn 0.9362 -0.3514 -0.0000
vn 0.9521 -0.3057 -0.0000
vn 0.9636 -0.2675 -0.0000
vn 0.9720 -0.2351 -0.0000
vn 0.3070 -0.9517 -0.0000
vn -0.8689 -0.4950 -0.0000
vn -0.8582 -0.5132 -0.0000
vn -0.8465 -0.5324 -0.0000
vn -0.8335 -0.5525 -0.0000
vn -0.8192 -0.5736 -0.0000
vn -0.8032 -0.5958 -0.0000
vn -0.7853 -0.6191 -0.0000
vn -0.7653 -0.6437 -0.0000
vn -0.7428 -0.6696 -0.0000
vn -0.7174 -0.6967 -0.0000
vn -0.6887 -0.7251 -0.0000
vn 0.3360 -0.9419 -0.0000
vn 0.9064 -0.4225 -0.0000
vn 0.8967 -0.4426 -0.0000
vn 0.8870 -0.4617 -0.0000
vn 0.8771 -0.4803 -0.0000
vn 0.8666 -0.4989 -0.0000
vn 0.8553 -0.5182 -0.0000
vn 0.8425 -0.5387 -0.0000
vn 0.8280 -0.5608 -0.0000
vn 0.8108 -0.5853 -0.0000
vn 0.7900 -0.6130 -0.0000
vn 0.7641 -0.6451 -0.0000
vn 0.9991 0.0431 -0.0000
vn 0.6522 0.7581 -0.0000
vn 0.6897 0.7241 -0.0000
vn 0.7226 0.6913 -0.0000
vn 0.7516 0.6596 -0.0000
vn 0.7772 0.6293 -0.0000
vn 0.7999 0.6001 -0.0000
vn 0.8201 0.5723 -0.0000
vn 0.8381 0.5455 -0.0000
vn 0.8543 0.5198 -0.0000
vn 0.8689 0.4950 -0.0000
vn 0.8821 0.4711 -0.0000
vn 0.9896 0.1439 -0.0000
vn 0.9904 -0.1382 -0.0000
vn 0.9918 -0.1276 -0.0000
vn 0.9930 -0.1179 -0.0000
vn 0.9940 -0.1091 -0.0000
vn 0.9949 -0.1010 -0.0000
vn 0.9956 -0.0935 -0.0000
vn 0.9962 -0.0866 -0.0000
vn 0.9968 -0.0803 -0.0000
vn 0.9972 -0.0745 -0.0000
vn 0.9976 -0.0691 -0.0000
vn 0.9979 -0.0641 -0.0000
vn 0.7948 -0.6068 -0.0000
vn 0.7869 -0.6171 -0.0000
vn 0.9052 0.4249 -0.0000
vn 0.8964 0.4433 -0.0000
vn 0.9990 -0.0453 -0.0000
vn 0.9991 -0.0426 -0.0000
vn 0.9992 -0.0399 -0.0000
vn 0.9993 -0.0373 -0.0000
vn 0.9994 -0.0348 -0.0000
vn 0.9995 -0.0323 -0.0000
vn 0.9996 -0.0298 -0.0000
vn 0.9996 -0.0275 -0.0000
vn 0.9997 -0.0251 -0.0000
vn 0.9997 -0.0228 -0.0000
vn 0.9998 -0.0206 -0.0000
vn 0.8626 0.5059 -0.0000
vn -0.8498 0.5271 -0.0000
vt 0.807074 0.000000
vt 0.813505 0.000000
vt 0.810289 0.000000
vt 0.250804 0.000000
vt 0.241158 0.000000
vt 0.247588 0.000000
vt 0.244373 0.000000
vt 0.160772 0.000000
vt 0.083601 0.000000
vt 0.163987 0.000000
vt 0.237942 0.000000
vt 0.254019 0.000000
vt 0.086817 0.000000
vt 0.167203 0.000000
vt 0.803859 0.000000
vt 0.234727 0.000000
vt 0.090032 0.000000
vt 0.170418 0.000000
vt 0.157556 0.000000
vt 0.257235 0.000000
vt 0.231511 0.000000
vt 0.800643 0.000000
vt 0.093248 0.000000
vt 0.154341 0.000000
vt 0.173633 0.000000
vt 0.228296 0.000000
vt 0.096463 0.000000
vt 0.151125 0.000000
vt 0.260450 0.000000
vt 0.797428 0.000000
vt 0.176849 0.000000
vt 0.099678 0.000000
vt 0.225080 0.000000
vt 0.147910 0.000000
vt 0.180064 0.000000
vt 0.263666 0.000000
vt 0.102894 0.000000
vt 0.794212 0.000000
vt 0.144695 0.000000
vt 0.221865 0.000000
vt 0.106109 0.000000
vt 0.183280 0.000000
vt 0.141479 0.000000
vt 0.218650 0.000000
vt 0.266881 0.000000
vt 0.790997 0.000000
vt 0.109325 0.000000
vt 0.186495 0.000000
vt 0.138264 0.000000
vt 0.215434 0.000000
vt 0.112540 0.000000
vt 0.270096 0.000000
vt 0.189711 0.000000
vt 0.135048 0.000000
vt 0.787781 0.000000
vt 0.212219 0.000000
vt 0.115756 0.000000
vt 0.192926 0.000000
vt 0.131833 0.000000
vt 0.273312 0.000000
vt 0.118971 0.000000
vt 0.209003 0.000000
vt 0.784566 0.000000
vt 0.128617 0.000000
vt 0.196141 0.000000
vt 0.125402 0.000000
vt 0.122186 0.000000
vt 0.205788 0.000000
vt 0.276527 0.000000
vt 0.199357 0.000000
vt 0.781350 0.000000
vt 0.202572 0.000000
vt 0.279743 0.000000
vt 0.778135 0.000000
vt 0.871383 0.000000
vt 0.848875 0.000000
vt 0.874598 0.000000
vt 0.877814 0.000000
vt 0.845659 0.000000
vt 0.861736 0.000000
vt 0.858521 0.000000
vt 0.881029 0.000000
vt 0.282958 0.000000
vt 0.774920 0.000000
vt 0.286174 0.000000
vt 0.292605 0.000000
vt 0.289389 0.000000
vt 0.771704 0.000000
vt 0.768489 0.000000
vt 0.852090 0.000000
vt 0.842444 0.000000
vt 0.864952 0.000000
vt 0.855305 0.000000
vt 0.765273 0.000000
vt 0.762058 0.000000
vt 0.295820 0.000000
vt 0.299035 0.000000
vt 0.758842 0.000000
vt 0.302251 0.000000
vt 0.369775 0.000000
vt 0.376206 0.000000
vt 0.372990 0.000000
vt 0.823151 0.000000
vt 0.819936 0.000000
vt 0.836013 0.000000
vt 0.832797 0.000000
vt 0.755627 0.000000
vt 0.366559 0.000000
vt 0.305466 0.000000
vt 0.379421 0.000000
vt 0.363344 0.000000
vt 0.752412 0.000000
vt 0.308682 0.000000
vt 0.382637 0.000000
vt 0.360129 0.000000
vt 0.311897 0.000000
vt 0.826367 0.000000
vt 0.816720 0.000000
vt 0.839228 0.000000
vt 0.829582 0.000000
vt 0.749196 0.000000
vt 0.356913 0.000000
vt 0.385852 0.000000
vt 0.315113 0.000000
vt 0.353698 0.000000
vt 0.745981 0.000000
vt 0.389068 0.000000
vt 0.318328 0.000000
vt 0.350482 0.000000
vt 0.742765 0.000000
vt 0.321543 0.000000
vt 0.392283 0.000000
vt 0.347267 0.000000
vt 0.324759 0.000000
vt 0.344051 0.000000
vt 0.395498 0.000000
vt 0.739550 0.000000
vt 0.327974 0.000000
vt 0.340836 0.000000
vt 0.398714 0.000000
vt 0.736334 0.000000
vt 0.331190 0.000000
vt 0.337621 0.000000
vt 0.401929 0.000000
vt 0.334405 0.000000
vt 0.733119 0.000000
vt 0.868167 0.000000
vt 0.916399 0.000000
vt 0.884244 0.000000
vt 0.887460 0.000000
vt 0.405145 0.000000
vt 0.729904 0.000000
vt 0.408360 0.000000
vt 0.726688 0.000000
vt 0.411576 0.000000
vt 0.723473 0.000000
vt 0.414791 0.000000
vt 0.720257 0.000000
vt 0.909968 0.000000
vt 0.913183 0.000000
vt 0.890675 0.000000
vt 0.893891 0.000000
vt 0.488746 0.000000
vt 0.495177 0.000000
vt 0.491961 0.000000
vt 0.498392 0.000000
vt 0.418006 0.000000
vt 0.501608 0.000000
vt 0.504823 0.000000
vt 0.717042 0.000000
vt 0.508039 0.000000
vt 0.511254 0.000000
vt 0.514469 0.000000
vt 0.485531 0.000000
vt 0.421222 0.000000
vt 0.517685 0.000000
vt 0.520900 0.000000
vt 0.713826 0.000000
vt 0.524116 0.000000
vt 0.527331 0.000000
vt 0.530547 0.000000
vt 0.533762 0.000000
vt 0.482315 0.000000
vt 0.424437 0.000000
vt 0.710611 0.000000
vt 0.906752 0.000000
vt 0.903537 0.000000
vt 0.897106 0.000000
vt 0.900322 0.000000
vt 0.607717 0.000000
vt 0.427653 0.000000
vt 0.479100 0.000000
vt 0.707395 0.000000
vt 0.610932 0.000000
vt 0.604502 0.000000
vt 0.536977 0.000000
vt 0.430868 0.000000
vt 0.475884 0.000000
vt 0.704180 0.000000
vt 0.614148 0.000000
vt 0.601286 0.000000
vt 0.434084 0.000000
vt 0.472669 0.000000
vt 0.700965 0.000000
vt 0.617363 0.000000
vt 0.540193 0.000000
vt 0.437299 0.000000
vt 0.469453 0.000000
vt 0.697749 0.000000
vt 0.598071 0.000000
vt 0.620579 0.000000
vt 0.440514 0.000000
vt 0.466238 0.000000
vt 0.443730 0.000000
vt 0.694534 0.000000
vt 0.463023 0.000000
vt 0.623794 0.000000
vt 0.543408 0.000000
vt 0.446945 0.000000
vt 0.594855 0.000000
vt 0.459807 0.000000
vt 0.450161 0.000000
vt 0.456592 0.000000
vt 0.691318 0.000000
vt 0.453376 0.000000
vt 0.627010 0.000000
vt 0.688103 0.000000
vt 0.591640 0.000000
vt 0.546624 0.000000
vt 0.630225 0.000000
vt 0.684887 0.000000
vt 0.588424 0.000000
vt 0.633440 0.000000
vt 0.549839 0.000000
vt 0.681672 0.000000
vt 0.678457 0.000000
vt 0.675241 0.000000
vt 0.636656 0.000000
vt 0.585209 0.000000
vt 0.672026 0.000000
vt 0.553055 0.000000
vt 0.668810 0.000000
vt 0.665595 0.000000
vt 0.639871 0.000000
vt 0.581994 0.000000
vt 0.662379 0.000000
vt 0.556270 0.000000
vt 0.659164 0.000000
vt 0.643087 0.000000
vt 0.578778 0.000000
vt 0.655949 0.000000
vt 0.652733 0.000000
vt 0.559486 0.000000
vt 0.575563 0.000000
vt 0.649518 0.000000
vt 0.646302 0.000000
vt 0.562701 0.000000
vt 0.572347 0.000000
vt 0.565916 0.000000
vt 0.569132 0.000000
vt 0.996785 0.000000
vt 0.919614 0.000000
vt 1.000000 0.000000
vt 0.922830 0.000000
vt 0.993569 0.000000
vt 0.926045 0.000000
vt 0.990354 0.000000
vt 0.929260 0.000000
vt 0.987138 0.000000
vt 0.932476 0.000000
vt 0.983923 0.000000
vt 0.935691 0.000000
vt 0.980707 0.000000
vt 0.938907 0.000000
vt 0.977492 0.000000
vt 0.942122 0.000000
vt 0.974277 0.000000
vt 0.945338 0.000000
vt 0.971061 0.000000
vt 0.948553 0.000000
vt 0.967846 0.000000
vt 0.951769 0.000000
vt 0.964630 0.000000
vt 0.954984 0.000000
vt 0.961415 0.000000
vt 0.958199 0.000000
vt 0.077170 0.000000
vt 0.000000 0.000000
vt 0.080386 0.000000
vt 0.003215 0.000000
vt 0.073955 0.000000
vt 0.070740 0.000000
vt 0.006431 0.000000
vt 0.067524 0.000000
vt 0.009646 0.000000
vt 0.064309 0.000000
vt 0.012862 0.000000
vt 0.061093 0.000000
vt 0.016077 0.000000
vt 0.019293 0.000000
vt 0.057878 0.000000
vt 0.022508 0.000000
vt 0.054662 0.000000
vt 0.025723 0.000000
vt 0.051447 0.000000
vt 0.028939 0.000000
vt 0.048232 0.000000
vt 0.032154 0.000000
vt 0.045016 0.000000
vt 0.035370 0.000000
vt 0.041801 0.000000
vt 0.038585 0.000000
vt 0.982609 0.000000
vt 0.991304 0.000000
vt 0.530435 0.000000
vt 0.547826 0.000000
vt 0.539130 0.000000
vt 0.556522 0.000000
vt 0.973913 0.000000
vt 0.008696 0.000000
vt 0.565217 0.000000
vt 0.521739 0.000000
vt 0.017391 0.000000
vt 0.573913 0.000000
vt 0.026087 0.000000
vt 0.034783 0.000000
vt 0.965217 0.000000
vt 0.582609 0.000000
vt 0.513043 0.000000
vt 0.043478 0.000000
vt 0.591304 0.000000
vt 0.052174 0.000000
vt 0.060870 0.000000
vt 0.956522 0.000000
vt 0.600000 0.000000
vt 0.504348 0.000000
vt 0.069565 0.000000
vt 0.078261 0.000000
vt 0.608696 0.000000
vt 0.086957 0.000000
vt 0.617391 0.000000
vt 0.947826 0.000000
vt 0.095652 0.000000
vt 0.495652 0.000000
vt 0.104348 0.000000
vt 0.113043 0.000000
vt 0.626087 0.000000
vt 0.634783 0.000000
vt 0.939130 0.000000
vt 0.486957 0.000000
vt 0.643478 0.000000
vt 0.652174 0.000000
vt 0.930435 0.000000
vt 0.478261 0.000000
vt 0.226087 0.000000
vt 0.234783 0.000000
vt 0.217391 0.000000
vt 0.208696 0.000000
vt 0.121739 0.000000
vt 0.130435 0.000000
vt 0.678261 0.000000
vt 0.660870 0.000000
vt 0.469565 0.000000
vt 0.921739 0.000000
vt 0.243478 0.000000
vt 0.252174 0.000000
vt 0.460870 0.000000
vt 0.913043 0.000000
vt 0.260870 0.000000
vt 0.269565 0.000000
vt 0.452174 0.000000
vt 0.904348 0.000000
vt 0.278261 0.000000
vt 0.443478 0.000000
vt 0.895652 0.000000
vt 0.286957 0.000000
vt 0.686957 0.000000
vt 0.669565 0.000000
vt 0.695652 0.000000
vt 0.295652 0.000000
vt 0.434783 0.000000
vt 0.886957 0.000000
vt 0.704348 0.000000
vt 0.156522 0.000000
vt 0.139130 0.000000
vt 0.147826 0.000000
vt 0.304348 0.000000
vt 0.713043 0.000000
vt 0.426087 0.000000
vt 0.417391 0.000000
vt 0.721739 0.000000
vt 0.878261 0.000000
vt 0.313043 0.000000
vt 0.408696 0.000000
vt 0.869565 0.000000
vt 0.400000 0.000000
vt 0.730435 0.000000
vt 0.860870 0.000000
vt 0.391304 0.000000
vt 0.382609 0.000000
vt 0.852174 0.000000
vt 0.321739 0.000000
vt 0.739130 0.000000
vt 0.373913 0.000000
vt 0.843478 0.000000
vt 0.365217 0.000000
vt 0.747826 0.000000
vt 0.356522 0.000000
vt 0.834783 0.000000
vt 0.347826 0.000000
vt 0.339130 0.000000
vt 0.330435 0.000000
vt 0.826087 0.000000
vt 0.756522 0.000000
vt 0.817391 0.000000
vt 0.765217 0.000000
vt 0.165217 0.000000
vt 0.808696 0.000000
vt 0.773913 0.000000
vt 0.800000 0.000000
vt 0.791304 0.000000
vt 0.782609 0.000000
vt 0.191304 0.000000
vt 0.173913 0.000000
vt 0.182609 0.000000
vt 0.200000 0.000000
vt 0.980392 0.000000
vt 0.990196 0.000000
vt 0.970588 0.000000
vt 0.009804 0.000000
vt 0.960784 0.000000
vt 0.019608 0.000000
vt 0.950980 0.000000
vt 0.029412 0.000000
vt 0.941176 0.000000
vt 0.039216 0.000000
vt 0.931373 0.000000
vt 0.049020 0.000000
vt 0.921569 0.000000
vt 0.058824 0.000000
vt 0.911765 0.000000
vt 0.068627 0.000000
vt 0.901961 0.000000
vt 0.078431 0.000000
vt 0.892157 0.000000
vt 0.088235 0.000000
vt 0.882353 0.000000
vt 0.098039 0.000000
vt 0.872549 0.000000
vt 0.107843 0.000000
vt 0.852941 0.000000
vt 0.862745 0.000000
vt 0.117647 0.000000
vt 0.127451 0.000000
vt 0.843137 0.000000
vt 0.833333 0.000000
vt 0.137255 0.000000
vt 0.147059 0.000000
vt 0.823529 0.000000
vt 0.490196 0.000000
vt 0.156863 0.000000
vt 0.500000 0.000000
vt 0.480392 0.000000
vt 0.813725 0.000000
vt 0.509804 0.000000
vt 0.166667 0.000000
vt 0.470588 0.000000
vt 0.803922 0.000000
vt 0.519608 0.000000
vt 0.176471 0.000000
vt 0.460784 0.000000
vt 0.794118 0.000000
vt 0.529412 0.000000
vt 0.186275 0.000000
vt 0.450980 0.000000
vt 0.784314 0.000000
vt 0.539216 0.000000
vt 0.196078 0.000000
vt 0.441176 0.000000
vt 0.774510 0.000000
vt 0.549020 0.000000
vt 0.205882 0.000000
vt 0.431373 0.000000
vt 0.764706 0.000000
vt 0.215686 0.000000
vt 0.558824 0.000000
vt 0.421569 0.000000
vt 0.754902 0.000000
vt 0.225490 0.000000
vt 0.568627 0.000000
vt 0.745098 0.000000
vt 0.411765 0.000000
vt 0.235294 0.000000
vt 0.578431 0.000000
vt 0.735294 0.000000
vt 0.401961 0.000000
vt 0.245098 0.000000
vt 0.588235 0.000000
vt 0.254902 0.000000
vt 0.725490 0.000000
vt 0.392157 0.000000
vt 0.264706 0.000000
vt 0.274510 0.000000
vt 0.598039 0.000000
vt 0.715686 0.000000
vt 0.284314 0.000000
vt 0.705882 0.000000
vt 0.294118 0.000000
vt 0.696078 0.000000
vt 0.382353 0.000000
vt 0.303922 0.000000
vt 0.686275 0.000000
vt 0.313726 0.000000
vt 0.676471 0.000000
vt 0.666667 0.000000
vt 0.323529 0.000000
vt 0.656863 0.000000
vt 0.333333 0.000000
vt 0.647059 0.000000
vt 0.637255 0.000000
vt 0.627451 0.000000
vt 0.617647 0.000000
vt 0.607843 0.000000
vt 0.372549 0.000000
vt 0.362745 0.000000
vt 0.352941 0.000000
vt 0.343137 0.000000
vt 0.895522 0.000000
vt 0.910448 0.000000
vt 0.902985 0.000000
vt 0.917910 0.000000
vt 0.888060 0.000000
vt 0.880597 0.000000
vt 0.873134 0.000000
vt 0.925373 0.000000
vt 0.865672 0.000000
vt 0.858209 0.000000
vt 0.850746 0.000000
vt 0.932836 0.000000
vt 0.843284 0.000000
vt 0.074627 0.000000
vt 0.089552 0.000000
vt 0.082090 0.000000
vt 0.835821 0.000000
vt 0.067164 0.000000
vt 0.097015 0.000000
vt 0.828358 0.000000
vt 0.059701 0.000000
vt 0.104478 0.000000
vt 0.940298 0.000000
vt 0.820895 0.000000
vt 0.052239 0.000000
vt 0.111940 0.000000
vt 0.813433 0.000000
vt 0.805970 0.000000
vt 0.044776 0.000000
vt 0.947761 0.000000
vt 0.119403 0.000000
vt 0.798507 0.000000
vt 0.037313 0.000000
vt 0.955224 0.000000
vt 0.447761 0.000000
vt 0.440298 0.000000
vt 0.126866 0.000000
vt 0.455224 0.000000
vt 0.432836 0.000000
vt 0.029851 0.000000
vt 0.462687 0.000000
vt 0.791045 0.000000
vt 0.425373 0.000000
vt 0.470149 0.000000
vt 0.962687 0.000000
vt 0.417910 0.000000
vt 0.134328 0.000000
vt 0.022388 0.000000
vt 0.477612 0.000000
vt 0.783582 0.000000
vt 0.410448 0.000000
vt 0.970149 0.000000
vt 0.014925 0.000000
vt 0.485075 0.000000
vt 0.141791 0.000000
vt 0.402985 0.000000
vt 0.776119 0.000000
vt 0.977612 0.000000
vt 0.007463 0.000000
vt 0.395522 0.000000
vt 0.492537 0.000000
vt 0.768657 0.000000
vt 0.149254 0.000000
vt 0.985075 0.000000
vt 0.388060 0.000000
vt 0.992537 0.000000
vt 0.761194 0.000000
vt 0.156716 0.000000
vt 0.380597 0.000000
vt 0.507463 0.000000
vt 0.753731 0.000000
vt 0.373134 0.000000
vt 0.164179 0.000000
vt 0.514925 0.000000
vt 0.746269 0.000000
vt 0.365672 0.000000
vt 0.738806 0.000000
vt 0.522388 0.000000
vt 0.171642 0.000000
vt 0.731343 0.000000
vt 0.358209 0.000000
vt 0.529851 0.000000
vt 0.723881 0.000000
vt 0.179104 0.000000
vt 0.350746 0.000000
vt 0.537313 0.000000
vt 0.716418 0.000000
vt 0.708955 0.000000
vt 0.544776 0.000000
vt 0.701493 0.000000
vt 0.552239 0.000000
vt 0.694030 0.000000
vt 0.343284 0.000000
vt 0.559702 0.000000
vt 0.186567 0.000000
vt 0.567164 0.000000
vt 0.686567 0.000000
vt 0.574627 0.000000
vt 0.679105 0.000000
vt 0.582090 0.000000
vt 0.589552 0.000000
vt 0.671642 0.000000
vt 0.597015 0.000000
vt 0.335821 0.000000
vt 0.664179 0.000000
vt 0.604478 0.000000
vt 0.194030 0.000000
vt 0.656716 0.000000
vt 0.611940 0.000000
vt 0.649254 0.000000
vt 0.619403 0.000000
vt 0.641791 0.000000
vt 0.626866 0.000000
vt 0.328358 0.000000
vt 0.634328 0.000000
vt 0.201493 0.000000
vt 0.320896 0.000000
vt 0.208955 0.000000
vt 0.313433 0.000000
vt 0.305970 0.000000
vt 0.216418 0.000000
vt 0.298507 0.000000
vt 0.223881 0.000000
vt 0.291045 0.000000
vt 0.283582 0.000000
vt 0.231343 0.000000
vt 0.276119 0.000000
vt 0.268657 0.000000
vt 0.238806 0.000000
vt 0.261194 0.000000
vt 0.246269 0.000000
vt 0.253731 0.000000
vt 0.481994 0.000000
vt 0.487535 0.000000
vt 0.484765 0.000000
vt 0.490305 0.000000
vt 0.493075 0.000000
vt 0.479224 0.000000
vt 0.066482 0.000000
vt 0.069252 0.000000
vt 0.002770 0.000000
vt 0.005540 0.000000
vt 0.495845 0.000000
vt 0.476454 0.000000
vt 0.008310 0.000000
vt 0.011080 0.000000
vt 0.811634 0.000000
vt 0.817174 0.000000
vt 0.814404 0.000000
vt 0.819945 0.000000
vt 0.498615 0.000000
vt 0.013850 0.000000
vt 0.473684 0.000000
vt 0.016620 0.000000
vt 0.063712 0.000000
vt 0.060942 0.000000
vt 0.019391 0.000000
vt 0.501385 0.000000
vt 0.470914 0.000000
vt 0.058172 0.000000
vt 0.022161 0.000000
vt 0.055402 0.000000
vt 0.024931 0.000000
vt 0.504155 0.000000
vt 0.052632 0.000000
vt 0.027701 0.000000
vt 0.468144 0.000000
vt 0.049861 0.000000
vt 0.030471 0.000000
vt 0.506925 0.000000
vt 0.047091 0.000000
vt 0.044321 0.000000
vt 0.041551 0.000000
vt 0.038781 0.000000
vt 0.036011 0.000000
vt 0.033241 0.000000
vt 0.465374 0.000000
vt 0.808864 0.000000
vt 0.806094 0.000000
vt 0.822715 0.000000
vt 0.825485 0.000000
vt 0.509695 0.000000
vt 0.828255 0.000000
vt 0.462604 0.000000
vt 0.512465 0.000000
vt 0.831025 0.000000
vt 0.459834 0.000000
vt 0.833795 0.000000
vt 0.803324 0.000000
vt 0.515235 0.000000
vt 0.836565 0.000000
vt 0.457064 0.000000
vt 0.520776 0.000000
vt 0.526316 0.000000
vt 0.523546 0.000000
vt 0.518006 0.000000
vt 0.839335 0.000000
vt 0.454294 0.000000
vt 0.842105 0.000000
vt 0.800554 0.000000
vt 0.844875 0.000000
vt 0.451524 0.000000
vt 0.847645 0.000000
vt 0.448753 0.000000
vt 0.850416 0.000000
vt 0.853186 0.000000
vt 0.797784 0.000000
vt 0.529086 0.000000
vt 0.445983 0.000000
vt 0.855956 0.000000
vt 0.858726 0.000000
vt 0.864266 0.000000
vt 0.861496 0.000000
vt 0.706371 0.000000
vt 0.867036 0.000000
vt 0.795014 0.000000
vt 0.443213 0.000000
vt 0.531856 0.000000
vt 0.440443 0.000000
vt 0.534626 0.000000
vt 0.437673 0.000000
vt 0.537396 0.000000
vt 0.792244 0.000000
vt 0.709141 0.000000
vt 0.434903 0.000000
vt 0.540166 0.000000
vt 0.432133 0.000000
vt 0.542936 0.000000
vt 0.711911 0.000000
vt 0.703601 0.000000
vt 0.545706 0.000000
vt 0.429363 0.000000
vt 0.789474 0.000000
vt 0.700831 0.000000
vt 0.548476 0.000000
vt 0.426593 0.000000
vt 0.869806 0.000000
vt 0.714681 0.000000
vt 0.551247 0.000000
vt 0.423823 0.000000
vt 0.562327 0.000000
vt 0.567867 0.000000
vt 0.565097 0.000000
vt 0.698061 0.000000
vt 0.554017 0.000000
vt 0.421053 0.000000
vt 0.717452 0.000000
vt 0.786704 0.000000
vt 0.556787 0.000000
vt 0.418283 0.000000
vt 0.695291 0.000000
vt 0.559557 0.000000
vt 0.415512 0.000000
vt 0.720222 0.000000
vt 0.692521 0.000000
vt 0.412742 0.000000
vt 0.783934 0.000000
vt 0.409972 0.000000
vt 0.722992 0.000000
vt 0.689751 0.000000
vt 0.407202 0.000000
vt 0.872576 0.000000
vt 0.570637 0.000000
vt 0.686981 0.000000
vt 0.781163 0.000000
vt 0.725762 0.000000
vt 0.684211 0.000000
vt 0.404432 0.000000
vt 0.401662 0.000000
vt 0.728532 0.000000
vt 0.778393 0.000000
vt 0.681440 0.000000
vt 0.997230 0.000000
vt 0.642659 0.000000
vt 0.645429 0.000000
vt 0.573407 0.000000
vt 0.648199 0.000000
vt 0.731302 0.000000
vt 0.650970 0.000000
vt 0.678670 0.000000
vt 0.398892 0.000000
vt 0.653740 0.000000
vt 0.775623 0.000000
vt 0.875346 0.000000
vt 0.576177 0.000000
vt 0.634349 0.000000
vt 0.639889 0.000000
vt 0.637119 0.000000
vt 0.656510 0.000000
vt 0.659280 0.000000
vt 0.734072 0.000000
vt 0.675900 0.000000
vt 0.662050 0.000000
vt 0.396122 0.000000
vt 0.631579 0.000000
vt 0.578947 0.000000
vt 0.664820 0.000000
vt 0.772853 0.000000
vt 0.667590 0.000000
vt 0.673130 0.000000
vt 0.770083 0.000000
vt 0.736842 0.000000
vt 0.994460 0.000000
vt 0.670360 0.000000
vt 0.072022 0.000000
vt 0.628809 0.000000
vt 0.767313 0.000000
vt 0.581717 0.000000
vt 0.991690 0.000000
vt 0.393352 0.000000
vt 0.764543 0.000000
vt 0.988920 0.000000
vt 0.761773 0.000000
vt 0.626039 0.000000
vt 0.739612 0.000000
vt 0.759003 0.000000
vt 0.986150 0.000000
vt 0.074792 0.000000
vt 0.584488 0.000000
vt 0.756233 0.000000
vt 0.983379 0.000000
vt 0.390582 0.000000
vt 0.753463 0.000000
vt 0.980609 0.000000
vt 0.623269 0.000000
vt 0.750693 0.000000
vt 0.747922 0.000000
vt 0.745152 0.000000
vt 0.742382 0.000000
vt 0.878116 0.000000
vt 0.587258 0.000000
vt 0.977839 0.000000
vt 0.077562 0.000000
vt 0.975069 0.000000
vt 0.387812 0.000000
vt 0.620499 0.000000
vt 0.972299 0.000000
vt 0.590028 0.000000
vt 0.080332 0.000000
vt 0.969529 0.000000
vt 0.617729 0.000000
vt 0.385042 0.000000
vt 0.966759 0.000000
vt 0.592798 0.000000
vt 0.963989 0.000000
vt 0.614958 0.000000
vt 0.083102 0.000000
vt 0.961219 0.000000
vt 0.382271 0.000000
vt 0.595568 0.000000
vt 0.612188 0.000000
vt 0.085873 0.000000
vt 0.598338 0.000000
vt 0.880886 0.000000
vt 0.379501 0.000000
vt 0.609418 0.000000
vt 0.958449 0.000000
vt 0.088643 0.000000
vt 0.601108 0.000000
vt 0.606648 0.000000
vt 0.376731 0.000000
vt 0.603878 0.000000
vt 0.091413 0.000000
vt 0.373961 0.000000
vt 0.955679 0.000000
vt 0.094183 0.000000
vt 0.371191 0.000000
vt 0.883657 0.000000
vt 0.096953 0.000000
vt 0.952909 0.000000
vt 0.368421 0.000000
vt 0.099723 0.000000
vt 0.365651 0.000000
vt 0.950139 0.000000
vt 0.102493 0.000000
vt 0.362881 0.000000
vt 0.886427 0.000000
vt 0.105263 0.000000
vt 0.360111 0.000000
vt 0.166205 0.000000
vt 0.171745 0.000000
vt 0.168975 0.000000
vt 0.947368 0.000000
vt 0.174515 0.000000
vt 0.177285 0.000000
vt 0.180055 0.000000
vt 0.357341 0.000000
vt 0.108033 0.000000
vt 0.182825 0.000000
vt 0.185596 0.000000
vt 0.163435 0.000000
vt 0.188366 0.000000
vt 0.944598 0.000000
vt 0.354571 0.000000
vt 0.191136 0.000000
vt 0.193906 0.000000
vt 0.268698 0.000000
vt 0.110803 0.000000
vt 0.196676 0.000000
vt 0.199446 0.000000
vt 0.202216 0.000000
vt 0.351801 0.000000
vt 0.271468 0.000000
vt 0.265928 0.000000
vt 0.160665 0.000000
vt 0.204986 0.000000
vt 0.889197 0.000000
vt 0.941828 0.000000
vt 0.113573 0.000000
vt 0.349030 0.000000
vt 0.274238 0.000000
vt 0.157895 0.000000
vt 0.116343 0.000000
vt 0.346260 0.000000
vt 0.263158 0.000000
vt 0.277008 0.000000
vt 0.939058 0.000000
vt 0.207756 0.000000
vt 0.155125 0.000000
vt 0.343490 0.000000
vt 0.119114 0.000000
vt 0.279778 0.000000
vt 0.152355 0.000000
vt 0.340720 0.000000
vt 0.260388 0.000000
vt 0.121884 0.000000
vt 0.936288 0.000000
vt 0.891967 0.000000
vt 0.282548 0.000000
vt 0.210526 0.000000
vt 0.149584 0.000000
vt 0.337950 0.000000
vt 0.124654 0.000000
vt 0.146814 0.000000
vt 0.127424 0.000000
vt 0.335180 0.000000
vt 0.257618 0.000000
vt 0.933518 0.000000
vt 0.285319 0.000000
vt 0.144044 0.000000
vt 0.130194 0.000000
vt 0.141274 0.000000
vt 0.332410 0.000000
vt 0.132964 0.000000
vt 0.213296 0.000000
vt 0.138504 0.000000
vt 0.135734 0.000000
vt 0.288089 0.000000
vt 0.329640 0.000000
vt 0.930748 0.000000
vt 0.326870 0.000000
vt 0.254848 0.000000
vt 0.324100 0.000000
vt 0.290859 0.000000
vt 0.894737 0.000000
vt 0.321330 0.000000
vt 0.216066 0.000000
vt 0.927978 0.000000
vt 0.318560 0.000000
vt 0.252078 0.000000
vt 0.293629 0.000000
vt 0.925208 0.000000
vt 0.315789 0.000000
vt 0.922438 0.000000
vt 0.218837 0.000000
vt 0.919668 0.000000
vt 0.296399 0.000000
vt 0.313019 0.000000
vt 0.249307 0.000000
vt 0.916898 0.000000
vt 0.310249 0.000000
vt 0.914127 0.000000
vt 0.299169 0.000000
vt 0.307479 0.000000
vt 0.221607 0.000000
vt 0.911357 0.000000
vt 0.908587 0.000000
vt 0.905817 0.000000
vt 0.903047 0.000000
vt 0.900277 0.000000
vt 0.897507 0.000000
vt 0.246537 0.000000
vt 0.304709 0.000000
vt 0.301939 0.000000
vt 0.224377 0.000000
vt 0.243767 0.000000
vt 0.227147 0.000000
vt 0.240997 0.000000
vt 0.229917 0.000000
vt 0.238227 0.000000
vt 0.232687 0.000000
vt 0.235457 0.000000
vt 0.283019 0.000000
vt 0.279245 0.000000
vt 0.286792 0.000000
vt 0.996226 0.000000
vt 0.992453 0.000000
vt 0.290566 0.000000
vt 0.988679 0.000000
vt 0.294340 0.000000
vt 0.984906 0.000000
vt 0.298113 0.000000
vt 0.981132 0.000000
vt 0.977359 0.000000
vt 0.301887 0.000000
vt 0.973585 0.000000
vt 0.305660 0.000000
vt 0.969811 0.000000
vt 0.309434 0.000000
vt 0.966038 0.000000
vt 0.366038 0.000000
vt 0.373585 0.000000
vt 0.369811 0.000000
vt 0.962264 0.000000
vt 0.313208 0.000000
vt 0.362264 0.000000
vt 0.358491 0.000000
vt 0.958491 0.000000
vt 0.354717 0.000000
vt 0.316981 0.000000
vt 0.954717 0.000000
vt 0.350943 0.000000
vt 0.347170 0.000000
vt 0.320755 0.000000
vt 0.950943 0.000000
vt 0.343396 0.000000
vt 0.339623 0.000000
vt 0.335849 0.000000
vt 0.324528 0.000000
vt 0.332075 0.000000
vt 0.901887 0.000000
vt 0.909434 0.000000
vt 0.905660 0.000000
vt 0.328302 0.000000
vt 0.913208 0.000000
vt 0.916981 0.000000
vt 0.920755 0.000000
vt 0.924528 0.000000
vt 0.928302 0.000000
vt 0.947170 0.000000
vt 0.943396 0.000000
vt 0.932076 0.000000
vt 0.939623 0.000000
vt 0.935849 0.000000
vt 0.377358 0.000000
vt 0.381132 0.000000
vt 0.384906 0.000000
vt 0.388679 0.000000
vt 0.392453 0.000000
vt 0.396226 0.000000
vt 0.403774 0.000000
vt 0.407547 0.000000
vt 0.411321 0.000000
vt 0.415094 0.000000
vt 0.418868 0.000000
vt 0.898113 0.000000
vt 0.856604 0.000000
vt 0.422642 0.000000
vt 0.894340 0.000000
vt 0.890566 0.000000
vt 0.886792 0.000000
vt 0.860377 0.000000
vt 0.852830 0.000000
vt 0.883019 0.000000
vt 0.864151 0.000000
vt 0.879245 0.000000
vt 0.867925 0.000000
vt 0.875472 0.000000
vt 0.871698 0.000000
vt 0.426415 0.000000
vt 0.849057 0.000000
vt 0.467925 0.000000
vt 0.475472 0.000000
vt 0.471698 0.000000
vt 0.464151 0.000000
vt 0.460377 0.000000
vt 0.456604 0.000000
vt 0.452830 0.000000
vt 0.449057 0.000000
vt 0.445283 0.000000
vt 0.441509 0.000000
vt 0.437736 0.000000
vt 0.433962 0.000000
vt 0.430189 0.000000
vt 0.807547 0.000000
vt 0.803774 0.000000
vt 0.811321 0.000000
vt 0.845283 0.000000
vt 0.815094 0.000000
vt 0.841509 0.000000
vt 0.818868 0.000000
vt 0.837736 0.000000
vt 0.822641 0.000000
vt 0.833962 0.000000
vt 0.830189 0.000000
vt 0.826415 0.000000
vt 0.479245 0.000000
vt 0.483019 0.000000
vt 0.486792 0.000000
vt 0.490566 0.000000
vt 0.494340 0.000000
vt 0.498113 0.000000
vt 0.501887 0.000000
vt 0.505660 0.000000
vt 0.509434 0.000000
vt 0.513208 0.000000
vt 0.516981 0.000000
vt 0.520755 0.000000
vt 0.754717 0.000000
vt 0.524528 0.000000
vt 0.758491 0.000000
vt 0.750943 0.000000
vt 0.796226 0.000000
vt 0.762264 0.000000
vt 0.528302 0.000000
vt 0.792453 0.000000
vt 0.766038 0.000000
vt 0.788679 0.000000
vt 0.769811 0.000000
vt 0.773585 0.000000
vt 0.784906 0.000000
vt 0.777358 0.000000
vt 0.781132 0.000000
vt 0.747170 0.000000
vt 0.532075 0.000000
vt 0.535849 0.000000
vt 0.743396 0.000000
vt 0.539623 0.000000
vt 0.739623 0.000000
vt 0.543396 0.000000
vt 0.735849 0.000000
vt 0.547170 0.000000
vt 0.732075 0.000000
vt 0.550943 0.000000
vt 0.728302 0.000000
vt 0.554717 0.000000
vt 0.724528 0.000000
vt 0.558491 0.000000
vt 0.562264 0.000000
vt 0.720755 0.000000
vt 0.566038 0.000000
vt 0.716981 0.000000
vt 0.569811 0.000000
vt 0.573585 0.000000
vt 0.713208 0.000000
vt 0.577358 0.000000
vt 0.222642 0.000000
vt 0.230189 0.000000
vt 0.226415 0.000000
vt 0.660377 0.000000
vt 0.667925 0.000000
vt 0.664151 0.000000
vt 0.581132 0.000000
vt 0.671698 0.000000
vt 0.675472 0.000000
vt 0.584906 0.000000
vt 0.679245 0.000000
vt 0.709434 0.000000
vt 0.683019 0.000000
vt 0.588679 0.000000
vt 0.686792 0.000000
vt 0.690566 0.000000
vt 0.218868 0.000000
vt 0.694340 0.000000
vt 0.592453 0.000000
vt 0.698113 0.000000
vt 0.701887 0.000000
vt 0.596226 0.000000
vt 0.705660 0.000000
vt 0.233962 0.000000
vt 0.215094 0.000000
vt 0.603774 0.000000
vt 0.237736 0.000000
vt 0.607547 0.000000
vt 0.611321 0.000000
vt 0.211321 0.000000
vt 0.649057 0.000000
vt 0.645283 0.000000
vt 0.641509 0.000000
vt 0.637736 0.000000
vt 0.633962 0.000000
vt 0.630189 0.000000
vt 0.626415 0.000000
vt 0.622642 0.000000
vt 0.618868 0.000000
vt 0.615094 0.000000
vt 0.241509 0.000000
vt 0.245283 0.000000
vt 0.207547 0.000000
vt 0.249057 0.000000
vt 0.203774 0.000000
vt 0.252830 0.000000
vt 0.656604 0.000000
vt 0.652830 0.000000
vt 0.256604 0.000000
vt 0.196226 0.000000
vt 0.260377 0.000000
vt 0.264151 0.000000
vt 0.192453 0.000000
vt 0.267925 0.000000
vt 0.188679 0.000000
vt 0.271698 0.000000
vt 0.184906 0.000000
vt 0.275472 0.000000
vt 0.181132 0.000000
vt 0.177358 0.000000
vt 0.003774 0.000000
vt 0.007547 0.000000
vt 0.173585 0.000000
vt 0.011321 0.000000
vt 0.015094 0.000000
vt 0.169811 0.000000
vt 0.018868 0.000000
vt 0.022642 0.000000
vt 0.166038 0.000000
vt 0.026415 0.000000
vt 0.083019 0.000000
vt 0.090566 0.000000
vt 0.086792 0.000000
vt 0.079245 0.000000
vt 0.075472 0.000000
vt 0.030189 0.000000
vt 0.071698 0.000000
vt 0.067925 0.000000
vt 0.033962 0.000000
vt 0.064151 0.000000
vt 0.162264 0.000000
vt 0.060377 0.000000
vt 0.037736 0.000000
vt 0.056604 0.000000
vt 0.052830 0.000000
vt 0.049057 0.000000
vt 0.041509 0.000000
vt 0.045283 0.000000
vt 0.158491 0.000000
vt 0.154717 0.000000
vt 0.150943 0.000000
vt 0.147170 0.000000
vt 0.094340 0.000000
vt 0.098113 0.000000
vt 0.101887 0.000000
vt 0.143396 0.000000
vt 0.105660 0.000000
vt 0.109434 0.000000
vt 0.113208 0.000000
vt 0.139623 0.000000
vt 0.116981 0.000000
vt 0.120755 0.000000
vt 0.124528 0.000000
vt 0.135849 0.000000
vt 0.128302 0.000000
vt 0.132075 0.000000
vt 0.169014 0.000000
vt 0.197183 0.000000
vt 0.183099 0.000000
vt 0.211268 0.000000
vt 0.971831 0.000000
vt 0.985915 0.000000
vt 0.014085 0.000000
vt 0.957747 0.000000
vt 0.028169 0.000000
vt 0.042254 0.000000
vt 0.943662 0.000000
vt 0.056338 0.000000
vt 0.070423 0.000000
vt 0.084507 0.000000
vt 0.929577 0.000000
vt 0.098592 0.000000
vt 0.112676 0.000000
vt 0.126761 0.000000
vt 0.915493 0.000000
vt 0.140845 0.000000
vt 0.154930 0.000000
vt 0.901408 0.000000
vt 0.225352 0.000000
vt 0.239437 0.000000
vt 0.887324 0.000000
vt 0.873239 0.000000
vt 0.478873 0.000000
vt 0.492958 0.000000
vt 0.464789 0.000000
vt 0.450704 0.000000
vt 0.253521 0.000000
vt 0.267606 0.000000
vt 0.507042 0.000000
vt 0.859155 0.000000
vt 0.521127 0.000000
vt 0.845070 0.000000
vt 0.535211 0.000000
vt 0.549296 0.000000
vt 0.830986 0.000000
vt 0.563380 0.000000
vt 0.577465 0.000000
vt 0.816901 0.000000
vt 0.591549 0.000000
vt 0.605634 0.000000
vt 0.802817 0.000000
vt 0.788732 0.000000
vt 0.774648 0.000000
vt 0.619718 0.000000
vt 0.760563 0.000000
vt 0.746479 0.000000
vt 0.732394 0.000000
vt 0.718310 0.000000
vt 0.633803 0.000000
vt 0.704225 0.000000
vt 0.690141 0.000000
vt 0.676056 0.000000
vt 0.661972 0.000000
vt 0.647887 0.000000
vt 0.422535 0.000000
vt 0.436620 0.000000
vt 0.281690 0.000000
vt 0.295775 0.000000
vt 0.408451 0.000000
vt 0.394366 0.000000
vt 0.309859 0.000000
vt 0.323944 0.000000
vt 0.366197 0.000000
vt 0.380282 0.000000
vt 0.338028 0.000000
vt 0.352113 0.000000
vt 0.000000 1.000000
vt 0.013889 1.000000
vt 0.013889 0.000000
vt 0.027778 1.000000
vt 0.027778 0.000000
vt 0.041667 1.000000
vt 0.041667 0.000000
vt 0.055556 1.000000
vt 0.055556 0.000000
vt 0.069444 1.000000
vt 0.069444 0.000000
vt 0.083333 1.000000
vt 0.083333 0.000000
vt 0.097222 1.000000
vt 0.097222 0.000000
vt 0.111111 1.000000
vt 0.111111 0.000000
vt 0.125000 1.000000
vt 0.125000 0.000000
vt 0.138889 1.000000
vt 0.138889 0.000000
vt 0.152778 1.000000
vt 0.152778 0.000000
vt 0.166667 1.000000
vt 0.180556 1.000000
vt 0.180556 0.000000
vt 0.194444 1.000000
vt 0.194444 0.000000
vt 0.208333 1.000000
vt 0.208333 0.000000
vt 0.222222 1.000000
vt 0.222222 0.000000
vt 0.236111 1.000000
vt 0.236111 0.000000
vt 0.250000 1.000000
vt 0.250000 0.000000
vt 0.263889 1.000000
vt 0.263889 0.000000
vt 0.277778 1.000000
vt 0.277778 0.000000
vt 0.291667 1.000000
vt 0.291667 0.000000
vt 0.305556 1.000000
vt 0.305556 0.000000
vt 0.319444 1.000000
vt 0.319444 0.000000
vt 0.333333 1.000000
vt 0.347222 1.000000
vt 0.347222 0.000000
vt 0.361111 1.000000
vt 0.361111 0.000000
vt 0.375000 1.000000
vt 0.375000 0.000000
vt 0.388889 1.000000
vt 0.388889 0.000000
vt 0.402778 1.000000
vt 0.402778 0.000000
vt 0.416667 1.000000
vt 0.416667 0.000000
vt 0.430556 1.000000
vt 0.430556 0.000000
vt 0.444444 1.000000
vt 0.444444 0.000000
vt 0.458333 1.000000
vt 0.458333 0.000000
vt 0.472222 1.000000
vt 0.472222 0.000000
vt 0.486111 1.000000
vt 0.486111 0.000000
vt 0.500000 1.000000
vt 0.513889 1.000000
vt 0.513889 0.000000
vt 0.527778 1.000000
vt 0.527778 0.000000
vt 0.541667 1.000000
vt 0.541667 0.000000
vt 0.555556 1.000000
vt 0.555556 0.000000
vt 0.569444 1.000000
vt 0.569444 0.000000
vt 0.583333 1.000000
vt 0.583333 0.000000
vt 0.597222 1.000000
vt 0.597222 0.000000
vt 0.611111 1.000000
vt 0.611111 0.000000
vt 0.625000 1.000000
vt 0.625000 0.000000
vt 0.638889 1.000000
vt 0.638889 0.000000
vt 0.652778 1.000000
vt 0.652778 0.000000
vt 0.666667 1.000000
vt 0.680556 1.000000
vt 0.680556 0.000000
vt 0.694444 1.000000
vt 0.694444 0.000000
vt 0.708333 1.000000
vt 0.708333 0.000000
vt 0.722222 1.000000
vt 0.722222 0.000000
vt 0.736111 1.000000
vt 0.736111 0.000000
vt 0.750000 1.000000
vt 0.750000 0.000000
vt 0.763889 1.000000
vt 0.763889 0.000000
vt 0.777778 1.000000
vt 0.777778 0.000000
vt 0.791667 1.000000
vt 0.791667 0.000000
vt 0.805556 1.000000
vt 0.805556 0.000000
vt 0.819444 1.000000
vt 0.819444 0.000000
vt 0.833333 1.000000
vt 0.847222 1.000000
vt 0.847222 0.000000
vt 0.861111 1.000000
vt 0.861111 0.000000
vt 0.875000 1.000000
vt 0.875000 0.000000
vt 0.888889 1.000000
vt 0.888889 0.000000
vt 0.902778 1.000000
vt 0.902778 0.000000
vt 0.916667 1.000000
vt 0.916667 0.000000
vt 0.930556 1.000000
vt 0.930556 0.000000
vt 0.944444 1.000000
vt 0.944444 0.000000
vt 0.958333 1.000000
vt 0.958333 0.000000
vt 0.972222 1.000000
vt 0.972222 0.000000
vt 0.986111 1.000000
vt 0.986111 0.000000
vt 1.000000 1.000000
vt 0.013514 1.000000
vt 0.013514 0.000000
vt 0.027027 1.000000
vt 0.027027 0.000000
vt 0.040541 1.000000
vt 0.040541 0.000000
vt 0.054054 1.000000
vt 0.054054 0.000000
vt 0.067568 1.000000
vt 0.067568 0.000000
vt 0.081081 1.000000
vt 0.081081 0.000000
vt 0.094595 1.000000
vt 0.094595 0.000000
vt 0.108108 1.000000
vt 0.108108 0.000000
vt 0.121622 1.000000
vt 0.121622 0.000000
vt 0.135135 1.000000
vt 0.135135 0.000000
vt 0.148649 1.000000
vt 0.148649 0.000000
vt 0.162162 1.000000
vt 0.162162 0.000000
vt 0.175676 1.000000
vt 0.175676 0.000000
vt 0.189189 1.000000
vt 0.189189 0.000000
vt 0.202703 1.000000
vt 0.202703 0.000000
vt 0.216216 1.000000
vt 0.216216 0.000000
vt 0.229730 1.000000
vt 0.229730 0.000000
vt 0.243243 1.000000
vt 0.243243 0.000000
vt 0.256757 1.000000
vt 0.256757 0.000000
vt 0.270270 1.000000
vt 0.270270 0.000000
vt 0.283784 1.000000
vt 0.283784 0.000000
vt 0.297297 1.000000
vt 0.297297 0.000000
vt 0.310811 1.000000
vt 0.310811 0.000000
vt 0.324324 1.000000
vt 0.324324 0.000000
vt 0.337838 1.000000
vt 0.337838 0.000000
vt 0.351351 1.000000
vt 0.351351 0.000000
vt 0.364865 1.000000
vt 0.364865 0.000000
vt 0.378378 1.000000
vt 0.378378 0.000000
vt 0.391892 1.000000
vt 0.391892 0.000000
vt 0.405405 1.000000
vt 0.405405 0.000000
vt 0.418919 1.000000
vt 0.418919 0.000000
vt 0.432432 1.000000
vt 0.432432 0.000000
vt 0.445946 1.000000
vt 0.445946 0.000000
vt 0.459459 1.000000
vt 0.459459 0.000000
vt 0.472973 1.000000
vt 0.472973 0.000000
vt 0.486486 1.000000
vt 0.486486 0.000000
vt 0.513514 1.000000
vt 0.513514 0.000000
vt 0.527027 1.000000
vt 0.527027 0.000000
vt 0.540541 1.000000
vt 0.540541 0.000000
vt 0.554054 1.000000
vt 0.554054 0.000000
vt 0.567568 1.000000
vt 0.567568 0.000000
vt 0.581081 1.000000
vt 0.581081 0.000000
vt 0.594595 1.000000
vt 0.594595 0.000000
vt 0.608108 1.000000
vt 0.608108 0.000000
vt 0.621622 1.000000
vt 0.621622 0.000000
vt 0.635135 1.000000
vt 0.635135 0.000000
vt 0.648649 1.000000
vt 0.648649 0.000000
vt 0.662162 1.000000
vt 0.662162 0.000000
vt 0.675676 1.000000
vt 0.675676 0.000000
vt 0.689189 1.000000
vt 0.689189 0.000000
vt 0.702703 1.000000
vt 0.702703 0.000000
vt 0.716216 1.000000
vt 0.716216 0.000000
vt 0.729730 1.000000
vt 0.729730 0.000000
vt 0.743243 1.000000
vt 0.743243 0.000000
vt 0.756757 1.000000
vt 0.756757 0.000000
vt 0.770270 1.000000
vt 0.770270 0.000000
vt 0.783784 1.000000
vt 0.783784 0.000000
vt 0.797297 1.000000
vt 0.797297 0.000000
vt 0.810811 1.000000
vt 0.810811 0.000000
vt 0.824324 1.000000
vt 0.824324 0.000000
vt 0.837838 1.000000
vt 0.837838 0.000000
vt 0.851351 1.000000
vt 0.851351 0.000000
vt 0.864865 1.000000
vt 0.864865 0.000000
vt 0.878378 1.000000
vt 0.878378 0.000000
vt 0.891892 1.000000
vt 0.891892 0.000000
vt 0.905405 1.000000
vt 0.905405 0.000000
vt 0.918919 1.000000
vt 0.918919 0.000000
vt 0.932432 1.000000
vt 0.932432 0.000000
vt 0.945946 1.000000
vt 0.945946 0.000000
vt 0.959459 1.000000
vt 0.959459 0.000000
vt 0.972973 1.000000
vt 0.972973 0.000000
vt 0.986486 1.000000
vt 0.986486 0.000000
vt 0.005208 1.000000
vt 0.005208 0.000000
vt 0.010417 1.000000
vt 0.010417 0.000000
vt 0.015625 1.000000
vt 0.015625 0.000000
vt 0.020833 1.000000
vt 0.020833 0.000000
vt 0.026042 1.000000
vt 0.026042 0.000000
vt 0.031250 1.000000
vt 0.031250 0.000000
vt 0.036458 1.000000
vt 0.036458 0.000000
vt 0.046875 1.000000
vt 0.046875 0.000000
vt 0.052083 1.000000
vt 0.052083 0.000000
vt 0.057292 1.000000
vt 0.057292 0.000000
vt 0.062500 1.000000
vt 0.062500 0.000000
vt 0.067708 1.000000
vt 0.067708 0.000000
vt 0.072917 1.000000
vt 0.072917 0.000000
vt 0.078125 1.000000
vt 0.078125 0.000000
vt 0.088542 1.000000
vt 0.088542 0.000000
vt 0.093750 1.000000
vt 0.093750 0.000000
vt 0.098958 1.000000
vt 0.098958 0.000000
vt 0.104167 1.000000
vt 0.104167 0.000000
vt 0.109375 1.000000
vt 0.109375 0.000000
vt 0.114583 1.000000
vt 0.114583 0.000000
vt 0.119792 1.000000
vt 0.119792 0.000000
vt 0.130208 1.000000
vt 0.130208 0.000000
vt 0.135417 1.000000
vt 0.135417 0.000000
vt 0.140625 1.000000
vt 0.140625 0.000000
vt 0.145833 1.000000
vt 0.145833 0.000000
vt 0.151042 1.000000
vt 0.151042 0.000000
vt 0.156250 1.000000
vt 0.156250 0.000000
vt 0.161458 1.000000
vt 0.161458 0.000000
vt 0.171875 1.000000
vt 0.171875 0.000000
vt 0.177083 1.000000
vt 0.177083 0.000000
vt 0.182292 1.000000
vt 0.182292 0.000000
vt 0.187500 1.000000
vt 0.187500 0.000000
vt 0.192708 1.000000
vt 0.192708 0.000000
vt 0.197917 1.000000
vt 0.197917 0.000000
vt 0.203125 1.000000
vt 0.203125 0.000000
vt 0.213542 1.000000
vt 0.213542 0.000000
vt 0.218750 1.000000
vt 0.218750 0.000000
vt 0.223958 1.000000
vt 0.223958 0.000000
vt 0.229167 1.000000
vt 0.229167 0.000000
vt 0.234375 1.000000
vt 0.234375 0.000000
vt 0.239583 1.000000
vt 0.239583 0.000000
vt 0.244792 1.000000
vt 0.244792 0.000000
vt 0.255208 1.000000
vt 0.255208 0.000000
vt 0.260417 1.000000
vt 0.260417 0.000000
vt 0.265625 1.000000
vt 0.265625 0.000000
vt 0.270833 1.000000
vt 0.270833 0.000000
vt 0.276042 1.000000
vt 0.276042 0.000000
vt 0.281250 1.000000
vt 0.281250 0.000000
vt 0.286458 1.000000
vt 0.286458 0.000000
vt 0.296875 1.000000
vt 0.296875 0.000000
vt 0.302083 1.000000
vt 0.302083 0.000000
vt 0.307292 1.000000
vt 0.307292 0.000000
vt 0.312500 1.000000
vt 0.312500 0.000000
vt 0.317708 1.000000
vt 0.317708 0.000000
vt 0.322917 1.000000
vt 0.322917 0.000000
vt 0.328125 1.000000
vt 0.328125 0.000000
vt 0.338542 1.000000
vt 0.338542 0.000000
vt 0.343750 1.000000
vt 0.343750 0.000000
vt 0.348958 1.000000
vt 0.348958 0.000000
vt 0.354167 1.000000
vt 0.354167 0.000000
vt 0.359375 1.000000
vt 0.359375 0.000000
vt 0.364583 1.000000
vt 0.364583 0.000000
vt 0.369792 1.000000
vt 0.369792 0.000000
vt 0.380208 1.000000
vt 0.380208 0.000000
vt 0.385417 1.000000
vt 0.385417 0.000000
vt 0.390625 1.000000
vt 0.390625 0.000000
vt 0.395833 1.000000
vt 0.395833 0.000000
vt 0.401042 1.000000
vt 0.401042 0.000000
vt 0.406250 1.000000
vt 0.406250 0.000000
vt 0.411458 1.000000
vt 0.411458 0.000000
vt 0.421875 1.000000
vt 0.421875 0.000000
vt 0.427083 1.000000
vt 0.427083 0.000000
vt 0.432292 1.000000
vt 0.432292 0.000000
vt 0.437500 1.000000
vt 0.437500 0.000000
vt 0.442708 1.000000
vt 0.442708 0.000000
vt 0.447917 1.000000
vt 0.447917 0.000000
vt 0.453125 1.000000
vt 0.453125 0.000000
vt 0.463542 1.000000
vt 0.463542 0.000000
vt 0.468750 1.000000
vt 0.468750 0.000000
vt 0.473958 1.000000
vt 0.473958 0.000000
vt 0.479167 1.000000
vt 0.479167 0.000000
vt 0.484375 1.000000
vt 0.484375 0.000000
vt 0.489583 1.000000
vt 0.489583 0.000000
vt 0.494792 1.000000
vt 0.494792 0.000000
vt 0.505208 1.000000
vt 0.505208 0.000000
vt 0.510417 1.000000
vt 0.510417 0.000000
vt 0.515625 1.000000
vt 0.515625 0.000000
vt 0.520833 1.000000
vt 0.520833 0.000000
vt 0.526042 1.000000
vt 0.526042 0.000000
vt 0.531250 1.000000
vt 0.531250 0.000000
vt 0.536458 1.000000
vt 0.536458 0.000000
vt 0.546875 1.000000
vt 0.546875 0.000000
vt 0.552083 1.000000
vt 0.552083 0.000000
vt 0.557292 1.000000
vt 0.557292 0.000000
vt 0.562500 1.000000
vt 0.562500 0.000000
vt 0.567708 1.000000
vt 0.567708 0.000000
vt 0.572917 1.000000
vt 0.572917 0.000000
vt 0.578125 1.000000
vt 0.578125 0.000000
vt 0.588542 1.000000
vt 0.588542 0.000000
vt 0.593750 1.000000
vt 0.593750 0.000000
vt 0.598958 1.000000
vt 0.598958 0.000000
vt 0.604167 1.000000
vt 0.604167 0.000000
vt 0.609375 1.000000
vt 0.609375 0.000000
vt 0.614583 1.000000
vt 0.614583 0.000000
vt 0.619792 1.000000
vt 0.619792 0.000000
vt 0.630208 1.000000
vt 0.630208 0.000000
vt 0.635417 1.000000
vt 0.635417 0.000000
vt 0.640625 1.000000
vt 0.640625 0.000000
vt 0.645833 1.000000
vt 0.645833 0.000000
vt 0.651042 1.000000
vt 0.651042 0.000000
vt 0.656250 1.000000
vt 0.656250 0.000000
vt 0.661458 1.000000
vt 0.661458 0.000000
vt 0.671875 1.000000
vt 0.671875 0.000000
vt 0.677083 1.000000
vt 0.677083 0.000000
vt 0.682292 1.000000
vt 0.682292 0.000000
vt 0.687500 1.000000
vt 0.687500 0.000000
vt 0.692708 1.000000
vt 0.692708 0.000000
vt 0.697917 1.000000
vt 0.697917 0.000000
vt 0.703125 1.000000
vt 0.703125 0.000000
vt 0.713542 1.000000
vt 0.713542 0.000000
vt 0.718750 1.000000
vt 0.718750 0.000000
vt 0.723958 1.000000
vt 0.723958 0.000000
vt 0.729167 1.000000
vt 0.729167 0.000000
vt 0.734375 1.000000
vt 0.734375 0.000000
vt 0.739583 1.000000
vt 0.739583 0.000000
vt 0.744792 1.000000
vt 0.744792 0.000000
vt 0.755208 1.000000
vt 0.755208 0.000000
vt 0.760417 1.000000
vt 0.760417 0.000000
vt 0.765625 1.000000
vt 0.765625 0.000000
vt 0.770833 1.000000
vt 0.770833 0.000000
vt 0.776042 1.000000
vt 0.776042 0.000000
vt 0.781250 1.000000
vt 0.781250 0.000000
vt 0.786458 1.000000
vt 0.786458 0.000000
vt 0.796875 1.000000
vt 0.796875 0.000000
vt 0.802083 1.000000
vt 0.802083 0.000000
vt 0.807292 1.000000
vt 0.807292 0.000000
vt 0.812500 1.000000
vt 0.812500 0.000000
vt 0.817708 1.000000
vt 0.817708 0.000000
vt 0.822917 1.000000
vt 0.822917 0.000000
vt 0.828125 1.000000
vt 0.828125 0.000000
vt 0.838542 1.000000
vt 0.838542 0.000000
vt 0.843750 1.000000
vt 0.843750 0.000000
vt 0.848958 1.000000
vt 0.848958 0.000000
vt 0.854167 1.000000
vt 0.854167 0.000000
vt 0.859375 1.000000
vt 0.859375 0.000000
vt 0.864583 1.000000
vt 0.864583 0.000000
vt 0.869792 1.000000
vt 0.869792 0.000000
vt 0.880208 1.000000
vt 0.880208 0.000000
vt 0.885417 1.000000
vt 0.885417 0.000000
vt 0.890625 1.000000
vt 0.890625 0.000000
vt 0.895833 1.000000
vt 0.895833 0.000000
vt 0.901042 1.000000
vt 0.901042 0.000000
vt 0.906250 1.000000
vt 0.906250 0.000000
vt 0.911458 1.000000
vt 0.911458 0.000000
vt 0.921875 1.000000
vt 0.921875 0.000000
vt 0.927083 1.000000
vt 0.927083 0.000000
vt 0.932292 1.000000
vt 0.932292 0.000000
vt 0.937500 1.000000
vt 0.937500 0.000000
vt 0.942708 1.000000
vt 0.942708 0.000000
vt 0.947917 1.000000
vt 0.947917 0.000000
vt 0.953125 1.000000
vt 0.953125 0.000000
vt 0.963542 1.000000
vt 0.963542 0.000000
vt 0.968750 1.000000
vt 0.968750 0.000000
vt 0.973958 1.000000
vt 0.973958 0.000000
vt 0.979167 1.000000
vt 0.979167 0.000000
vt 0.984375 1.000000
vt 0.984375 0.000000
vt 0.989583 1.000000
vt 0.989583 0.000000
vt 0.994792 1.000000
vt 0.994792 0.000000
vt 0.038462 1.000000
vt 0.038462 0.000000
vt 0.076923 1.000000
vt 0.076923 0.000000
vt 0.115385 1.000000
vt 0.115385 0.000000
vt 0.153846 1.000000
vt 0.153846 0.000000
vt 0.192308 1.000000
vt 0.192308 0.000000
vt 0.230769 1.000000
vt 0.230769 0.000000
vt 0.269231 1.000000
vt 0.269231 0.000000
vt 0.307692 1.000000
vt 0.307692 0.000000
vt 0.346154 1.000000
vt 0.346154 0.000000
vt 0.384615 1.000000
vt 0.384615 0.000000
vt 0.423077 1.000000
vt 0.423077 0.000000
vt 0.461538 1.000000
vt 0.461538 0.000000
vt 0.538462 1.000000
vt 0.538462 0.000000
vt 0.576923 1.000000
vt 0.576923 0.000000
vt 0.615385 1.000000
vt 0.615385 0.000000
vt 0.653846 1.000000
vt 0.653846 0.000000
vt 0.692308 1.000000
vt 0.692308 0.000000
vt 0.730769 1.000000
vt 0.730769 0.000000
vt 0.769231 1.000000
vt 0.769231 0.000000
vt 0.807692 1.000000
vt 0.807692 0.000000
vt 0.846154 1.000000
vt 0.846154 0.000000
vt 0.884615 1.000000
vt 0.884615 0.000000
vt 0.923077 1.000000
vt 0.923077 0.000000
vt 0.961538 1.000000
vt 0.961538 0.000000
vt 0.004854 1.000000
vt 0.004854 0.000000
vt 0.009709 1.000000
vt 0.009709 0.000000
vt 0.014563 1.000000
vt 0.014563 0.000000
vt 0.019417 1.000000
vt 0.019417 0.000000
vt 0.024272 1.000000
vt 0.024272 0.000000
vt 0.029126 1.000000
vt 0.029126 0.000000
vt 0.033981 1.000000
vt 0.033981 0.000000
vt 0.038835 1.000000
vt 0.038835 0.000000
vt 0.043689 1.000000
vt 0.043689 0.000000
vt 0.048544 1.000000
vt 0.048544 0.000000
vt 0.053398 1.000000
vt 0.053398 0.000000
vt 0.058252 1.000000
vt 0.058252 0.000000
vt 0.063107 1.000000
vt 0.063107 0.000000
vt 0.067961 1.000000
vt 0.067961 0.000000
vt 0.072816 1.000000
vt 0.072816 0.000000
vt 0.077670 1.000000
vt 0.077670 0.000000
vt 0.082524 1.000000
vt 0.082524 0.000000
vt 0.087379 1.000000
vt 0.087379 0.000000
vt 0.092233 1.000000
vt 0.092233 0.000000
vt 0.097087 1.000000
vt 0.097087 0.000000
vt 0.101942 1.000000
vt 0.101942 0.000000
vt 0.106796 1.000000
vt 0.106796 0.000000
vt 0.111650 1.000000
vt 0.111650 0.000000
vt 0.116505 1.000000
vt 0.116505 0.000000
vt 0.121359 1.000000
vt 0.121359 0.000000
vt 0.126214 1.000000
vt 0.126214 0.000000
vt 0.131068 1.000000
vt 0.131068 0.000000
vt 0.135922 1.000000
vt 0.135922 0.000000
vt 0.140777 1.000000
vt 0.140777 0.000000
vt 0.145631 1.000000
vt 0.145631 0.000000
vt 0.150485 1.000000
vt 0.150485 0.000000
vt 0.155340 1.000000
vt 0.155340 0.000000
vt 0.160194 1.000000
vt 0.160194 0.000000
vt 0.165049 1.000000
vt 0.165049 0.000000
vt 0.169903 1.000000
vt 0.169903 0.000000
vt 0.174757 1.000000
vt 0.174757 0.000000
vt 0.179612 1.000000
vt 0.179612 0.000000
vt 0.184466 1.000000
vt 0.184466 0.000000
vt 0.189320 1.000000
vt 0.189320 0.000000
vt 0.194175 1.000000
vt 0.194175 0.000000
vt 0.199029 1.000000
vt 0.199029 0.000000
vt 0.203883 1.000000
vt 0.203883 0.000000
vt 0.208738 1.000000
vt 0.208738 0.000000
vt 0.213592 1.000000
vt 0.213592 0.000000
vt 0.218447 1.000000
vt 0.218447 0.000000
vt 0.223301 1.000000
vt 0.223301 0.000000
vt 0.228155 1.000000
vt 0.228155 0.000000
vt 0.233010 1.000000
vt 0.233010 0.000000
vt 0.237864 1.000000
vt 0.237864 0.000000
vt 0.242718 1.000000
vt 0.242718 0.000000
vt 0.247573 1.000000
vt 0.247573 0.000000
vt 0.252427 1.000000
vt 0.252427 0.000000
vt 0.257282 1.000000
vt 0.257282 0.000000
vt 0.262136 1.000000
vt 0.262136 0.000000
vt 0.266990 1.000000
vt 0.266990 0.000000
vt 0.271845 1.000000
vt 0.271845 0.000000
vt 0.276699 1.000000
vt 0.276699 0.000000
vt 0.281553 1.000000
vt 0.281553 0.000000
vt 0.286408 1.000000
vt 0.286408 0.000000
vt 0.291262 1.000000
vt 0.291262 0.000000
vt 0.296117 1.000000
vt 0.296117 0.000000
vt 0.300971 1.000000
vt 0.300971 0.000000
vt 0.305825 1.000000
vt 0.305825 0.000000
vt 0.310680 1.000000
vt 0.310680 0.000000
vt 0.315534 1.000000
vt 0.315534 0.000000
vt 0.320388 1.000000
vt 0.320388 0.000000
vt 0.325243 1.000000
vt 0.325243 0.000000
vt 0.330097 1.000000
vt 0.330097 0.000000
vt 0.334951 1.000000
vt 0.334951 0.000000
vt 0.339806 1.000000
vt 0.339806 0.000000
vt 0.344660 1.000000
vt 0.344660 0.000000
vt 0.349515 1.000000
vt 0.349515 0.000000
vt 0.354369 1.000000
vt 0.354369 0.000000
vt 0.359223 1.000000
vt 0.359223 0.000000
vt 0.364078 1.000000
vt 0.364078 0.000000
vt 0.368932 1.000000
vt 0.368932 0.000000
vt 0.373786 1.000000
vt 0.373786 0.000000
vt 0.378641 1.000000
vt 0.378641 0.000000
vt 0.383495 1.000000
vt 0.383495 0.000000
vt 0.388350 1.000000
vt 0.388350 0.000000
vt 0.393204 1.000000
vt 0.393204 0.000000
vt 0.398058 1.000000
vt 0.398058 0.000000
vt 0.402913 1.000000
vt 0.402913 0.000000
vt 0.407767 1.000000
vt 0.407767 0.000000
vt 0.412621 1.000000
vt 0.412621 0.000000
vt 0.417476 1.000000
vt 0.417476 0.000000
vt 0.422330 1.000000
vt 0.422330 0.000000
vt 0.427184 1.000000
vt 0.427184 0.000000
vt 0.432039 1.000000
vt 0.432039 0.000000
vt 0.436893 1.000000
vt 0.436893 0.000000
vt 0.441748 1.000000
vt 0.441748 0.000000
vt 0.446602 1.000000
vt 0.446602 0.000000
vt 0.451456 1.000000
vt 0.451456 0.000000
vt 0.456311 1.000000
vt 0.456311 0.000000
vt 0.461165 1.000000
vt 0.461165 0.000000
vt 0.466019 1.000000
vt 0.466019 0.000000
vt 0.470874 1.000000
vt 0.470874 0.000000
vt 0.475728 1.000000
vt 0.475728 0.000000
vt 0.480583 1.000000
vt 0.480583 0.000000
vt 0.485437 1.000000
vt 0.485437 0.000000
vt 0.490291 1.000000
vt 0.490291 0.000000
vt 0.495146 1.000000
vt 0.495146 0.000000
vt 0.504854 1.000000
vt 0.504854 0.000000
vt 0.509709 1.000000
vt 0.509709 0.000000
vt 0.514563 1.000000
vt 0.514563 0.000000
vt 0.519417 1.000000
vt 0.519417 0.000000
vt 0.524272 1.000000
vt 0.524272 0.000000
vt 0.529126 1.000000
vt 0.529126 0.000000
vt 0.533981 1.000000
vt 0.533981 0.000000
vt 0.538835 1.000000
vt 0.538835 0.000000
vt 0.543689 1.000000
vt 0.543689 0.000000
vt 0.548544 1.000000
vt 0.548544 0.000000
vt 0.553398 1.000000
vt 0.553398 0.000000
vt 0.558252 1.000000
vt 0.558252 0.000000
vt 0.563107 1.000000
vt 0.563107 0.000000
vt 0.567961 1.000000
vt 0.567961 0.000000
vt 0.572816 1.000000
vt 0.572816 0.000000
vt 0.577670 1.000000
vt 0.577670 0.000000
vt 0.582524 1.000000
vt 0.582524 0.000000
vt 0.587379 1.000000
vt 0.587379 0.000000
vt 0.592233 1.000000
vt 0.592233 0.000000
vt 0.597087 1.000000
vt 0.597087 0.000000
vt 0.601942 1.000000
vt 0.601942 0.000000
vt 0.606796 1.000000
vt 0.606796 0.000000
vt 0.611650 1.000000
vt 0.611650 0.000000
vt 0.616505 1.000000
vt 0.616505 0.000000
vt 0.621359 1.000000
vt 0.621359 0.000000
vt 0.626214 1.000000
vt 0.626214 0.000000
vt 0.631068 1.000000
vt 0.631068 0.000000
vt 0.635922 1.000000
vt 0.635922 0.000000
vt 0.640777 1.000000
vt 0.640777 0.000000
vt 0.645631 1.000000
vt 0.645631 0.000000
vt 0.650485 1.000000
vt 0.650485 0.000000
vt 0.655340 1.000000
vt 0.655340 0.000000
vt 0.660194 1.000000
vt 0.660194 0.000000
vt 0.665049 1.000000
vt 0.665049 0.000000
vt 0.669903 1.000000
vt 0.669903 0.000000
vt 0.674757 1.000000
vt 0.674757 0.000000
vt 0.679612 1.000000
vt 0.679612 0.000000
vt 0.684466 1.000000
vt 0.684466 0.000000
vt 0.689320 1.000000
vt 0.689320 0.000000
vt 0.694175 1.000000
vt 0.694175 0.000000
vt 0.699029 1.000000
vt 0.699029 0.000000
vt 0.703883 1.000000
vt 0.703883 0.000000
vt 0.708738 1.000000
vt 0.708738 0.000000
vt 0.713592 1.000000
vt 0.713592 0.000000
vt 0.718447 1.000000
vt 0.718447 0.000000
vt 0.723301 1.000000
vt 0.723301 0.000000
vt 0.728155 1.000000
vt 0.728155 0.000000
vt 0.733010 1.000000
vt 0.733010 0.000000
vt 0.737864 1.000000
vt 0.737864 0.000000
vt 0.742718 1.000000
vt 0.742718 0.000000
vt 0.747573 1.000000
vt 0.747573 0.000000
vt 0.752427 1.000000
vt 0.752427 0.000000
vt 0.757282 1.000000
vt 0.757282 0.000000
vt 0.762136 1.000000
vt 0.762136 0.000000
vt 0.766990 1.000000
vt 0.766990 0.000000
vt 0.771845 1.000000
vt 0.771845 0.000000
vt 0.776699 1.000000
vt 0.776699 0.000000
vt 0.781553 1.000000
vt 0.781553 0.000000
vt 0.786408 1.000000
vt 0.786408 0.000000
vt 0.791262 1.000000
vt 0.791262 0.000000
vt 0.796117 1.000000
vt 0.796117 0.000000
vt 0.800971 1.000000
vt 0.800971 0.000000
vt 0.805825 1.000000
vt 0.805825 0.000000
vt 0.810680 1.000000
vt 0.810680 0.000000
vt 0.815534 1.000000
vt 0.815534 0.000000
vt 0.820388 1.000000
vt 0.820388 0.000000
vt 0.825243 1.000000
vt 0.825243 0.000000
vt 0.830097 1.000000
vt 0.830097 0.000000
vt 0.834951 1.000000
vt 0.834951 0.000000
vt 0.839806 1.000000
vt 0.839806 0.000000
vt 0.844660 1.000000
vt 0.844660 0.000000
vt 0.849515 1.000000
vt 0.849515 0.000000
vt 0.854369 1.000000
vt 0.854369 0.000000
vt 0.859223 1.000000
vt 0.859223 0.000000
vt 0.864078 1.000000
vt 0.864078 0.000000
vt 0.868932 1.000000
vt 0.868932 0.000000
vt 0.873786 1.000000
vt 0.873786 0.000000
vt 0.878641 1.000000
vt 0.878641 0.000000
vt 0.883495 1.000000
vt 0.883495 0.000000
vt 0.888350 1.000000
vt 0.888350 0.000000
vt 0.893204 1.000000
vt 0.893204 0.000000
vt 0.898058 1.000000
vt 0.898058 0.000000
vt 0.902913 1.000000
vt 0.902913 0.000000
vt 0.907767 1.000000
vt 0.907767 0.000000
vt 0.912621 1.000000
vt 0.912621 0.000000
vt 0.917476 1.000000
vt 0.917476 0.000000
vt 0.922330 1.000000
vt 0.922330 0.000000
vt 0.927184 1.000000
vt 0.927184 0.000000
vt 0.932039 1.000000
vt 0.932039 0.000000
vt 0.936893 1.000000
vt 0.936893 0.000000
vt 0.941748 1.000000
vt 0.941748 0.000000
vt 0.946602 1.000000
vt 0.946602 0.000000
vt 0.951456 1.000000
vt 0.951456 0.000000
vt 0.956311 1.000000
vt 0.956311 0.000000
vt 0.961165 1.000000
vt 0.961165 0.000000
vt 0.966019 1.000000
vt 0.966019 0.000000
vt 0.970874 1.000000
vt 0.970874 0.000000
vt 0.975728 1.000000
vt 0.975728 0.000000
vt 0.980583 1.000000
vt 0.980583 0.000000
vt 0.985437 1.000000
vt 0.985437 0.000000
vt 0.990291 1.000000
vt 0.990291 0.000000
vt 0.995146 1.000000
vt 0.995146 0.000000
vt 0.007692 1.000000
vt 0.007692 0.000000
vt 0.015385 1.000000
vt 0.015385 0.000000
vt 0.023077 1.000000
vt 0.023077 0.000000
vt 0.030769 1.000000
vt 0.030769 0.000000
vt 0.046154 1.000000
vt 0.046154 0.000000
vt 0.053846 1.000000
vt 0.053846 0.000000
vt 0.061538 1.000000
vt 0.061538 0.000000
vt 0.069231 1.000000
vt 0.069231 0.000000
vt 0.084615 1.000000
vt 0.084615 0.000000
vt 0.092308 1.000000
vt 0.092308 0.000000
vt 0.100000 1.000000
vt 0.100000 0.000000
vt 0.107692 1.000000
vt 0.107692 0.000000
vt 0.123077 1.000000
vt 0.123077 0.000000
vt 0.130769 1.000000
vt 0.130769 0.000000
vt 0.138462 1.000000
vt 0.138462 0.000000
vt 0.146154 1.000000
vt 0.146154 0.000000
vt 0.161538 1.000000
vt 0.161538 0.000000
vt 0.169231 1.000000
vt 0.169231 0.000000
vt 0.176923 1.000000
vt 0.176923 0.000000
vt 0.184615 1.000000
vt 0.184615 0.000000
vt 0.200000 1.000000
vt 0.207692 1.000000
vt 0.207692 0.000000
vt 0.215385 1.000000
vt 0.215385 0.000000
vt 0.223077 1.000000
vt 0.223077 0.000000
vt 0.238462 1.000000
vt 0.238462 0.000000
vt 0.246154 1.000000
vt 0.246154 0.000000
vt 0.253846 1.000000
vt 0.253846 0.000000
vt 0.261538 1.000000
vt 0.261538 0.000000
vt 0.276923 1.000000
vt 0.276923 0.000000
vt 0.284615 1.000000
vt 0.284615 0.000000
vt 0.292308 1.000000
vt 0.292308 0.000000
vt 0.300000 1.000000
vt 0.300000 0.000000
vt 0.315385 1.000000
vt 0.315385 0.000000
vt 0.323077 1.000000
vt 0.323077 0.000000
vt 0.330769 1.000000
vt 0.330769 0.000000
vt 0.338462 1.000000
vt 0.338462 0.000000
vt 0.353846 1.000000
vt 0.353846 0.000000
vt 0.361538 1.000000
vt 0.361538 0.000000
vt 0.369231 1.000000
vt 0.369231 0.000000
vt 0.376923 1.000000
vt 0.376923 0.000000
vt 0.392308 1.000000
vt 0.392308 0.000000
vt 0.400000 1.000000
vt 0.407692 1.000000
vt 0.407692 0.000000
vt 0.415385 1.000000
vt 0.415385 0.000000
vt 0.430769 1.000000
vt 0.430769 0.000000
vt 0.438462 1.000000
vt 0.438462 0.000000
vt 0.446154 1.000000
vt 0.446154 0.000000
vt 0.453846 1.000000
vt 0.453846 0.000000
vt 0.469231 1.000000
vt 0.469231 0.000000
vt 0.476923 1.000000
vt 0.476923 0.000000
vt 0.484615 1.000000
vt 0.484615 0.000000
vt 0.492308 1.000000
vt 0.492308 0.000000
vt 0.507692 1.000000
vt 0.507692 0.000000
vt 0.515385 1.000000
vt 0.515385 0.000000
vt 0.523077 1.000000
vt 0.523077 0.000000
vt 0.530769 1.000000
vt 0.530769 0.000000
vt 0.546154 1.000000
vt 0.546154 0.000000
vt 0.553846 1.000000
vt 0.553846 0.000000
vt 0.561538 1.000000
vt 0.561538 0.000000
vt 0.569231 1.000000
vt 0.569231 0.000000
vt 0.584615 1.000000
vt 0.584615 0.000000
vt 0.592308 1.000000
vt 0.592308 0.000000
vt 0.600000 1.000000
vt 0.607692 1.000000
vt 0.607692 0.000000
vt 0.623077 1.000000
vt 0.623077 0.000000
vt 0.630769 1.000000
vt 0.630769 0.000000
vt 0.638462 1.000000
vt 0.638462 0.000000
vt 0.646154 1.000000
vt 0.646154 0.000000
vt 0.661538 1.000000
vt 0.661538 0.000000
vt 0.669231 1.000000
vt 0.669231 0.000000
vt 0.676923 1.000000
vt 0.676923 0.000000
vt 0.684615 1.000000
vt 0.684615 0.000000
vt 0.700000 1.000000
vt 0.700000 0.000000
vt 0.707692 1.000000
vt 0.707692 0.000000
vt 0.715385 1.000000
vt 0.715385 0.000000
vt 0.723077 1.000000
vt 0.723077 0.000000
vt 0.738462 1.000000
vt 0.738462 0.000000
vt 0.746154 1.000000
vt 0.746154 0.000000
vt 0.753846 1.000000
vt 0.753846 0.000000
vt 0.761538 1.000000
vt 0.761538 0.000000
vt 0.776923 1.000000
vt 0.776923 0.000000
vt 0.784615 1.000000
vt 0.784615 0.000000
vt 0.792308 1.000000
vt 0.792308 0.000000
vt 0.800000 1.000000
vt 0.815385 1.000000
vt 0.815385 0.000000
vt 0.823077 1.000000
vt 0.823077 0.000000
vt 0.830769 1.000000
vt 0.830769 0.000000
vt 0.838462 1.000000
vt 0.838462 0.000000
vt 0.853846 1.000000
vt 0.853846 0.000000
vt 0.861538 1.000000
vt 0.861538 0.000000
vt 0.869231 1.000000
vt 0.869231 0.000000
vt 0.876923 1.000000
vt 0.876923 0.000000
vt 0.892308 1.000000
vt 0.892308 0.000000
vt 0.900000 1.000000
vt 0.900000 0.000000
vt 0.907692 1.000000
vt 0.907692 0.000000
vt 0.915385 1.000000
vt 0.915385 0.000000
vt 0.930769 1.000000
vt 0.930769 0.000000
vt 0.938462 1.000000
vt 0.938462 0.000000
vt 0.946154 1.000000
vt 0.946154 0.000000
vt 0.953846 1.000000
vt 0.953846 0.000000
vt 0.969231 1.000000
vt 0.969231 0.000000
vt 0.976923 1.000000
vt 0.976923 0.000000
vt 0.984615 1.000000
vt 0.984615 0.000000
vt 0.992308 1.000000
vt 0.992308 0.000000
vt 0.007407 1.000000
vt 0.007407 0.000000
vt 0.014815 1.000000
vt 0.014815 0.000000
vt 0.022222 1.000000
vt 0.022222 0.000000
vt 0.029630 1.000000
vt 0.029630 0.000000
vt 0.037037 1.000000
vt 0.037037 0.000000
vt 0.044444 1.000000
vt 0.044444 0.000000
vt 0.051852 1.000000
vt 0.051852 0.000000
vt 0.059259 1.000000
vt 0.059259 0.000000
vt 0.066667 1.000000
vt 0.066667 0.000000
vt 0.074074 1.000000
vt 0.074074 0.000000
vt 0.081481 1.000000
vt 0.081481 0.000000
vt 0.088889 1.000000
vt 0.088889 0.000000
vt 0.096296 1.000000
vt 0.096296 0.000000
vt 0.103704 1.000000
vt 0.103704 0.000000
vt 0.118519 1.000000
vt 0.118519 0.000000
vt 0.125926 1.000000
vt 0.125926 0.000000
vt 0.133333 1.000000
vt 0.133333 0.000000
vt 0.140741 1.000000
vt 0.140741 0.000000
vt 0.148148 1.000000
vt 0.148148 0.000000
vt 0.155556 1.000000
vt 0.155556 0.000000
vt 0.162963 1.000000
vt 0.162963 0.000000
vt 0.170370 1.000000
vt 0.170370 0.000000
vt 0.177778 1.000000
vt 0.177778 0.000000
vt 0.185185 1.000000
vt 0.185185 0.000000
vt 0.192593 1.000000
vt 0.192593 0.000000
vt 0.207407 1.000000
vt 0.207407 0.000000
vt 0.214815 1.000000
vt 0.214815 0.000000
vt 0.229630 1.000000
vt 0.229630 0.000000
vt 0.237037 1.000000
vt 0.237037 0.000000
vt 0.244444 1.000000
vt 0.244444 0.000000
vt 0.251852 1.000000
vt 0.251852 0.000000
vt 0.259259 1.000000
vt 0.259259 0.000000
vt 0.266667 1.000000
vt 0.266667 0.000000
vt 0.274074 1.000000
vt 0.274074 0.000000
vt 0.281481 1.000000
vt 0.281481 0.000000
vt 0.288889 1.000000
vt 0.288889 0.000000
vt 0.296296 1.000000
vt 0.296296 0.000000
vt 0.303704 1.000000
vt 0.303704 0.000000
vt 0.311111 1.000000
vt 0.311111 0.000000
vt 0.318519 1.000000
vt 0.318519 0.000000
vt 0.325926 1.000000
vt 0.325926 0.000000
vt 0.340741 1.000000
vt 0.340741 0.000000
vt 0.348148 1.000000
vt 0.348148 0.000000
vt 0.355556 1.000000
vt 0.355556 0.000000
vt 0.362963 1.000000
vt 0.362963 0.000000
vt 0.370370 1.000000
vt 0.370370 0.000000
vt 0.377778 1.000000
vt 0.377778 0.000000
vt 0.385185 1.000000
vt 0.385185 0.000000
vt 0.392593 1.000000
vt 0.392593 0.000000
vt 0.407407 1.000000
vt 0.407407 0.000000
vt 0.414815 1.000000
vt 0.414815 0.000000
vt 0.422222 1.000000
vt 0.422222 0.000000
vt 0.429630 1.000000
vt 0.429630 0.000000
vt 0.437037 1.000000
vt 0.437037 0.000000
vt 0.451852 1.000000
vt 0.451852 0.000000
vt 0.459259 1.000000
vt 0.459259 0.000000
vt 0.466667 1.000000
vt 0.466667 0.000000
vt 0.474074 1.000000
vt 0.474074 0.000000
vt 0.481481 1.000000
vt 0.481481 0.000000
vt 0.488889 1.000000
vt 0.488889 0.000000
vt 0.496296 1.000000
vt 0.496296 0.000000
vt 0.503704 1.000000
vt 0.503704 0.000000
vt 0.511111 1.000000
vt 0.511111 0.000000
vt 0.518519 1.000000
vt 0.518519 0.000000
vt 0.525926 1.000000
vt 0.525926 0.000000
vt 0.533333 1.000000
vt 0.533333 0.000000
vt 0.540741 1.000000
vt 0.540741 0.000000
vt 0.548148 1.000000
vt 0.548148 0.000000
vt 0.562963 1.000000
vt 0.562963 0.000000
vt 0.570370 1.000000
vt 0.570370 0.000000
vt 0.577778 1.000000
vt 0.577778 0.000000
vt 0.585185 1.000000
vt 0.585185 0.000000
vt 0.592593 1.000000
vt 0.592593 0.000000
vt 0.607407 1.000000
vt 0.607407 0.000000
vt 0.614815 1.000000
vt 0.614815 0.000000
vt 0.622222 1.000000
vt 0.622222 0.000000
vt 0.629630 1.000000
vt 0.629630 0.000000
vt 0.637037 1.000000
vt 0.637037 0.000000
vt 0.644444 1.000000
vt 0.644444 0.000000
vt 0.651852 1.000000
vt 0.651852 0.000000
vt 0.659259 1.000000
vt 0.659259 0.000000
vt 0.674074 1.000000
vt 0.674074 0.000000
vt 0.681481 1.000000
vt 0.681481 0.000000
vt 0.688889 1.000000
vt 0.688889 0.000000
vt 0.696296 1.000000
vt 0.696296 0.000000
vt 0.703704 1.000000
vt 0.703704 0.000000
vt 0.711111 1.000000
vt 0.711111 0.000000
vt 0.718518 1.000000
vt 0.718518 0.000000
vt 0.725926 1.000000
vt 0.725926 0.000000
vt 0.733333 1.000000
vt 0.733333 0.000000
vt 0.740741 1.000000
vt 0.740741 0.000000
vt 0.748148 1.000000
vt 0.748148 0.000000
vt 0.755556 1.000000
vt 0.755556 0.000000
vt 0.762963 1.000000
vt 0.762963 0.000000
vt 0.770370 1.000000
vt 0.770370 0.000000
vt 0.785185 1.000000
vt 0.785185 0.000000
vt 0.792593 1.000000
vt 0.792593 0.000000
vt 0.807407 1.000000
vt 0.807407 0.000000
vt 0.814815 1.000000
vt 0.814815 0.000000
vt 0.822222 1.000000
vt 0.822222 0.000000
vt 0.829630 1.000000
vt 0.829630 0.000000
vt 0.837037 1.000000
vt 0.837037 0.000000
vt 0.844444 1.000000
vt 0.844444 0.000000
vt 0.851852 1.000000
vt 0.851852 0.000000
vt 0.859259 1.000000
vt 0.859259 0.000000
vt 0.866667 1.000000
vt 0.866667 0.000000
vt 0.874074 1.000000
vt 0.874074 0.000000
vt 0.881481 1.000000
vt 0.881481 0.000000
vt 0.896296 1.000000
vt 0.896296 0.000000
vt 0.903704 1.000000
vt 0.903704 0.000000
vt 0.911111 1.000000
vt 0.911111 0.000000
vt 0.918519 1.000000
vt 0.918519 0.000000
vt 0.925926 1.000000
vt 0.925926 0.000000
vt 0.933333 1.000000
vt 0.933333 0.000000
vt 0.940741 1.000000
vt 0.940741 0.000000
vt 0.948148 1.000000
vt 0.948148 0.000000
vt 0.955556 1.000000
vt 0.955556 0.000000
vt 0.962963 1.000000
vt 0.962963 0.000000
vt 0.970370 1.000000
vt 0.970370 0.000000
vt 0.977778 1.000000
vt 0.977778 0.000000
vt 0.985185 1.000000
vt 0.985185 0.000000
vt 0.992593 1.000000
vt 0.992593 0.000000
vt 0.019231 1.000000
vt 0.019231 0.000000
vt 0.057692 1.000000
vt 0.057692 0.000000
vt 0.096154 1.000000
vt 0.096154 0.000000
vt 0.134615 1.000000
vt 0.134615 0.000000
vt 0.173077 1.000000
vt 0.173077 0.000000
vt 0.211538 1.000000
vt 0.211538 0.000000
vt 0.288462 1.000000
vt 0.288462 0.000000
vt 0.326923 1.000000
vt 0.326923 0.000000
vt 0.365385 1.000000
vt 0.365385 0.000000
vt 0.403846 1.000000
vt 0.403846 0.000000
vt 0.442308 1.000000
vt 0.442308 0.000000
vt 0.480769 1.000000
vt 0.480769 0.000000
vt 0.519231 1.000000
vt 0.519231 0.000000
vt 0.557692 1.000000
vt 0.557692 0.000000
vt 0.596154 1.000000
vt 0.596154 0.000000
vt 0.634615 1.000000
vt 0.634615 0.000000
vt 0.673077 1.000000
vt 0.673077 0.000000
vt 0.711538 1.000000
vt 0.711538 0.000000
vt 0.788462 1.000000
vt 0.788462 0.000000
vt 0.826923 1.000000
vt 0.826923 0.000000
vt 0.865385 1.000000
vt 0.865385 0.000000
vt 0.903846 1.000000
vt 0.903846 0.000000
vt 0.942308 1.000000
vt 0.942308 0.000000
vt 0.980769 1.000000
vt 0.980769 0.000000
vt 0.005682 1.000000
vt 0.005682 0.000000
vt 0.011364 1.000000
vt 0.011364 0.000000
vt 0.017045 1.000000
vt 0.017045 0.000000
vt 0.022727 1.000000
vt 0.022727 0.000000
vt 0.028409 1.000000
vt 0.028409 0.000000
vt 0.034091 1.000000
vt 0.034091 0.000000
vt 0.039773 1.000000
vt 0.039773 0.000000
vt 0.045455 1.000000
vt 0.045455 0.000000
vt 0.051136 1.000000
vt 0.051136 0.000000
vt 0.056818 1.000000
vt 0.056818 0.000000
vt 0.068182 1.000000
vt 0.068182 0.000000
vt 0.073864 1.000000
vt 0.073864 0.000000
vt 0.079545 1.000000
vt 0.079545 0.000000
vt 0.085227 1.000000
vt 0.085227 0.000000
vt 0.090909 1.000000
vt 0.090909 0.000000
vt 0.096591 1.000000
vt 0.096591 0.000000
vt 0.102273 1.000000
vt 0.102273 0.000000
vt 0.107955 1.000000
vt 0.107955 0.000000
vt 0.113636 1.000000
vt 0.113636 0.000000
vt 0.119318 1.000000
vt 0.119318 0.000000
vt 0.130682 1.000000
vt 0.130682 0.000000
vt 0.136364 1.000000
vt 0.136364 0.000000
vt 0.142045 1.000000
vt 0.142045 0.000000
vt 0.147727 1.000000
vt 0.147727 0.000000
vt 0.153409 1.000000
vt 0.153409 0.000000
vt 0.159091 1.000000
vt 0.159091 0.000000
vt 0.164773 1.000000
vt 0.164773 0.000000
vt 0.170455 1.000000
vt 0.170455 0.000000
vt 0.176136 1.000000
vt 0.176136 0.000000
vt 0.181818 1.000000
vt 0.181818 0.000000
vt 0.193182 1.000000
vt 0.193182 0.000000
vt 0.198864 1.000000
vt 0.198864 0.000000
vt 0.204545 1.000000
vt 0.204545 0.000000
vt 0.210227 1.000000
vt 0.210227 0.000000
vt 0.215909 1.000000
vt 0.215909 0.000000
vt 0.221591 1.000000
vt 0.221591 0.000000
vt 0.227273 1.000000
vt 0.227273 0.000000
vt 0.232955 1.000000
vt 0.232955 0.000000
vt 0.238636 1.000000
vt 0.238636 0.000000
vt 0.244318 1.000000
vt 0.244318 0.000000
vt 0.255682 1.000000
vt 0.255682 0.000000
vt 0.261364 1.000000
vt 0.261364 0.000000
vt 0.267045 1.000000
vt 0.267045 0.000000
vt 0.272727 1.000000
vt 0.272727 0.000000
vt 0.278409 1.000000
vt 0.278409 0.000000
vt 0.284091 1.000000
vt 0.284091 0.000000
vt 0.289773 1.000000
vt 0.289773 0.000000
vt 0.295455 1.000000
vt 0.295455 0.000000
vt 0.301136 1.000000
vt 0.301136 0.000000
vt 0.306818 1.000000
vt 0.306818 0.000000
vt 0.318182 1.000000
vt 0.318182 0.000000
vt 0.323864 1.000000
vt 0.323864 0.000000
vt 0.329545 1.000000
vt 0.329545 0.000000
vt 0.335227 1.000000
vt 0.335227 0.000000
vt 0.340909 1.000000
vt 0.340909 0.000000
vt 0.346591 1.000000
vt 0.346591 0.000000
vt 0.352273 1.000000
vt 0.352273 0.000000
vt 0.357955 1.000000
vt 0.357955 0.000000
vt 0.363636 1.000000
vt 0.363636 0.000000
vt 0.369318 1.000000
vt 0.369318 0.000000
vt 0.380682 1.000000
vt 0.380682 0.000000
vt 0.386364 1.000000
vt 0.386364 0.000000
vt 0.392045 1.000000
vt 0.392045 0.000000
vt 0.397727 1.000000
vt 0.397727 0.000000
vt 0.403409 1.000000
vt 0.403409 0.000000
vt 0.409091 1.000000
vt 0.409091 0.000000
vt 0.414773 1.000000
vt 0.414773 0.000000
vt 0.420455 1.000000
vt 0.420455 0.000000
vt 0.426136 1.000000
vt 0.426136 0.000000
vt 0.431818 1.000000
vt 0.431818 0.000000
vt 0.443182 1.000000
vt 0.443182 0.000000
vt 0.448864 1.000000
vt 0.448864 0.000000
vt 0.454545 1.000000
vt 0.454545 0.000000
vt 0.460227 1.000000
vt 0.460227 0.000000
vt 0.465909 1.000000
vt 0.465909 0.000000
vt 0.471591 1.000000
vt 0.471591 0.000000
vt 0.477273 1.000000
vt 0.477273 0.000000
vt 0.482955 1.000000
vt 0.482955 0.000000
vt 0.488636 1.000000
vt 0.488636 0.000000
vt 0.494318 1.000000
vt 0.494318 0.000000
vt 0.505682 1.000000
vt 0.505682 0.000000
vt 0.511364 1.000000
vt 0.511364 0.000000
vt 0.517045 1.000000
vt 0.517045 0.000000
vt 0.522727 1.000000
vt 0.522727 0.000000
vt 0.528409 1.000000
vt 0.528409 0.000000
vt 0.534091 1.000000
vt 0.534091 0.000000
vt 0.539773 1.000000
vt 0.539773 0.000000
vt 0.545455 1.000000
vt 0.545455 0.000000
vt 0.551136 1.000000
vt 0.551136 0.000000
vt 0.556818 1.000000
vt 0.556818 0.000000
vt 0.568182 1.000000
vt 0.568182 0.000000
vt 0.573864 1.000000
vt 0.573864 0.000000
vt 0.579545 1.000000
vt 0.579545 0.000000
vt 0.585227 1.000000
vt 0.585227 0.000000
vt 0.590909 1.000000
vt 0.590909 0.000000
vt 0.596591 1.000000
vt 0.596591 0.000000
vt 0.602273 1.000000
vt 0.602273 0.000000
vt 0.607955 1.000000
vt 0.607955 0.000000
vt 0.613636 1.000000
vt 0.613636 0.000000
vt 0.619318 1.000000
vt 0.619318 0.000000
vt 0.630682 1.000000
vt 0.630682 0.000000
vt 0.636364 1.000000
vt 0.636364 0.000000
vt 0.642045 1.000000
vt 0.642045 0.000000
vt 0.647727 1.000000
vt 0.647727 0.000000
vt 0.653409 1.000000
vt 0.653409 0.000000
vt 0.659091 1.000000
vt 0.659091 0.000000
vt 0.664773 1.000000
vt 0.664773 0.000000
vt 0.670455 1.000000
vt 0.670455 0.000000
vt 0.676136 1.000000
vt 0.676136 0.000000
vt 0.681818 1.000000
vt 0.681818 0.000000
vt 0.693182 1.000000
vt 0.693182 0.000000
vt 0.698864 1.000000
vt 0.698864 0.000000
vt 0.704545 1.000000
vt 0.704545 0.000000
vt 0.710227 1.000000
vt 0.710227 0.000000
vt 0.715909 1.000000
vt 0.715909 0.000000
vt 0.721591 1.000000
vt 0.721591 0.000000
vt 0.727273 1.000000
vt 0.727273 0.000000
vt 0.732955 1.000000
vt 0.732955 0.000000
vt 0.738636 1.000000
vt 0.738636 0.000000
vt 0.744318 1.000000
vt 0.744318 0.000000
vt 0.755682 1.000000
vt 0.755682 0.000000
vt 0.761364 1.000000
vt 0.761364 0.000000
vt 0.767045 1.000000
vt 0.767045 0.000000
vt 0.772727 1.000000
vt 0.772727 0.000000
vt 0.778409 1.000000
vt 0.778409 0.000000
vt 0.784091 1.000000
vt 0.784091 0.000000
vt 0.789773 1.000000
vt 0.789773 0.000000
vt 0.795455 1.000000
vt 0.795455 0.000000
vt 0.801136 1.000000
vt 0.801136 0.000000
vt 0.806818 1.000000
vt 0.806818 0.000000
vt 0.818182 1.000000
vt 0.818182 0.000000
vt 0.823864 1.000000
vt 0.823864 0.000000
vt 0.829545 1.000000
vt 0.829545 0.000000
vt 0.835227 1.000000
vt 0.835227 0.000000
vt 0.840909 1.000000
vt 0.840909 0.000000
vt 0.846591 1.000000
vt 0.846591 0.000000
vt 0.852273 1.000000
vt 0.852273 0.000000
vt 0.857955 1.000000
vt 0.857955 0.000000
vt 0.863636 1.000000
vt 0.863636 0.000000
vt 0.869318 1.000000
vt 0.869318 0.000000
vt 0.880682 1.000000
vt 0.880682 0.000000
vt 0.886364 1.000000
vt 0.886364 0.000000
vt 0.892045 1.000000
vt 0.892045 0.000000
vt 0.897727 1.000000
vt 0.897727 0.000000
vt 0.903409 1.000000
vt 0.903409 0.000000
vt 0.909091 1.000000
vt 0.909091 0.000000
vt 0.914773 1.000000
vt 0.914773 0.000000
vt 0.920455 1.000000
vt 0.920455 0.000000
vt 0.926136 1.000000
vt 0.926136 0.000000
vt 0.931818 1.000000
vt 0.931818 0.000000
vt 0.943182 1.000000
vt 0.943182 0.000000
vt 0.948864 1.000000
vt 0.948864 0.000000
vt 0.954545 1.000000
vt 0.954545 0.000000
vt 0.960227 1.000000
vt 0.960227 0.000000
vt 0.965909 1.000000
vt 0.965909 0.000000
vt 0.971591 1.000000
vt 0.971591 0.000000
vt 0.977273 1.000000
vt 0.977273 0.000000
vt 0.982955 1.000000
vt 0.982955 0.000000
vt 0.988636 1.000000
vt 0.988636 0.000000
vt 0.994318 1.000000
vt 0.994318 0.000000
s 0
f 252/1/1 254/2/1 253/3/1
f 252/1/1 79/4/1 254/2/1
f 76/5/1 78/6/1 77/7/1
f 51/8/1 27/9/1 52/10/1
f 75/11/1 78/6/1 76/5/1
f 252/1/1 80/12/1 79/4/1
f 51/8/1 28/13/1 27/9/1
f 75/11/1 53/14/1 78/6/1
f 251/15/1 80/12/1 252/1/1
f 74/16/1 53/14/1 75/11/1
f 51/8/1 29/17/1 28/13/1
f 74/16/1 54/18/1 53/14/1
f 50/19/1 29/17/1 51/8/1
f 251/15/1 81/20/1 80/12/1
f 73/21/1 54/18/1 74/16/1
f 250/22/1 81/20/1 251/15/1
f 50/19/1 30/23/1 29/17/1
f 49/24/1 30/23/1 50/19/1
f 73/21/1 55/25/1 54/18/1
f 72/26/1 55/25/1 73/21/1
f 49/24/1 31/27/1 30/23/1
f 48/28/1 31/27/1 49/24/1
f 250/22/1 82/29/1 81/20/1
f 249/30/1 82/29/1 250/22/1
f 72/26/1 56/31/1 55/25/1
f 48/28/1 32/32/1 31/27/1
f 71/33/1 56/31/1 72/26/1
f 47/34/1 32/32/1 48/28/1
f 71/33/1 57/35/1 56/31/1
f 249/30/1 83/36/1 82/29/1
f 47/34/1 33/37/1 32/32/1
f 248/38/1 83/36/1 249/30/1
f 46/39/1 33/37/1 47/34/1
f 70/40/1 57/35/1 71/33/1
f 46/39/1 34/41/1 33/37/1
f 70/40/1 58/42/1 57/35/1
f 45/43/1 34/41/1 46/39/1
f 69/44/1 58/42/1 70/40/1
f 248/38/1 84/45/1 83/36/1
f 247/46/1 84/45/1 248/38/1
f 45/43/1 35/47/1 34/41/1
f 69/44/1 59/48/1 58/42/1
f 44/49/1 35/47/1 45/43/1
f 68/50/1 59/48/1 69/44/1
f 44/49/1 36/51/1 35/47/1
f 247/46/1 85/52/1 84/45/1
f 68/50/1 60/53/1 59/48/1
f 43/54/1 36/51/1 44/49/1
f 246/55/1 85/52/1 247/46/1
f 67/56/1 60/53/1 68/50/1
f 43/54/1 37/57/1 36/51/1
f 67/56/1 61/58/1 60/53/1
f 42/59/1 37/57/1 43/54/1
f 246/55/1 86/60/1 85/52/1
f 42/59/1 38/61/1 37/57/1
f 66/62/1 61/58/1 67/56/1
f 245/63/1 86/60/1 246/55/1
f 41/64/1 38/61/1 42/59/1
f 66/62/1 62/65/1 61/58/1
f 41/64/1 40/66/1 38/61/1
f 40/66/1 39/67/1 38/61/1
f 65/68/1 62/65/1 66/62/1
f 245/63/1 87/69/1 86/60/1
f 65/68/1 63/70/1 62/65/1
f 244/71/1 87/69/1 245/63/1
f 64/72/1 63/70/1 65/68/1
f 244/71/1 88/73/1 87/69/1
f 243/74/1 88/73/1 244/71/1
f 272/75/1 265/76/1 273/77/1
f 265/76/1 274/78/1 273/77/1
f 265/76/1 264/79/1 274/78/1
f 264/79/1 269/80/1 274/78/1
f 269/80/1 268/81/1 274/78/1
f 268/81/1 275/82/1 274/78/1
f 243/74/1 89/83/1 88/73/1
f 242/84/1 89/83/1 243/74/1
f 90/85/1 92/86/1 91/87/1
f 242/84/1 90/85/1 89/83/1
f 241/88/1 90/85/1 242/84/1
f 241/88/1 92/86/1 90/85/1
f 240/89/1 92/86/1 241/88/1
f 272/75/1 266/90/1 265/76/1
f 263/91/1 269/80/1 264/79/1
f 263/91/1 270/92/1 269/80/1
f 267/93/1 275/82/1 268/81/1
f 239/94/1 238/95/1 240/89/1
f 238/95/1 92/86/1 240/89/1
f 238/95/1 93/96/1 92/86/1
f 238/95/1 94/97/1 93/96/1
f 237/98/1 94/97/1 238/95/1
f 237/98/1 95/99/1 94/97/1
f 116/100/1 118/101/1 117/102/1
f 272/75/1 257/103/1 266/90/1
f 257/103/1 263/91/1 266/90/1
f 257/103/1 270/92/1 263/91/1
f 257/103/1 267/93/1 270/92/1
f 257/103/1 256/104/1 267/93/1
f 256/104/1 261/105/1 267/93/1
f 261/105/1 260/106/1 267/93/1
f 260/106/1 275/82/1 267/93/1
f 236/107/1 95/99/1 237/98/1
f 115/108/1 118/101/1 116/100/1
f 236/107/1 96/109/1 95/99/1
f 115/108/1 119/110/1 118/101/1
f 114/111/1 119/110/1 115/108/1
f 235/112/1 96/109/1 236/107/1
f 235/112/1 97/113/1 96/109/1
f 114/111/1 120/114/1 119/110/1
f 113/115/1 120/114/1 114/111/1
f 235/112/1 98/116/1 97/113/1
f 272/75/1 258/117/1 257/103/1
f 255/118/1 261/105/1 256/104/1
f 255/118/1 262/119/1 261/105/1
f 259/120/1 275/82/1 260/106/1
f 234/121/1 98/116/1 235/112/1
f 112/122/1 120/114/1 113/115/1
f 112/122/1 121/123/1 120/114/1
f 234/121/1 99/124/1 98/116/1
f 111/125/1 121/123/1 112/122/1
f 233/126/1 99/124/1 234/121/1
f 111/125/1 122/127/1 121/123/1
f 233/126/1 100/128/1 99/124/1
f 110/129/1 122/127/1 111/125/1
f 232/130/1 100/128/1 233/126/1
f 232/130/1 101/131/1 100/128/1
f 110/129/1 123/132/1 122/127/1
f 109/133/1 123/132/1 110/129/1
f 232/130/1 102/134/1 101/131/1
f 108/135/1 123/132/1 109/133/1
f 108/135/1 124/136/1 123/132/1
f 231/137/1 102/134/1 232/130/1
f 272/75/1 255/118/1 258/117/1
f 272/75/1 262/119/1 255/118/1
f 272/75/1 259/120/1 262/119/1
f 272/75/1 275/82/1 259/120/1
f 231/137/1 103/138/1 102/134/1
f 107/139/1 124/136/1 108/135/1
f 107/139/1 125/140/1 124/136/1
f 230/141/1 103/138/1 231/137/1
f 230/141/1 104/142/1 103/138/1
f 106/143/1 125/140/1 107/139/1
f 106/143/1 126/144/1 125/140/1
f 230/141/1 105/145/1 104/142/1
f 105/145/1 126/144/1 106/143/1
f 229/146/1 105/145/1 230/141/1
f 271/147/1 275/82/1 272/75/1
f 286/148/1 276/149/1 271/147/1
f 276/149/1 275/82/1 271/147/1
f 286/148/1 277/150/1 276/149/1
f 105/145/1 127/151/1 126/144/1
f 229/146/1 127/151/1 105/145/1
f 228/152/1 127/151/1 229/146/1
f 228/152/1 128/153/1 127/151/1
f 227/154/1 128/153/1 228/152/1
f 227/154/1 129/155/1 128/153/1
f 226/156/1 129/155/1 227/154/1
f 226/156/1 130/157/1 129/155/1
f 225/158/1 130/157/1 226/156/1
f 284/159/1 286/148/1 285/160/1
f 284/159/1 277/150/1 286/148/1
f 284/159/1 278/161/1 277/150/1
f 284/159/1 279/162/1 278/161/1
f 153/163/1 155/164/1 154/165/1
f 153/163/1 156/166/1 155/164/1
f 225/158/1 131/167/1 130/157/1
f 153/163/1 157/168/1 156/166/1
f 153/163/1 158/169/1 157/168/1
f 224/170/1 131/167/1 225/158/1
f 153/163/1 159/171/1 158/169/1
f 153/163/1 160/172/1 159/171/1
f 153/163/1 161/173/1 160/172/1
f 152/174/1 161/173/1 153/163/1
f 224/170/1 132/175/1 131/167/1
f 152/174/1 162/176/1 161/173/1
f 152/174/1 163/177/1 162/176/1
f 223/178/1 132/175/1 224/170/1
f 152/174/1 164/179/1 163/177/1
f 152/174/1 165/180/1 164/179/1
f 152/174/1 166/181/1 165/180/1
f 152/174/1 167/182/1 166/181/1
f 151/183/1 167/182/1 152/174/1
f 223/178/1 133/184/1 132/175/1
f 222/185/1 133/184/1 223/178/1
f 283/186/1 279/162/1 284/159/1
f 282/187/1 280/188/1 283/186/1
f 280/188/1 279/162/1 283/186/1
f 282/187/1 281/189/1 280/188/1
f 222/185/1 190/190/1 133/184/1
f 190/190/1 134/191/1 133/184/1
f 150/192/1 167/182/1 151/183/1
f 221/193/1 190/190/1 222/185/1
f 221/193/1 191/194/1 190/190/1
f 189/195/1 134/191/1 190/190/1
f 150/192/1 168/196/1 167/182/1
f 189/195/1 135/197/1 134/191/1
f 149/198/1 168/196/1 150/192/1
f 220/199/1 191/194/1 221/193/1
f 220/199/1 192/200/1 191/194/1
f 188/201/1 135/197/1 189/195/1
f 188/201/1 136/202/1 135/197/1
f 148/203/1 168/196/1 149/198/1
f 219/204/1 192/200/1 220/199/1
f 219/204/1 193/205/1 192/200/1
f 148/203/1 169/206/1 168/196/1
f 188/201/1 137/207/1 136/202/1
f 147/208/1 169/206/1 148/203/1
f 218/209/1 193/205/1 219/204/1
f 187/210/1 137/207/1 188/201/1
f 218/209/1 194/211/1 193/205/1
f 187/210/1 138/212/1 137/207/1
f 146/213/1 169/206/1 147/208/1
f 187/210/1 139/214/1 138/212/1
f 217/215/1 194/211/1 218/209/1
f 145/216/1 169/206/1 146/213/1
f 217/215/1 195/217/1 194/211/1
f 145/216/1 170/218/1 169/206/1
f 187/210/1 140/219/1 139/214/1
f 186/220/1 140/219/1 187/210/1
f 144/221/1 170/218/1 145/216/1
f 186/220/1 141/222/1 140/219/1
f 143/223/1 170/218/1 144/221/1
f 216/224/1 195/217/1 217/215/1
f 186/220/1 142/225/1 141/222/1
f 142/225/1 170/218/1 143/223/1
f 216/224/1 196/226/1 195/217/1
f 186/220/1 170/218/1 142/225/1
f 215/227/1 196/226/1 216/224/1
f 185/228/1 170/218/1 186/220/1
f 185/228/1 171/229/1 170/218/1
f 215/227/1 197/230/1 196/226/1
f 214/231/1 197/230/1 215/227/1
f 184/232/1 171/229/1 185/228/1
f 214/231/1 198/233/1 197/230/1
f 184/232/1 172/234/1 171/229/1
f 213/235/1 198/233/1 214/231/1
f 212/236/1 198/233/1 213/235/1
f 211/237/1 198/233/1 212/236/1
f 211/237/1 199/238/1 198/233/1
f 183/239/1 172/234/1 184/232/1
f 210/240/1 199/238/1 211/237/1
f 183/239/1 173/241/1 172/234/1
f 209/242/1 199/238/1 210/240/1
f 208/243/1 199/238/1 209/242/1
f 208/243/1 200/244/1 199/238/1
f 182/245/1 173/241/1 183/239/1
f 207/246/1 200/244/1 208/243/1
f 182/245/1 174/247/1 173/241/1
f 206/248/1 200/244/1 207/246/1
f 206/248/1 201/249/1 200/244/1
f 181/250/1 174/247/1 182/245/1
f 205/251/1 201/249/1 206/248/1
f 204/252/1 201/249/1 205/251/1
f 181/250/1 175/253/1 174/247/1
f 180/254/1 175/253/1 181/250/1
f 204/252/1 203/255/1 201/249/1
f 203/255/1 202/256/1 201/249/1
f 180/254/1 176/257/1 175/253/1
f 179/258/1 176/257/1 180/254/1
f 179/258/1 177/259/1 176/257/1
f 178/260/1 177/259/1 179/258/1
f 311/261/1 287/262/1 312/263/1
f 311/261/1 288/264/1 287/262/1
f 310/265/1 288/264/1 311/261/1
f 310/265/1 289/266/1 288/264/1
f 309/267/1 289/266/1 310/265/1
f 309/267/1 290/268/1 289/266/1
f 308/269/1 290/268/1 309/267/1
f 308/269/1 291/270/1 290/268/1
f 307/271/1 291/270/1 308/269/1
f 307/271/1 292/272/1 291/270/1
f 306/273/1 292/272/1 307/271/1
f 306/273/1 293/274/1 292/272/1
f 305/275/1 293/274/1 306/273/1
f 305/275/1 294/276/1 293/274/1
f 304/277/1 294/276/1 305/275/1
f 304/277/1 295/278/1 294/276/1
f 303/279/1 295/278/1 304/277/1
f 303/279/1 296/280/1 295/278/1
f 302/281/1 296/280/1 303/279/1
f 302/281/1 297/282/1 296/280/1
f 301/283/1 297/282/1 302/281/1
f 301/283/1 298/284/1 297/282/1
f 301/283/1 300/285/1 298/284/1
f 300/285/1 299/286/1 298/284/1
f 25/287/1 1/288/1 26/289/1
f 25/287/1 2/290/1 1/288/1
f 24/291/1 2/290/1 25/287/1
f 23/292/1 2/290/1 24/291/1
f 23/292/1 3/293/1 2/290/1
f 22/294/1 3/293/1 23/292/1
f 22/294/1 4/295/1 3/293/1
f 21/296/1 4/295/1 22/294/1
f 21/296/1 5/297/1 4/295/1
f 20/298/1 5/297/1 21/296/1
f 20/298/1 6/299/1 5/297/1
f 20/298/1 7/300/1 6/299/1
f 19/301/1 7/300/1 20/298/1
f 19/301/1 8/302/1 7/300/1
f 18/303/1 8/302/1 19/301/1
f 18/303/1 9/304/1 8/302/1
f 17/305/1 9/304/1 18/303/1
f 17/305/1 10/306/1 9/304/1
f 16/307/1 10/306/1 17/305/1
f 16/307/1 11/308/1 10/306/1
f 15/309/1 11/308/1 16/307/1
f 15/309/1 12/310/1 11/308/1
f 14/311/1 12/310/1 15/309/1
f 14/311/1 13/312/1 12/310/1
f 426/313/1 428/263/1 427/314/1
f 374/315/1 376/316/1 375/317/1
f 426/313/1 377/318/1 428/263/1
f 374/315/1 313/288/1 376/316/1
f 425/319/1 377/318/1 426/313/1
f 374/315/1 314/320/1 313/288/1
f 425/319/1 378/321/1 377/318/1
f 373/322/1 314/320/1 374/315/1
f 373/322/1 315/323/1 314/320/1
f 425/319/1 379/324/1 378/321/1
f 373/322/1 316/325/1 315/323/1
f 373/322/1 317/326/1 316/325/1
f 424/327/1 379/324/1 425/319/1
f 424/327/1 380/328/1 379/324/1
f 372/329/1 317/326/1 373/322/1
f 372/329/1 318/330/1 317/326/1
f 424/327/1 381/331/1 380/328/1
f 372/329/1 319/332/1 318/330/1
f 372/329/1 320/333/1 319/332/1
f 423/334/1 381/331/1 424/327/1
f 423/334/1 382/335/1 381/331/1
f 371/336/1 320/333/1 372/329/1
f 371/336/1 321/337/1 320/333/1
f 371/336/1 322/338/1 321/337/1
f 423/334/1 383/339/1 382/335/1
f 371/336/1 323/340/1 322/338/1
f 423/334/1 384/341/1 383/339/1
f 422/342/1 384/341/1 423/334/1
f 371/336/1 324/343/1 323/340/1
f 370/344/1 324/343/1 371/336/1
f 370/344/1 325/345/1 324/343/1
f 370/344/1 326/346/1 325/345/1
f 422/342/1 385/347/1 384/341/1
f 422/342/1 386/348/1 385/347/1
f 421/349/1 386/348/1 422/342/1
f 369/350/1 326/346/1 370/344/1
f 421/349/1 387/351/1 386/348/1
f 421/349/1 388/352/1 387/351/1
f 420/353/1 388/352/1 421/349/1
f 368/354/1 339/355/1 369/350/1
f 339/355/1 326/346/1 369/350/1
f 368/354/1 340/356/1 339/355/1
f 338/357/1 326/346/1 339/355/1
f 337/358/1 327/359/1 338/357/1
f 327/359/1 326/346/1 338/357/1
f 337/358/1 328/360/1 327/359/1
f 420/353/1 391/361/1 388/352/1
f 391/361/1 389/362/1 388/352/1
f 367/363/1 340/356/1 368/354/1
f 419/364/1 391/361/1 420/353/1
f 367/363/1 341/365/1 340/356/1
f 367/363/1 342/366/1 341/365/1
f 366/367/1 342/366/1 367/363/1
f 418/368/1 391/361/1 419/364/1
f 366/367/1 343/369/1 342/366/1
f 366/367/1 344/370/1 343/369/1
f 365/371/1 344/370/1 366/367/1
f 417/372/1 391/361/1 418/368/1
f 365/371/1 345/373/1 344/370/1
f 364/374/1 345/373/1 365/371/1
f 416/375/1 391/361/1 417/372/1
f 364/374/1 346/376/1 345/373/1
f 416/375/1 392/377/1 391/361/1
f 390/378/1 389/362/1 391/361/1
f 416/375/1 393/379/1 392/377/1
f 364/374/1 347/380/1 346/376/1
f 363/381/1 347/380/1 364/374/1
f 415/382/1 393/379/1 416/375/1
f 415/382/1 394/383/1 393/379/1
f 337/358/1 331/384/1 328/360/1
f 331/384/1 329/385/1 328/360/1
f 331/384/1 330/386/1 329/385/1
f 363/381/1 348/387/1 347/380/1
f 415/382/1 395/388/1 394/383/1
f 362/389/1 348/387/1 363/381/1
f 361/390/1 348/387/1 362/389/1
f 415/382/1 396/391/1 395/388/1
f 414/392/1 396/391/1 415/382/1
f 361/390/1 349/393/1 348/387/1
f 360/394/1 349/393/1 361/390/1
f 413/395/1 396/391/1 414/392/1
f 359/396/1 349/393/1 360/394/1
f 413/395/1 397/397/1 396/391/1
f 412/398/1 397/397/1 413/395/1
f 358/399/1 349/393/1 359/396/1
f 357/400/1 349/393/1 358/399/1
f 411/401/1 397/397/1 412/398/1
f 357/400/1 350/402/1 349/393/1
f 411/401/1 398/403/1 397/397/1
f 356/404/1 350/402/1 357/400/1
f 410/405/1 398/403/1 411/401/1
f 355/406/1 350/402/1 356/404/1
f 410/405/1 399/407/1 398/403/1
f 354/408/1 350/402/1 355/406/1
f 409/409/1 399/407/1 410/405/1
f 354/408/1 353/410/1 350/402/1
f 353/410/1 352/411/1 350/402/1
f 352/411/1 351/412/1 350/402/1
f 408/413/1 399/407/1 409/409/1
f 408/413/1 400/414/1 399/407/1
f 407/415/1 400/414/1 408/413/1
f 407/415/1 401/416/1 400/414/1
f 337/358/1 332/417/1 331/384/1
f 406/418/1 401/416/1 407/415/1
f 406/418/1 402/419/1 401/416/1
f 405/420/1 402/419/1 406/418/1
f 404/421/1 402/419/1 405/420/1
f 404/421/1 403/422/1 402/419/1
f 337/358/1 335/423/1 332/417/1
f 335/423/1 333/424/1 332/417/1
f 335/423/1 334/425/1 333/424/1
f 337/358/1 336/426/1 335/423/1
f 529/427/1 531/263/1 530/428/1
f 529/427/1 429/288/1 531/263/1
f 528/429/1 429/288/1 529/427/1
f 528/429/1 430/430/1 429/288/1
f 527/431/1 430/430/1 528/429/1
f 527/431/1 431/432/1 430/430/1
f 526/433/1 431/432/1 527/431/1
f 526/433/1 432/434/1 431/432/1
f 525/435/1 432/434/1 526/433/1
f 525/435/1 433/436/1 432/434/1
f 524/437/1 433/436/1 525/435/1
f 524/437/1 434/438/1 433/436/1
f 523/439/1 434/438/1 524/437/1
f 523/439/1 435/440/1 434/438/1
f 522/441/1 435/440/1 523/439/1
f 522/441/1 436/442/1 435/440/1
f 521/443/1 436/442/1 522/441/1
f 521/443/1 437/444/1 436/442/1
f 520/445/1 437/444/1 521/443/1
f 520/445/1 438/446/1 437/444/1
f 519/447/1 438/446/1 520/445/1
f 519/447/1 439/448/1 438/446/1
f 518/449/1 439/448/1 519/447/1
f 518/449/1 440/450/1 439/448/1
f 516/451/1 518/449/1 517/452/1
f 516/451/1 440/450/1 518/449/1
f 516/451/1 441/453/1 440/450/1
f 516/451/1 442/454/1 441/453/1
f 515/455/1 442/454/1 516/451/1
f 514/456/1 443/457/1 515/455/1
f 443/457/1 442/454/1 515/455/1
f 514/456/1 444/458/1 443/457/1
f 513/459/1 479/460/1 514/456/1
f 479/460/1 444/458/1 514/456/1
f 479/460/1 445/461/1 444/458/1
f 513/459/1 480/462/1 479/460/1
f 478/463/1 445/461/1 479/460/1
f 512/464/1 480/462/1 513/459/1
f 512/464/1 481/465/1 480/462/1
f 478/463/1 446/466/1 445/461/1
f 477/467/1 446/466/1 478/463/1
f 511/468/1 481/465/1 512/464/1
f 511/468/1 482/469/1 481/465/1
f 477/467/1 447/470/1 446/466/1
f 476/471/1 447/470/1 477/467/1
f 510/472/1 482/469/1 511/468/1
f 510/472/1 483/473/1 482/469/1
f 476/471/1 448/474/1 447/470/1
f 475/475/1 448/474/1 476/471/1
f 509/476/1 483/473/1 510/472/1
f 509/476/1 484/477/1 483/473/1
f 475/475/1 449/478/1 448/474/1
f 474/479/1 449/478/1 475/475/1
f 508/480/1 484/477/1 509/476/1
f 508/480/1 485/481/1 484/477/1
f 474/479/1 450/482/1 449/478/1
f 473/483/1 450/482/1 474/479/1
f 507/484/1 485/481/1 508/480/1
f 473/483/1 451/485/1 450/482/1
f 507/484/1 486/486/1 485/481/1
f 472/487/1 451/485/1 473/483/1
f 506/488/1 486/486/1 507/484/1
f 472/487/1 452/489/1 451/485/1
f 506/488/1 487/490/1 486/486/1
f 505/491/1 487/490/1 506/488/1
f 471/492/1 452/489/1 472/487/1
f 471/492/1 453/493/1 452/489/1
f 505/491/1 488/494/1 487/490/1
f 504/495/1 488/494/1 505/491/1
f 470/496/1 453/493/1 471/492/1
f 470/496/1 454/497/1 453/493/1
f 504/495/1 489/498/1 488/494/1
f 470/496/1 455/499/1 454/497/1
f 503/500/1 489/498/1 504/495/1
f 469/501/1 455/499/1 470/496/1
f 469/501/1 456/502/1 455/499/1
f 469/501/1 457/503/1 456/502/1
f 503/500/1 490/504/1 489/498/1
f 502/505/1 490/504/1 503/500/1
f 469/501/1 458/506/1 457/503/1
f 501/507/1 490/504/1 502/505/1
f 469/501/1 459/508/1 458/506/1
f 500/509/1 490/504/1 501/507/1
f 468/510/1 459/508/1 469/501/1
f 468/510/1 460/511/1 459/508/1
f 499/512/1 490/504/1 500/509/1
f 468/510/1 461/513/1 460/511/1
f 498/514/1 490/504/1 499/512/1
f 497/515/1 490/504/1 498/514/1
f 468/510/1 462/516/1 461/513/1
f 496/517/1 490/504/1 497/515/1
f 468/510/1 463/518/1 462/516/1
f 496/517/1 495/519/1 490/504/1
f 495/519/1 494/520/1 490/504/1
f 494/520/1 493/521/1 490/504/1
f 493/521/1 492/522/1 490/504/1
f 492/522/1 491/523/1 490/504/1
f 467/524/1 466/525/1 468/510/1
f 466/525/1 465/526/1 468/510/1
f 465/526/1 464/527/1 468/510/1
f 464/527/1 463/518/1 468/510/1
f 652/528/1 654/529/1 653/530/1
f 652/528/1 655/531/1 654/529/1
f 651/532/1 655/531/1 652/528/1
f 650/533/1 655/531/1 651/532/1
f 649/534/1 655/531/1 650/533/1
f 649/534/1 656/535/1 655/531/1
f 648/536/1 656/535/1 649/534/1
f 647/537/1 656/535/1 648/536/1
f 646/538/1 656/535/1 647/537/1
f 646/538/1 657/539/1 656/535/1
f 645/540/1 657/539/1 646/538/1
f 542/541/1 544/542/1 543/543/1
f 644/544/1 657/539/1 645/540/1
f 541/545/1 544/542/1 542/541/1
f 541/545/1 545/546/1 544/542/1
f 643/547/1 657/539/1 644/544/1
f 540/548/1 545/546/1 541/545/1
f 540/548/1 546/549/1 545/546/1
f 643/547/1 658/550/1 657/539/1
f 642/551/1 658/550/1 643/547/1
f 539/552/1 546/549/1 540/548/1
f 539/552/1 547/553/1 546/549/1
f 641/554/1 658/550/1 642/551/1
f 640/555/1 658/550/1 641/554/1
f 538/556/1 547/553/1 539/552/1
f 640/555/1 659/557/1 658/550/1
f 538/556/1 548/558/1 547/553/1
f 639/559/1 659/557/1 640/555/1
f 537/560/1 548/558/1 538/556/1
f 639/559/1 660/561/1 659/557/1
f 537/560/1 592/562/1 548/558/1
f 592/562/1 591/563/1 548/558/1
f 591/563/1 549/564/1 548/558/1
f 537/560/1 593/565/1 592/562/1
f 590/566/1 549/564/1 591/563/1
f 536/567/1 593/565/1 537/560/1
f 536/567/1 594/568/1 593/565/1
f 638/569/1 660/561/1 639/559/1
f 589/570/1 549/564/1 590/566/1
f 536/567/1 595/571/1 594/568/1
f 638/569/1 661/572/1 660/561/1
f 588/573/1 549/564/1 589/570/1
f 588/573/1 550/574/1 549/564/1
f 535/575/1 595/571/1 536/567/1
f 535/575/1 596/576/1 595/571/1
f 637/577/1 661/572/1 638/569/1
f 587/578/1 550/574/1 588/573/1
f 637/577/1 662/579/1 661/572/1
f 534/580/1 596/576/1 535/575/1
f 534/580/1 597/581/1 596/576/1
f 587/578/1 551/582/1 550/574/1
f 586/583/1 551/582/1 587/578/1
f 636/584/1 662/579/1 637/577/1
f 636/584/1 663/585/1 662/579/1
f 533/586/1 597/581/1 534/580/1
f 585/587/1 551/582/1 586/583/1
f 533/586/1 598/588/1 597/581/1
f 635/589/1 663/585/1 636/584/1
f 585/587/1 552/590/1 551/582/1
f 635/589/1 664/591/1 663/585/1
f 584/592/1 552/590/1 585/587/1
f 532/288/1 598/588/1 533/586/1
f 532/288/1 599/462/1 598/588/1
f 635/589/1 665/593/1 664/591/1
f 634/594/1 665/593/1 635/589/1
f 584/592/1 553/595/1 552/590/1
f 666/263/1 599/462/1 532/288/1
f 583/596/1 553/595/1 584/592/1
f 634/594/1 666/263/1 665/593/1
f 666/263/1 600/597/1 599/462/1
f 633/598/1 666/263/1 634/594/1
f 633/598/1 600/597/1 666/263/1
f 582/599/1 553/595/1 583/596/1
f 582/599/1 554/600/1 553/595/1
f 633/598/1 601/601/1 600/597/1
f 632/602/1 601/601/1 633/598/1
f 581/603/1 554/600/1 582/599/1
f 631/604/1 601/601/1 632/602/1
f 631/604/1 602/605/1 601/601/1
f 581/603/1 555/606/1 554/600/1
f 630/607/1 602/605/1 631/604/1
f 580/608/1 555/606/1 581/603/1
f 630/607/1 603/609/1 602/605/1
f 629/610/1 603/609/1 630/607/1
f 580/608/1 556/611/1 555/606/1
f 579/612/1 556/611/1 580/608/1
f 629/610/1 604/613/1 603/609/1
f 628/614/1 604/613/1 629/610/1
f 627/615/1 604/613/1 628/614/1
f 627/615/1 605/616/1 604/613/1
f 626/617/1 605/616/1 627/615/1
f 626/617/1 606/618/1 605/616/1
f 625/619/1 606/618/1 626/617/1
f 578/620/1 556/611/1 579/612/1
f 625/619/1 607/621/1 606/618/1
f 578/620/1 557/622/1 556/611/1
f 625/619/1 608/623/1 607/621/1
f 624/624/1 608/623/1 625/619/1
f 624/624/1 609/625/1 608/623/1
f 623/626/1 609/625/1 624/624/1
f 623/626/1 610/627/1 609/625/1
f 623/626/1 611/628/1 610/627/1
f 622/629/1 611/628/1 623/626/1
f 622/629/1 612/630/1 611/628/1
f 577/631/1 557/622/1 578/620/1
f 621/632/1 612/630/1 622/629/1
f 621/632/1 613/633/1 612/630/1
f 577/631/1 558/634/1 557/622/1
f 620/635/1 613/633/1 621/632/1
f 620/635/1 614/636/1 613/633/1
f 619/637/1 614/636/1 620/635/1
f 619/637/1 615/638/1 614/636/1
f 618/639/1 615/638/1 619/637/1
f 618/639/1 616/640/1 615/638/1
f 576/641/1 558/634/1 577/631/1
f 617/642/1 616/640/1 618/639/1
f 576/641/1 559/643/1 558/634/1
f 575/644/1 559/643/1 576/641/1
f 575/644/1 560/645/1 559/643/1
f 574/646/1 560/645/1 575/644/1
f 573/647/1 560/645/1 574/646/1
f 573/647/1 561/648/1 560/645/1
f 572/649/1 561/648/1 573/647/1
f 572/649/1 562/650/1 561/648/1
f 571/651/1 562/650/1 572/649/1
f 570/652/1 562/650/1 571/651/1
f 570/652/1 563/653/1 562/650/1
f 569/654/1 563/653/1 570/652/1
f 568/655/1 563/653/1 569/654/1
f 568/655/1 564/656/1 563/653/1
f 567/657/1 564/656/1 568/655/1
f 567/657/1 565/658/1 564/656/1
f 567/657/1 566/659/1 565/658/1
f 841/660/1 843/661/1 842/662/1
f 841/660/1 844/663/1 843/661/1
f 841/660/1 845/664/1 844/663/1
f 840/665/1 845/664/1 841/660/1
f 691/666/1 667/288/1 692/667/1
f 691/666/1 668/668/1 667/288/1
f 691/666/1 669/669/1 668/668/1
f 840/665/1 846/670/1 845/664/1
f 839/671/1 846/670/1 840/665/1
f 691/666/1 670/672/1 669/669/1
f 691/666/1 671/673/1 670/672/1
f 960/674/1 962/675/1 961/676/1
f 960/674/1 963/677/1 962/675/1
f 839/671/1 847/678/1 846/670/1
f 691/666/1 672/679/1 671/673/1
f 838/680/1 847/678/1 839/671/1
f 691/666/1 673/681/1 672/679/1
f 690/682/1 673/681/1 691/666/1
f 689/683/1 673/681/1 690/682/1
f 689/683/1 674/684/1 673/681/1
f 838/680/1 848/685/1 847/678/1
f 837/686/1 848/685/1 838/680/1
f 688/687/1 674/684/1 689/683/1
f 688/687/1 675/688/1 674/684/1
f 687/689/1 675/688/1 688/687/1
f 687/689/1 676/690/1 675/688/1
f 837/686/1 849/691/1 848/685/1
f 686/692/1 676/690/1 687/689/1
f 686/692/1 677/693/1 676/690/1
f 836/694/1 849/691/1 837/686/1
f 685/695/1 677/693/1 686/692/1
f 685/695/1 678/696/1 677/693/1
f 836/694/1 850/697/1 849/691/1
f 684/698/1 678/696/1 685/695/1
f 684/698/1 683/699/1 678/696/1
f 683/699/1 682/700/1 678/696/1
f 682/700/1 681/701/1 678/696/1
f 681/701/1 680/702/1 678/696/1
f 680/702/1 679/703/1 678/696/1
f 835/704/1 850/697/1 836/694/1
f 959/705/1 963/677/1 960/674/1
f 958/706/1 964/707/1 959/705/1
f 964/707/1 963/677/1 959/705/1
f 958/706/1 965/708/1 964/707/1
f 835/704/1 851/709/1 850/697/1
f 958/706/1 966/710/1 965/708/1
f 834/711/1 851/709/1 835/704/1
f 834/711/1 852/712/1 851/709/1
f 958/706/1 967/713/1 966/710/1
f 833/714/1 852/712/1 834/711/1
f 958/706/1 968/715/1 967/713/1
f 957/716/1 968/715/1 958/706/1
f 833/714/1 853/717/1 852/712/1
f 957/716/1 969/718/1 968/715/1
f 832/719/1 853/717/1 833/714/1
f 855/720/1 857/721/1 856/722/1
f 832/719/1 854/723/1 853/717/1
f 957/716/1 970/724/1 969/718/1
f 831/725/1 854/723/1 832/719/1
f 957/716/1 971/726/1 970/724/1
f 831/725/1 855/720/1 854/723/1
f 956/727/1 971/726/1 957/716/1
f 956/727/1 972/728/1 971/726/1
f 830/729/1 855/720/1 831/725/1
f 830/729/1 857/721/1 855/720/1
f 956/727/1 973/730/1 972/728/1
f 829/731/1 857/721/1 830/729/1
f 956/727/1 974/732/1 973/730/1
f 956/727/1 975/733/1 974/732/1
f 955/734/1 975/733/1 956/727/1
f 829/731/1 858/735/1 857/721/1
f 828/736/1 858/735/1 829/731/1
f 955/734/1 976/737/1 975/733/1
f 977/738/1 979/739/1 978/740/1
f 955/734/1 977/738/1 976/737/1
f 955/734/1 979/739/1 977/738/1
f 955/734/1 922/741/1 979/739/1
f 922/741/1 980/742/1 979/739/1
f 954/743/1 922/741/1 955/734/1
f 828/736/1 827/744/1 858/735/1
f 827/744/1 859/745/1 858/735/1
f 826/746/1 859/745/1 827/744/1
f 826/746/1 860/747/1 859/745/1
f 825/748/1 860/747/1 826/746/1
f 825/748/1 861/749/1 860/747/1
f 953/750/1 923/751/1 954/743/1
f 923/751/1 922/741/1 954/743/1
f 824/752/1 861/749/1 825/748/1
f 824/752/1 862/753/1 861/749/1
f 823/754/1 862/753/1 824/752/1
f 823/754/1 863/755/1 862/753/1
f 953/750/1 924/756/1 923/751/1
f 921/757/1 980/742/1 922/741/1
f 823/754/1 864/758/1 863/755/1
f 822/759/1 864/758/1 823/754/1
f 952/760/1 924/756/1 953/750/1
f 920/761/1 980/742/1 921/757/1
f 822/759/1 865/762/1 864/758/1
f 821/763/1 865/762/1 822/759/1
f 920/761/1 981/764/1 980/742/1
f 952/760/1 925/765/1 924/756/1
f 821/763/1 866/766/1 865/762/1
f 820/767/1 866/766/1 821/763/1
f 870/768/1 872/769/1 871/770/1
f 919/771/1 981/764/1 920/761/1
f 820/767/1 867/772/1 866/766/1
f 819/773/1 867/772/1 820/767/1
f 952/760/1 926/774/1 925/765/1
f 951/775/1 926/774/1 952/760/1
f 819/773/1 868/776/1 867/772/1
f 818/777/1 868/776/1 819/773/1
f 918/778/1 981/764/1 919/771/1
f 818/777/1 869/779/1 868/776/1
f 817/780/1 869/779/1 818/777/1
f 951/775/1 927/781/1 926/774/1
f 817/780/1 870/768/1 869/779/1
f 917/782/1 981/764/1 918/778/1
f 816/783/1 870/768/1 817/780/1
f 950/784/1 927/781/1 951/775/1
f 816/783/1 872/769/1 870/768/1
f 815/785/1 872/769/1 816/783/1
f 950/784/1 928/786/1 927/781/1
f 916/787/1 981/764/1 917/782/1
f 814/788/1 872/769/1 815/785/1
f 916/787/1 982/789/1 981/764/1
f 814/788/1 873/790/1 872/769/1
f 915/791/1 982/789/1 916/787/1
f 949/792/1 928/786/1 950/784/1
f 949/792/1 929/793/1 928/786/1
f 914/794/1 982/789/1 915/791/1
f 813/795/1 812/796/1 814/788/1
f 812/796/1 873/790/1 814/788/1
f 949/792/1 930/797/1 929/793/1
f 948/798/1 930/797/1 949/792/1
f 913/799/1 982/789/1 914/794/1
f 1027/800/1 899/801/1 1028/263/1
f 1027/800/1 900/802/1 899/801/1
f 812/796/1 874/803/1 873/790/1
f 1027/800/1 901/804/1 900/802/1
f 948/798/1 931/805/1 930/797/1
f 1027/800/1 902/806/1 901/804/1
f 912/807/1 982/789/1 913/799/1
f 811/808/1 874/803/1 812/796/1
f 1027/800/1 903/809/1 902/806/1
f 947/810/1 931/805/1 948/798/1
f 912/807/1 983/811/1 982/789/1
f 811/808/1 875/812/1 874/803/1
f 896/813/1 898/814/1 897/815/1
f 1027/800/1 904/816/1 903/809/1
f 1027/800/1 905/817/1 904/816/1
f 947/810/1 932/818/1 931/805/1
f 911/819/1 983/811/1 912/807/1
f 1027/800/1 906/820/1 905/817/1
f 810/821/1 875/812/1 811/808/1
f 895/822/1 898/814/1 896/813/1
f 810/821/1 876/823/1 875/812/1
f 1027/800/1 907/824/1 906/820/1
f 946/825/1 932/818/1 947/810/1
f 1027/800/1 908/826/1 907/824/1
f 910/827/1 983/811/1 911/819/1
f 945/828/1 932/818/1 946/825/1
f 945/828/1 933/829/1 932/818/1
f 1026/830/1 908/826/1 1027/800/1
f 1026/830/1 909/831/1 908/826/1
f 895/822/1 693/832/1 898/814/1
f 894/833/1 693/832/1 895/822/1
f 944/834/1 933/829/1 945/828/1
f 810/821/1 877/835/1 876/823/1
f 1025/836/1 909/831/1 1026/830/1
f 1025/836/1 910/827/1 909/831/1
f 809/837/1 877/835/1 810/821/1
f 943/838/1 933/829/1 944/834/1
f 1024/839/1 910/827/1 1025/836/1
f 942/840/1 933/829/1 943/838/1
f 1024/839/1 983/811/1 910/827/1
f 893/841/1 693/832/1 894/833/1
f 942/840/1 934/842/1 933/829/1
f 941/843/1 934/842/1 942/840/1
f 1023/844/1 983/811/1 1024/839/1
f 893/841/1 694/845/1 693/832/1
f 809/837/1 878/846/1 877/835/1
f 940/847/1 934/842/1 941/843/1
f 1022/848/1 983/811/1 1023/844/1
f 808/849/1 878/846/1 809/837/1
f 939/850/1 934/842/1 940/847/1
f 1021/851/1 983/811/1 1022/848/1
f 892/852/1 694/845/1 893/841/1
f 938/853/1 934/842/1 939/850/1
f 938/853/1 937/854/1 934/842/1
f 937/854/1 936/855/1 934/842/1
f 936/855/1 935/856/1 934/842/1
f 1021/851/1 984/857/1 983/811/1
f 808/849/1 879/858/1 878/846/1
f 1020/859/1 984/857/1 1021/851/1
f 892/852/1 695/860/1 694/845/1
f 1019/861/1 984/857/1 1020/859/1
f 807/862/1 879/858/1 808/849/1
f 891/863/1 695/860/1 892/852/1
f 1018/864/1 984/857/1 1019/861/1
f 807/862/1 880/865/1 879/858/1
f 891/863/1 696/866/1 695/860/1
f 1017/867/1 984/857/1 1018/864/1
f 890/868/1 696/866/1 891/863/1
f 806/869/1 880/865/1 807/862/1
f 1016/870/1 984/857/1 1017/867/1
f 806/869/1 881/871/1 880/865/1
f 1015/872/1 984/857/1 1016/870/1
f 889/873/1 696/866/1 890/868/1
f 889/873/1 697/874/1 696/866/1
f 1014/875/1 984/857/1 1015/872/1
f 805/876/1 881/871/1 806/869/1
f 805/876/1 882/877/1 881/871/1
f 888/878/1 697/874/1 889/873/1
f 888/878/1 698/879/1 697/874/1
f 805/876/1 883/880/1 882/877/1
f 1014/875/1 985/881/1 984/857/1
f 804/882/1 883/880/1 805/876/1
f 887/883/1 698/879/1 888/878/1
f 1013/884/1 985/881/1 1014/875/1
f 887/883/1 699/885/1 698/879/1
f 804/882/1 884/886/1 883/880/1
f 886/887/1 699/885/1 887/883/1
f 803/888/1 884/886/1 804/882/1
f 803/888/1 885/889/1 884/886/1
f 885/889/1 699/885/1 886/887/1
f 885/889/1 700/890/1 699/885/1
f 802/891/1 885/889/1 803/888/1
f 1012/892/1 985/881/1 1013/884/1
f 802/891/1 700/890/1 885/889/1
f 802/891/1 701/893/1 700/890/1
f 801/894/1 701/893/1 802/891/1
f 1012/892/1 986/895/1 985/881/1
f 801/894/1 702/896/1 701/893/1
f 1011/897/1 986/895/1 1012/892/1
f 800/898/1 702/896/1 801/894/1
f 800/898/1 703/899/1 702/896/1
f 799/900/1 703/899/1 800/898/1
f 1010/901/1 986/895/1 1011/897/1
f 799/900/1 704/902/1 703/899/1
f 798/903/1 704/902/1 799/900/1
f 1010/901/1 987/904/1 986/895/1
f 798/903/1 705/905/1 704/902/1
f 797/906/1 705/905/1 798/903/1
f 727/907/1 729/908/1 728/909/1
f 1009/910/1 987/904/1 1010/901/1
f 727/907/1 730/911/1 729/908/1
f 727/907/1 731/912/1 730/911/1
f 727/907/1 732/913/1 731/912/1
f 796/914/1 705/905/1 797/906/1
f 796/914/1 706/915/1 705/905/1
f 727/907/1 733/916/1 732/913/1
f 727/907/1 734/917/1 733/916/1
f 726/918/1 734/917/1 727/907/1
f 726/918/1 735/919/1 734/917/1
f 1008/920/1 987/904/1 1009/910/1
f 795/921/1 706/915/1 796/914/1
f 726/918/1 736/922/1 735/919/1
f 726/918/1 737/923/1 736/922/1
f 795/921/1 764/924/1 706/915/1
f 764/924/1 707/925/1 706/915/1
f 726/918/1 738/926/1 737/923/1
f 726/918/1 739/927/1 738/926/1
f 726/918/1 740/928/1 739/927/1
f 794/929/1 764/924/1 795/921/1
f 794/929/1 765/930/1 764/924/1
f 763/931/1 707/925/1 764/924/1
f 725/932/1 740/928/1 726/918/1
f 725/932/1 741/933/1 740/928/1
f 1008/920/1 988/934/1 987/904/1
f 1007/935/1 988/934/1 1008/920/1
f 763/931/1 708/936/1 707/925/1
f 793/937/1 765/930/1 794/929/1
f 793/937/1 766/938/1 765/930/1
f 724/939/1 741/933/1 725/932/1
f 763/931/1 709/940/1 708/936/1
f 792/941/1 766/938/1 793/937/1
f 762/942/1 709/940/1 763/931/1
f 792/941/1 767/943/1 766/938/1
f 1006/944/1 988/934/1 1007/935/1
f 724/939/1 742/945/1 741/933/1
f 723/946/1 742/945/1 724/939/1
f 791/947/1 767/943/1 792/941/1
f 762/942/1 710/948/1 709/940/1
f 791/947/1 768/949/1 767/943/1
f 722/950/1 742/945/1 723/946/1
f 790/951/1 768/949/1 791/947/1
f 761/952/1 710/948/1 762/942/1
f 761/952/1 711/953/1 710/948/1
f 1005/954/1 988/934/1 1006/944/1
f 1005/954/1 989/955/1 988/934/1
f 790/951/1 769/956/1 768/949/1
f 722/950/1 743/957/1 742/945/1
f 721/958/1 743/957/1 722/950/1
f 789/959/1 769/956/1 790/951/1
f 761/952/1 712/960/1 711/953/1
f 720/961/1 743/957/1 721/958/1
f 761/952/1 713/962/1 712/960/1
f 788/963/1 769/956/1 789/959/1
f 760/964/1 713/962/1 761/952/1
f 1004/965/1 989/955/1 1005/954/1
f 788/963/1 770/966/1 769/956/1
f 719/967/1 743/957/1 720/961/1
f 760/964/1 714/968/1 713/962/1
f 718/969/1 743/957/1 719/967/1
f 787/970/1 770/966/1 788/963/1
f 760/964/1 715/971/1 714/968/1
f 718/969/1 744/972/1 743/957/1
f 717/973/1 744/972/1 718/969/1
f 760/964/1 716/974/1 715/971/1
f 787/970/1 771/975/1 770/966/1
f 786/976/1 771/975/1 787/970/1
f 716/974/1 744/972/1 717/973/1
f 760/964/1 744/972/1 716/974/1
f 1003/977/1 989/955/1 1004/965/1
f 785/978/1 771/975/1 786/976/1
f 759/979/1 744/972/1 760/964/1
f 784/980/1 771/975/1 785/978/1
f 784/980/1 772/981/1 771/975/1
f 1003/977/1 990/982/1 989/955/1
f 783/983/1 772/981/1 784/980/1
f 759/979/1 745/984/1 744/972/1
f 1002/985/1 990/982/1 1003/977/1
f 782/986/1 772/981/1 783/983/1
f 758/987/1 745/984/1 759/979/1
f 782/986/1 773/988/1 772/981/1
f 1001/989/1 990/982/1 1002/985/1
f 781/990/1 773/988/1 782/986/1
f 1000/991/1 990/982/1 1001/989/1
f 758/987/1 746/992/1 745/984/1
f 999/993/1 990/982/1 1000/991/1
f 781/990/1 774/994/1 773/988/1
f 780/995/1 774/994/1 781/990/1
f 757/996/1 746/992/1 758/987/1
f 998/997/1 990/982/1 999/993/1
f 779/998/1 774/994/1 780/995/1
f 997/999/1 990/982/1 998/997/1
f 779/998/1 775/1000/1 774/994/1
f 778/1001/1 775/1000/1 779/998/1
f 757/996/1 747/1002/1 746/992/1
f 997/999/1 996/1003/1 990/982/1
f 996/1003/1 995/1004/1 990/982/1
f 995/1004/1 994/1005/1 990/982/1
f 994/1005/1 993/1006/1 990/982/1
f 993/1006/1 992/1007/1 990/982/1
f 992/1007/1 991/1008/1 990/982/1
f 756/1009/1 747/1002/1 757/996/1
f 777/1010/1 775/1000/1 778/1001/1
f 777/1010/1 776/1011/1 775/1000/1
f 756/1009/1 748/1012/1 747/1002/1
f 755/1013/1 748/1012/1 756/1009/1
f 755/1013/1 749/1014/1 748/1012/1
f 754/1015/1 749/1014/1 755/1013/1
f 754/1015/1 750/1016/1 749/1014/1
f 753/1017/1 750/1016/1 754/1015/1
f 753/1017/1 751/1018/1 750/1016/1
f 752/1019/1 751/1018/1 753/1017/1
f 1294/263/1 1104/1020/1 1103/1021/1
f 1294/263/1 1105/1022/1 1104/1020/1
f 1293/1023/1 1105/1022/1 1294/263/1
f 1292/1024/1 1105/1022/1 1293/1023/1
f 1292/1024/1 1106/1025/1 1105/1022/1
f 1291/1026/1 1106/1025/1 1292/1024/1
f 1291/1026/1 1107/1027/1 1106/1025/1
f 1290/1028/1 1107/1027/1 1291/1026/1
f 1290/1028/1 1108/1029/1 1107/1027/1
f 1289/1030/1 1108/1029/1 1290/1028/1
f 1288/1031/1 1108/1029/1 1289/1030/1
f 1288/1031/1 1109/1032/1 1108/1029/1
f 1287/1033/1 1109/1032/1 1288/1031/1
f 1287/1033/1 1110/1034/1 1109/1032/1
f 1286/1035/1 1110/1034/1 1287/1033/1
f 1286/1035/1 1111/1036/1 1110/1034/1
f 1285/1037/1 1111/1036/1 1286/1035/1
f 1126/1038/1 1128/1039/1 1127/1040/1
f 1284/1041/1 1111/1036/1 1285/1037/1
f 1284/1041/1 1112/1042/1 1111/1036/1
f 1125/1043/1 1128/1039/1 1126/1038/1
f 1124/1044/1 1128/1039/1 1125/1043/1
f 1283/1045/1 1112/1042/1 1284/1041/1
f 1123/1046/1 1128/1039/1 1124/1044/1
f 1283/1045/1 1113/1047/1 1112/1042/1
f 1282/1048/1 1113/1047/1 1283/1045/1
f 1122/1049/1 1128/1039/1 1123/1046/1
f 1121/1050/1 1128/1039/1 1122/1049/1
f 1282/1048/1 1114/1051/1 1113/1047/1
f 1281/1052/1 1114/1051/1 1282/1048/1
f 1120/1053/1 1128/1039/1 1121/1050/1
f 1119/1054/1 1128/1039/1 1120/1053/1
f 1118/1055/1 1128/1039/1 1119/1054/1
f 1281/1052/1 1115/1056/1 1114/1051/1
f 1117/1057/1 1128/1039/1 1118/1055/1
f 1268/1058/1 1270/1059/1 1269/1060/1
f 1116/1061/1 1128/1039/1 1117/1057/1
f 1268/1058/1 1271/1062/1 1270/1059/1
f 1115/1056/1 1128/1039/1 1116/1061/1
f 1281/1052/1 1128/1039/1 1115/1056/1
f 1268/1058/1 1272/1063/1 1271/1062/1
f 1268/1058/1 1273/1064/1 1272/1063/1
f 1268/1058/1 1274/1065/1 1273/1064/1
f 1268/1058/1 1275/1066/1 1274/1065/1
f 1280/1067/1 1128/1039/1 1281/1052/1
f 1279/1068/1 1128/1039/1 1280/1067/1
f 1268/1058/1 1276/1069/1 1275/1066/1
f 1278/1070/1 1128/1039/1 1279/1068/1
f 1268/1058/1 1277/1071/1 1276/1069/1
f 1277/1071/1 1128/1039/1 1278/1070/1
f 1268/1058/1 1128/1039/1 1277/1071/1
f 1268/1058/1 1129/1072/1 1128/1039/1
f 1268/1058/1 1130/1073/1 1129/1072/1
f 1268/1058/1 1131/1074/1 1130/1073/1
f 1268/1058/1 1132/1075/1 1131/1074/1
f 1268/1058/1 1133/1076/1 1132/1075/1
f 1268/1058/1 1134/1077/1 1133/1076/1
f 1268/1058/1 1135/396/1 1134/1077/1
f 1268/1058/1 1136/1078/1 1135/396/1
f 1268/1058/1 1137/1079/1 1136/1078/1
f 1268/1058/1 1138/1080/1 1137/1079/1
f 1268/1058/1 1139/1081/1 1138/1080/1
f 1268/1058/1 1140/1082/1 1139/1081/1
f 1267/1083/1 1140/1082/1 1268/1058/1
f 1267/1083/1 1256/1084/1 1140/1082/1
f 1256/1084/1 1141/1085/1 1140/1082/1
f 1266/1086/1 1256/1084/1 1267/1083/1
f 1265/1087/1 1256/1084/1 1266/1086/1
f 1264/1088/1 1256/1084/1 1265/1087/1
f 1264/1088/1 1257/1089/1 1256/1084/1
f 1255/1090/1 1141/1085/1 1256/1084/1
f 1263/1091/1 1257/1089/1 1264/1088/1
f 1263/1091/1 1258/1092/1 1257/1089/1
f 1262/1093/1 1258/1092/1 1263/1091/1
f 1262/1093/1 1259/1094/1 1258/1092/1
f 1261/1095/1 1259/1094/1 1262/1093/1
f 1261/1095/1 1260/1096/1 1259/1094/1
f 1255/1090/1 1142/1097/1 1141/1085/1
f 1254/1098/1 1142/1097/1 1255/1090/1
f 1153/1099/1 1155/1100/1 1154/1101/1
f 1152/1102/1 1155/1100/1 1153/1099/1
f 1151/1103/1 1155/1100/1 1152/1102/1
f 1150/1104/1 1155/1100/1 1151/1103/1
f 1149/1105/1 1155/1100/1 1150/1104/1
f 1148/1106/1 1155/1100/1 1149/1105/1
f 1147/1107/1 1155/1100/1 1148/1106/1
f 1146/1108/1 1155/1100/1 1147/1107/1
f 1145/1109/1 1155/1100/1 1146/1108/1
f 1144/1110/1 1155/1100/1 1145/1109/1
f 1143/1111/1 1155/1100/1 1144/1110/1
f 1142/1097/1 1155/1100/1 1143/1111/1
f 1254/1098/1 1155/1100/1 1142/1097/1
f 1241/420/1 1243/1112/1 1242/1113/1
f 1241/420/1 1244/1114/1 1243/1112/1
f 1253/1115/1 1155/1100/1 1254/1098/1
f 1241/420/1 1245/1116/1 1244/1114/1
f 1252/1117/1 1155/1100/1 1253/1115/1
f 1241/420/1 1246/1118/1 1245/1116/1
f 1251/1119/1 1155/1100/1 1252/1117/1
f 1241/420/1 1247/1120/1 1246/1118/1
f 1250/1121/1 1155/1100/1 1251/1119/1
f 1249/1122/1 1155/1100/1 1250/1121/1
f 1241/420/1 1248/1123/1 1247/1120/1
f 1248/1123/1 1155/1100/1 1249/1122/1
f 1241/420/1 1155/1100/1 1248/1123/1
f 1241/420/1 1156/1124/1 1155/1100/1
f 1241/420/1 1157/1125/1 1156/1124/1
f 1241/420/1 1158/1126/1 1157/1125/1
f 1241/420/1 1159/1127/1 1158/1126/1
f 1241/420/1 1160/1128/1 1159/1127/1
f 1241/420/1 1161/1129/1 1160/1128/1
f 1241/420/1 1162/1130/1 1161/1129/1
f 1241/420/1 1163/1131/1 1162/1130/1
f 1241/420/1 1164/1132/1 1163/1131/1
f 1241/420/1 1165/1133/1 1164/1132/1
f 1241/420/1 1166/1134/1 1165/1133/1
f 1241/420/1 1167/1135/1 1166/1134/1
f 1241/420/1 1229/1136/1 1167/1135/1
f 1229/1136/1 1168/1137/1 1167/1135/1
f 1241/420/1 1230/1138/1 1229/1136/1
f 1228/1139/1 1168/1137/1 1229/1136/1
f 1240/1140/1 1230/1138/1 1241/420/1
f 1240/1140/1 1231/1141/1 1230/1138/1
f 1228/1139/1 1169/1142/1 1168/1137/1
f 1239/1143/1 1231/1141/1 1240/1140/1
f 1239/1143/1 1232/1144/1 1231/1141/1
f 1238/1145/1 1232/1144/1 1239/1143/1
f 1238/1145/1 1233/1146/1 1232/1144/1
f 1238/1145/1 1234/1147/1 1233/1146/1
f 1237/1148/1 1234/1147/1 1238/1145/1
f 1237/1148/1 1235/1149/1 1234/1147/1
f 1236/1150/1 1235/1149/1 1237/1148/1
f 1227/1151/1 1169/1142/1 1228/1139/1
f 1227/1151/1 1170/1152/1 1169/1142/1
f 1227/1151/1 1171/1153/1 1170/1152/1
f 1226/1154/1 1171/1153/1 1227/1151/1
f 1226/1154/1 1172/1155/1 1171/1153/1
f 1225/1156/1 1172/1155/1 1226/1154/1
f 1225/1156/1 1173/1157/1 1172/1155/1
f 1224/1158/1 1173/1157/1 1225/1156/1
f 1224/1158/1 1174/1159/1 1173/1157/1
f 1223/1160/1 1174/1159/1 1224/1158/1
f 1223/1160/1 1175/1161/1 1174/1159/1
f 1222/1162/1 1175/1161/1 1223/1160/1
f 1222/1162/1 1176/1163/1 1175/1161/1
f 1221/1164/1 1176/1163/1 1222/1162/1
f 1221/1164/1 1177/1165/1 1176/1163/1
f 1221/1164/1 1178/1166/1 1177/1165/1
f 1220/1167/1 1178/1166/1 1221/1164/1
f 1220/1167/1 1179/1168/1 1178/1166/1
f 1219/1169/1 1179/1168/1 1220/1167/1
f 1219/1169/1 1180/1170/1 1179/1168/1
f 1219/1169/1 1181/1171/1 1180/1170/1
f 1218/1172/1 1181/1171/1 1219/1169/1
f 1218/1172/1 1182/1173/1 1181/1171/1
f 1088/1174/1 1090/1175/1 1089/1176/1
f 1204/1177/1 1206/1178/1 1205/1179/1
f 1218/1172/1 1183/1180/1 1182/1173/1
f 1204/1177/1 1207/1181/1 1206/1178/1
f 1204/1177/1 1208/1182/1 1207/1181/1
f 1218/1172/1 1184/1183/1 1183/1180/1
f 1204/1177/1 1209/1184/1 1208/1182/1
f 1217/1185/1 1184/1183/1 1218/1172/1
f 1204/1177/1 1210/1186/1 1209/1184/1
f 1217/1185/1 1185/1187/1 1184/1183/1
f 1204/1177/1 1211/1188/1 1210/1186/1
f 1204/1177/1 1212/1189/1 1211/1188/1
f 1087/1190/1 1090/1175/1 1088/1174/1
f 1204/1177/1 1213/1191/1 1212/1189/1
f 1217/1185/1 1186/1192/1 1185/1187/1
f 1204/1177/1 1214/1193/1 1213/1191/1
f 1204/1177/1 1215/1194/1 1214/1193/1
f 1217/1185/1 1187/1195/1 1186/1192/1
f 1204/1177/1 1216/1196/1 1215/1194/1
f 1087/1190/1 1091/1197/1 1090/1175/1
f 1204/1177/1 1217/1185/1 1216/1196/1
f 1204/1177/1 1187/1195/1 1217/1185/1
f 1204/1177/1 1188/335/1 1187/1195/1
f 1086/1198/1 1091/1197/1 1087/1190/1
f 1204/1177/1 1189/1199/1 1188/335/1
f 1086/1198/1 1092/1200/1 1091/1197/1
f 1204/1177/1 1190/1201/1 1189/1199/1
f 1204/1177/1 1191/1202/1 1190/1201/1
f 1085/1203/1 1092/1200/1 1086/1198/1
f 1204/1177/1 1201/1204/1 1191/1202/1
f 1201/1204/1 1200/1205/1 1191/1202/1
f 1200/1205/1 1199/1206/1 1191/1202/1
f 1199/1206/1 1198/1207/1 1191/1202/1
f 1198/1207/1 1197/1208/1 1191/1202/1
f 1197/1208/1 1196/1209/1 1191/1202/1
f 1196/1209/1 1195/1210/1 1191/1202/1
f 1195/1210/1 1194/1211/1 1191/1202/1
f 1194/1211/1 1193/1212/1 1191/1202/1
f 1193/1212/1 1192/1213/1 1191/1202/1
f 1085/1203/1 1093/1214/1 1092/1200/1
f 1085/1203/1 1094/1215/1 1093/1214/1
f 1084/1216/1 1094/1215/1 1085/1203/1
f 1084/1216/1 1095/1217/1 1094/1215/1
f 1083/1218/1 1095/1217/1 1084/1216/1
f 1083/1218/1 1096/1219/1 1095/1217/1
f 1203/1220/2 1202/1221/2 1204/1177/2
f 1202/1221/1 1201/1204/1 1204/1177/1
f 1082/426/1 1096/1219/1 1083/1218/1
f 1082/426/1 1097/1222/1 1096/1219/1
f 1081/1223/1 1097/1222/1 1082/426/1
f 1081/1223/1 1098/1224/1 1097/1222/1
f 1081/1223/1 1099/1225/1 1098/1224/1
f 1080/1226/1 1099/1225/1 1081/1223/1
f 1080/1226/1 1100/1227/1 1099/1225/1
f 1079/1228/1 1100/1227/1 1080/1226/1
f 1079/1228/1 1101/1229/1 1100/1227/1
f 1078/1230/1 1101/1229/1 1079/1228/1
f 1078/1230/1 1102/1231/1 1101/1229/1
f 1078/1230/1 1029/288/1 1102/1231/1
f 1077/1232/1 1029/288/1 1078/1230/1
f 1076/1233/1 1029/288/1 1077/1232/1
f 1076/1233/1 1030/1234/1 1029/288/1
f 1076/1233/1 1031/1235/1 1030/1234/1
f 1075/1236/1 1031/1235/1 1076/1233/1
f 1075/1236/1 1032/1237/1 1031/1235/1
f 1075/1236/1 1033/1238/1 1032/1237/1
f 1074/1239/1 1033/1238/1 1075/1236/1
f 1074/1239/1 1034/1240/1 1033/1238/1
f 1074/1239/1 1035/1241/1 1034/1240/1
f 1073/1242/1 1035/1241/1 1074/1239/1
f 1073/1242/1 1036/1243/1 1035/1241/1
f 1051/1244/1 1053/1245/1 1052/1246/1
f 1050/1247/1 1053/1245/1 1051/1244/1
f 1049/1248/1 1053/1245/1 1050/1247/1
f 1073/1242/1 1037/1249/1 1036/1243/1
f 1048/1250/1 1053/1245/1 1049/1248/1
f 1047/1251/1 1053/1245/1 1048/1250/1
f 1073/1242/1 1038/1252/1 1037/1249/1
f 1046/1253/1 1053/1245/1 1047/1251/1
f 1072/1254/1 1038/1252/1 1073/1242/1
f 1045/1255/1 1053/1245/1 1046/1253/1
f 1072/1254/1 1039/1256/1 1038/1252/1
f 1044/1257/1 1053/1245/1 1045/1255/1
f 1043/1258/1 1053/1245/1 1044/1257/1
f 1042/1259/1 1053/1245/1 1043/1258/1
f 1072/1254/1 1040/1260/1 1039/1256/1
f 1041/1261/1 1053/1245/1 1042/1259/1
f 1040/1260/1 1053/1245/1 1041/1261/1
f 1072/1254/1 1053/1245/1 1040/1260/1
f 1071/1262/1 1053/1245/1 1072/1254/1
f 1070/1263/1 1053/1245/1 1071/1262/1
f 1069/1264/1 1053/1245/1 1070/1263/1
f 1068/1265/1 1053/1245/1 1069/1264/1
f 1068/1265/1 1054/1266/1 1053/1245/1
f 1068/1265/1 1055/1267/1 1054/1266/1
f 1068/1265/1 1056/1268/1 1055/1267/1
f 1067/1269/1 1056/1268/1 1068/1265/1
f 1067/1269/1 1057/1270/1 1056/1268/1
f 1067/1269/1 1058/1271/1 1057/1270/1
f 1067/1269/1 1059/1272/1 1058/1271/1
f 1066/1273/1 1059/1272/1 1067/1269/1
f 1066/1273/1 1060/1274/1 1059/1272/1
f 1066/1273/1 1061/1275/1 1060/1274/1
f 1066/1273/1 1062/1276/1 1061/1275/1
f 1065/1277/1 1062/1276/1 1066/1273/1
f 1065/1277/1 1063/1278/1 1062/1276/1
f 1065/1277/1 1064/1279/1 1063/1278/1
f 1307/1280/1 1309/1281/1 1308/1282/1
f 1307/1280/1 1310/1283/1 1309/1281/1
f 1364/1284/1 1366/263/1 1365/1285/1
f 1364/1284/1 1295/288/1 1366/263/1
f 1364/1284/1 1296/1286/1 1295/288/1
f 1363/1287/1 1296/1286/1 1364/1284/1
f 1363/1287/1 1297/1288/1 1296/1286/1
f 1363/1287/1 1298/1289/1 1297/1288/1
f 1362/1290/1 1298/1289/1 1363/1287/1
f 1362/1290/1 1299/1291/1 1298/1289/1
f 1362/1290/1 1300/1292/1 1299/1291/1
f 1362/1290/1 1301/1293/1 1300/1292/1
f 1361/1294/1 1301/1293/1 1362/1290/1
f 1361/1294/1 1302/1295/1 1301/1293/1
f 1361/1294/1 1303/1296/1 1302/1295/1
f 1361/1294/1 1304/1297/1 1303/1296/1
f 1360/1298/1 1304/1297/1 1361/1294/1
f 1360/1298/1 1305/1299/1 1304/1297/1
f 1360/1298/1 1306/1300/1 1305/1299/1
f 1359/1301/1 1306/1300/1 1360/1298/1
f 1359/1301/1 1307/1280/1 1306/1300/1
f 1359/1301/1 1310/1283/1 1307/1280/1
f 1359/1301/1 1311/1302/1 1310/1283/1
f 1359/1301/1 1312/1303/1 1311/1302/1
f 1358/1304/1 1312/1303/1 1359/1301/1
f 1357/1305/1 1329/1306/1 1358/1304/1
f 1329/1306/1 1312/1303/1 1358/1304/1
f 1357/1305/1 1330/1307/1 1329/1306/1
f 1328/1308/1 1312/1303/1 1329/1306/1
f 1327/1309/1 1313/1310/1 1328/1308/1
f 1313/1310/1 1312/1303/1 1328/1308/1
f 1327/1309/1 1314/1311/1 1313/1310/1
f 1357/1305/1 1331/1312/1 1330/1307/1
f 1356/1313/1 1331/1312/1 1357/1305/1
f 1356/1313/1 1332/1314/1 1331/1312/1
f 1355/1315/1 1332/1314/1 1356/1313/1
f 1355/1315/1 1333/1316/1 1332/1314/1
f 1355/1315/1 1334/1317/1 1333/1316/1
f 1354/1318/1 1334/1317/1 1355/1315/1
f 1354/1318/1 1335/1319/1 1334/1317/1
f 1354/1318/1 1336/1320/1 1335/1319/1
f 1353/1321/1 1336/1320/1 1354/1318/1
f 1353/1321/1 1337/1322/1 1336/1320/1
f 1353/1321/1 1338/1323/1 1337/1322/1
f 1352/1324/1 1338/1323/1 1353/1321/1
f 1351/1325/1 1338/1323/1 1352/1324/1
f 1350/1326/1 1338/1323/1 1351/1325/1
f 1350/1326/1 1339/1327/1 1338/1323/1
f 1349/1328/1 1339/1327/1 1350/1326/1
f 1348/1329/1 1339/1327/1 1349/1328/1
f 1347/1330/1 1339/1327/1 1348/1329/1
f 1346/1331/1 1339/1327/1 1347/1330/1
f 1346/1331/1 1340/1332/1 1339/1327/1
f 1345/1333/1 1340/1332/1 1346/1331/1
f 1344/1334/1 1340/1332/1 1345/1333/1
f 1344/1334/1 1343/1335/1 1340/1332/1
f 1343/1335/1 1342/1336/1 1340/1332/1
f 1342/1336/1 1341/1337/1 1340/1332/1
f 1325/1338/1 1327/1309/1 1326/1339/1
f 1325/1338/1 1314/1311/1 1327/1309/1
f 1325/1338/1 1315/1340/1 1314/1311/1
f 1325/1338/1 1316/1341/1 1315/1340/1
f 1324/1342/3 1316/1341/3 1325/1338/3
f 1323/1343/1 1317/1344/1 1324/1342/1
f 1317/1344/3 1316/1341/3 1324/1342/3
f 1323/1343/1 1318/1345/1 1317/1344/1
f 1321/1346/1 1323/1343/1 1322/1347/1
f 1321/1346/1 1318/1345/1 1323/1343/1
f 1321/1346/1 1319/1348/1 1318/1345/1
f 1321/1346/1 1320/1349/1 1319/1348/1
f 1618/1/3 1619/3/3 1620/2/3
f 1618/1/3 1620/2/3 1445/4/3
f 1442/5/3 1443/7/3 1444/6/3
f 1417/8/3 1418/10/3 1393/9/3
f 1441/11/3 1442/5/3 1444/6/3
f 1618/1/3 1445/4/3 1446/12/3
f 1417/8/3 1393/9/3 1394/13/3
f 1441/11/3 1444/6/3 1419/14/3
f 1617/15/3 1618/1/3 1446/12/3
f 1440/16/3 1441/11/3 1419/14/3
f 1417/8/3 1394/13/3 1395/17/3
f 1440/16/3 1419/14/3 1420/18/3
f 1416/19/3 1417/8/3 1395/17/3
f 1617/15/3 1446/12/3 1447/20/3
f 1439/21/3 1440/16/3 1420/18/3
f 1616/22/3 1617/15/3 1447/20/3
f 1416/19/3 1395/17/3 1396/23/3
f 1415/24/3 1416/19/3 1396/23/3
f 1439/21/3 1420/18/3 1421/25/3
f 1438/26/3 1439/21/3 1421/25/3
f 1415/24/3 1396/23/3 1397/27/3
f 1414/28/3 1415/24/3 1397/27/3
f 1616/22/3 1447/20/3 1448/29/3
f 1615/30/3 1616/22/3 1448/29/3
f 1438/26/3 1421/25/3 1422/31/3
f 1414/28/3 1397/27/3 1398/32/3
f 1437/33/3 1438/26/3 1422/31/3
f 1413/34/3 1414/28/3 1398/32/3
f 1437/33/3 1422/31/3 1423/35/3
f 1615/30/3 1448/29/3 1449/36/3
f 1413/34/3 1398/32/3 1399/37/3
f 1614/38/3 1615/30/3 1449/36/3
f 1412/39/3 1413/34/3 1399/37/3
f 1436/40/3 1437/33/3 1423/35/3
f 1412/39/3 1399/37/3 1400/41/3
f 1436/40/3 1423/35/3 1424/42/3
f 1411/43/3 1412/39/3 1400/41/3
f 1435/44/3 1436/40/3 1424/42/3
f 1614/38/3 1449/36/3 1450/45/3
f 1613/46/3 1614/38/3 1450/45/3
f 1411/43/3 1400/41/3 1401/47/3
f 1435/44/3 1424/42/3 1425/48/3
f 1410/49/3 1411/43/3 1401/47/3
f 1434/50/3 1435/44/3 1425/48/3
f 1410/49/3 1401/47/3 1402/51/3
f 1613/46/3 1450/45/3 1451/52/3
f 1434/50/3 1425/48/3 1426/53/3
f 1409/54/3 1410/49/3 1402/51/3
f 1612/55/3 1613/46/3 1451/52/3
f 1433/56/3 1434/50/3 1426/53/3
f 1409/54/3 1402/51/3 1403/57/3
f 1433/56/3 1426/53/3 1427/58/3
f 1408/59/3 1409/54/3 1403/57/3
f 1612/55/3 1451/52/3 1452/60/3
f 1408/59/3 1403/57/3 1404/61/3
f 1432/62/3 1433/56/3 1427/58/3
f 1611/63/3 1612/55/3 1452/60/3
f 1407/64/3 1408/59/3 1404/61/3
f 1432/62/3 1427/58/3 1428/65/3
f 1407/64/3 1404/61/3 1406/66/3
f 1406/66/3 1404/61/3 1405/67/3
f 1431/68/3 1432/62/3 1428/65/3
f 1611/63/3 1452/60/3 1453/69/3
f 1431/68/3 1428/65/3 1429/70/3
f 1610/71/3 1611/63/3 1453/69/3
f 1430/72/3 1431/68/3 1429/70/3
f 1610/71/3 1453/69/3 1454/73/3
f 1609/74/3 1610/71/3 1454/73/3
f 1638/75/3 1639/77/3 1631/76/3
f 1631/76/3 1639/77/3 1640/78/3
f 1631/76/3 1640/78/3 1630/79/3
f 1630/79/3 1640/78/3 1635/80/3
f 1635/80/3 1640/78/3 1634/81/3
f 1634/81/3 1640/78/3 1641/82/3
f 1609/74/3 1454/73/3 1455/83/3
f 1608/84/3 1609/74/3 1455/83/3
f 1456/85/3 1457/87/3 1458/86/3
f 1608/84/3 1455/83/3 1456/85/3
f 1607/88/3 1608/84/3 1456/85/3
f 1607/88/3 1456/85/3 1458/86/3
f 1606/89/3 1607/88/3 1458/86/3
f 1638/75/3 1631/76/3 1632/90/3
f 1629/91/3 1630/79/3 1635/80/3
f 1629/91/3 1635/80/3 1636/92/3
f 1633/93/3 1634/81/3 1641/82/3
f 1605/94/3 1606/89/3 1604/95/3
f 1604/95/3 1606/89/3 1458/86/3
f 1604/95/3 1458/86/3 1459/96/3
f 1604/95/3 1459/96/3 1460/97/3
f 1603/98/3 1604/95/3 1460/97/3
f 1603/98/3 1460/97/3 1461/99/3
f 1482/100/3 1483/102/3 1484/101/3
f 1638/75/3 1632/90/3 1623/103/3
f 1623/103/3 1632/90/3 1629/91/3
f 1623/103/3 1629/91/3 1636/92/3
f 1623/103/3 1636/92/3 1633/93/3
f 1623/103/3 1633/93/3 1622/104/3
f 1622/104/3 1633/93/3 1627/105/3
f 1627/105/3 1633/93/3 1626/106/3
f 1626/106/3 1633/93/3 1641/82/3
f 1602/107/3 1603/98/3 1461/99/3
f 1481/108/3 1482/100/3 1484/101/3
f 1602/107/3 1461/99/3 1462/109/3
f 1481/108/3 1484/101/3 1485/110/3
f 1480/111/3 1481/108/3 1485/110/3
f 1601/112/3 1602/107/3 1462/109/3
f 1601/112/3 1462/109/3 1463/113/3
f 1480/111/3 1485/110/3 1486/114/3
f 1479/115/3 1480/111/3 1486/114/3
f 1601/112/3 1463/113/3 1464/116/3
f 1638/75/3 1623/103/3 1624/117/3
f 1621/118/3 1622/104/3 1627/105/3
f 1621/118/3 1627/105/3 1628/119/3
f 1625/120/3 1626/106/3 1641/82/3
f 1600/121/3 1601/112/3 1464/116/3
f 1478/122/3 1479/115/3 1486/114/3
f 1478/122/3 1486/114/3 1487/123/3
f 1600/121/3 1464/116/3 1465/124/3
f 1477/125/3 1478/122/3 1487/123/3
f 1599/126/3 1600/121/3 1465/124/3
f 1477/125/3 1487/123/3 1488/127/3
f 1599/126/3 1465/124/3 1466/128/3
f 1476/129/3 1477/125/3 1488/127/3
f 1598/130/3 1599/126/3 1466/128/3
f 1598/130/3 1466/128/3 1467/131/3
f 1476/129/3 1488/127/3 1489/132/3
f 1475/133/3 1476/129/3 1489/132/3
f 1598/130/3 1467/131/3 1468/134/3
f 1474/135/3 1475/133/3 1489/132/3
f 1474/135/3 1489/132/3 1490/136/3
f 1597/137/3 1598/130/3 1468/134/3
f 1638/75/3 1624/117/3 1621/118/3
f 1638/75/3 1621/118/3 1628/119/3
f 1638/75/3 1628/119/3 1625/120/3
f 1638/75/3 1625/120/3 1641/82/3
f 1597/137/3 1468/134/3 1469/138/3
f 1473/139/3 1474/135/3 1490/136/3
f 1473/139/3 1490/136/3 1491/140/3
f 1596/141/3 1597/137/3 1469/138/3
f 1596/141/3 1469/138/3 1470/142/3
f 1472/143/3 1473/139/3 1491/140/3
f 1472/143/3 1491/140/3 1492/144/3
f 1596/141/3 1470/142/3 1471/145/3
f 1471/145/3 1472/143/3 1492/144/3
f 1595/146/3 1596/141/3 1471/145/3
f 1637/147/1 1638/75/1 1641/82/1
f 1652/148/3 1637/147/3 1642/149/3
f 1642/149/1 1637/147/1 1641/82/1
f 1652/148/3 1642/149/3 1643/150/3
f 1471/145/3 1492/144/3 1493/151/3
f 1595/146/3 1471/145/3 1493/151/3
f 1594/152/3 1595/146/3 1493/151/3
f 1594/152/3 1493/151/3 1494/153/3
f 1593/154/3 1594/152/3 1494/153/3
f 1593/154/3 1494/153/3 1495/155/3
f 1592/156/3 1593/154/3 1495/155/3
f 1592/156/3 1495/155/3 1496/157/3
f 1591/158/3 1592/156/3 1496/157/3
f 1650/159/3 1651/160/3 1652/148/3
f 1650/159/3 1652/148/3 1643/150/3
f 1650/159/3 1643/150/3 1644/161/3
f 1650/159/3 1644/161/3 1645/162/3
f 1519/163/3 1520/165/3 1521/164/3
f 1519/163/3 1521/164/3 1522/166/3
f 1591/158/3 1496/157/3 1497/167/3
f 1519/163/3 1522/166/3 1523/168/3
f 1519/163/3 1523/168/3 1524/169/3
f 1590/170/3 1591/158/3 1497/167/3
f 1519/163/3 1524/169/3 1525/171/3
f 1519/163/3 1525/171/3 1526/172/3
f 1519/163/3 1526/172/3 1527/173/3
f 1518/174/3 1519/163/3 1527/173/3
f 1590/170/3 1497/167/3 1498/175/3
f 1518/174/3 1527/173/3 1528/176/3
f 1518/174/3 1528/176/3 1529/177/3
f 1589/178/3 1590/170/3 1498/175/3
f 1518/174/3 1529/177/3 1530/179/3
f 1518/174/3 1530/179/3 1531/180/3
f 1518/174/3 1531/180/3 1532/181/3
f 1518/174/3 1532/181/3 1533/182/3
f 1517/183/3 1518/174/3 1533/182/3
f 1589/178/3 1498/175/3 1499/184/3
f 1588/185/3 1589/178/3 1499/184/3
f 1649/186/1 1650/159/1 1645/162/1
f 1648/187/3 1649/186/3 1646/188/3
f 1646/188/1 1649/186/1 1645/162/1
f 1648/187/3 1646/188/3 1647/189/3
f 1588/185/3 1499/184/3 1556/190/3
f 1556/190/3 1499/184/3 1500/191/3
f 1516/192/3 1517/183/3 1533/182/3
f 1587/193/3 1588/185/3 1556/190/3
f 1587/193/3 1556/190/3 1557/194/3
f 1555/195/3 1556/190/3 1500/191/3
f 1516/192/3 1533/182/3 1534/196/3
f 1555/195/3 1500/191/3 1501/197/3
f 1515/198/3 1516/192/3 1534/196/3
f 1586/199/3 1587/193/3 1557/194/3
f 1586/199/3 1557/194/3 1558/200/3
f 1554/201/3 1555/195/3 1501/197/3
f 1554/201/3 1501/197/3 1502/202/3
f 1514/203/3 1515/198/3 1534/196/3
f 1585/204/3 1586/199/3 1558/200/3
f 1585/204/3 1558/200/3 1559/205/3
f 1514/203/3 1534/196/3 1535/206/3
f 1554/201/3 1502/202/3 1503/207/3
f 1513/208/3 1514/203/3 1535/206/3
f 1584/209/3 1585/204/3 1559/205/3
f 1553/210/3 1554/201/3 1503/207/3
f 1584/209/3 1559/205/3 1560/211/3
f 1553/210/3 1503/207/3 1504/212/3
f 1512/213/3 1513/208/3 1535/206/3
f 1553/210/3 1504/212/3 1505/214/3
f 1583/215/3 1584/209/3 1560/211/3
f 1511/216/3 1512/213/3 1535/206/3
f 1583/215/3 1560/211/3 1561/217/3
f 1511/216/3 1535/206/3 1536/218/3
f 1553/210/3 1505/214/3 1506/219/3
f 1552/220/3 1553/210/3 1506/219/3
f 1510/221/3 1511/216/3 1536/218/3
f 1552/220/3 1506/219/3 1507/222/3
f 1509/223/3 1510/221/3 1536/218/3
f 1582/224/3 1583/215/3 1561/217/3
f 1552/220/3 1507/222/3 1508/225/3
f 1508/225/3 1509/223/3 1536/218/3
f 1582/224/3 1561/217/3 1562/226/3
f 1552/220/3 1508/225/3 1536/218/3
f 1581/227/3 1582/224/3 1562/226/3
f 1551/228/3 1552/220/3 1536/218/3
f 1551/228/3 1536/218/3 1537/229/3
f 1581/227/3 1562/226/3 1563/230/3
f 1580/231/3 1581/227/3 1563/230/3
f 1550/232/3 1551/228/3 1537/229/3
f 1580/231/3 1563/230/3 1564/233/3
f 1550/232/3 1537/229/3 1538/234/3
f 1579/235/3 1580/231/3 1564/233/3
f 1578/236/3 1579/235/3 1564/233/3
f 1577/237/3 1578/236/3 1564/233/3
f 1577/237/3 1564/233/3 1565/238/3
f 1549/239/3 1550/232/3 1538/234/3
f 1576/240/3 1577/237/3 1565/238/3
f 1549/239/3 1538/234/3 1539/241/3
f 1575/242/3 1576/240/3 1565/238/3
f 1574/243/3 1575/242/3 1565/238/3
f 1574/243/3 1565/238/3 1566/244/3
f 1548/245/3 1549/239/3 1539/241/3
f 1573/246/3 1574/243/3 1566/244/3
f 1548/245/3 1539/241/3 1540/247/3
f 1572/248/3 1573/246/3 1566/244/3
f 1572/248/3 1566/244/3 1567/249/3
f 1547/250/3 1548/245/3 1540/247/3
f 1571/251/3 1572/248/3 1567/249/3
f 1570/252/3 1571/251/3 1567/249/3
f 1547/250/3 1540/247/3 1541/253/3
f 1546/254/3 1547/250/3 1541/253/3
f 1570/252/3 1567/249/3 1569/255/3
f 1569/255/3 1567/249/3 1568/256/3
f 1546/254/3 1541/253/3 1542/257/3
f 1545/258/3 1546/254/3 1542/257/3
f 1545/258/3 1542/257/3 1543/259/3
f 1544/260/3 1545/258/3 1543/259/3
f 1677/261/3 1678/263/3 1653/262/3
f 1677/261/3 1653/262/3 1654/264/3
f 1676/265/3 1677/261/3 1654/264/3
f 1676/265/3 1654/264/3 1655/266/3
f 1675/267/3 1676/265/3 1655/266/3
f 1675/267/3 1655/266/3 1656/268/3
f 1674/269/3 1675/267/3 1656/268/3
f 1674/269/3 1656/268/3 1657/270/3
f 1673/271/3 1674/269/3 1657/270/3
f 1673/271/3 1657/270/3 1658/272/3
f 1672/273/3 1673/271/3 1658/272/3
f 1672/273/3 1658/272/3 1659/274/3
f 1671/275/3 1672/273/3 1659/274/3
f 1671/275/3 1659/274/3 1660/276/3
f 1670/277/3 1671/275/3 1660/276/3
f 1670/277/3 1660/276/3 1661/278/3
f 1669/279/3 1670/277/3 1661/278/3
f 1669/279/3 1661/278/3 1662/280/3
f 1668/281/3 1669/279/3 1662/280/3
f 1668/281/3 1662/280/3 1663/282/3
f 1667/283/3 1668/281/3 1663/282/3
f 1667/283/3 1663/282/3 1664/284/3
f 1667/283/3 1664/284/3 1666/285/3
f 1666/285/3 1664/284/3 1665/286/3
f 1391/287/3 1392/289/3 1367/288/3
f 1391/287/3 1367/288/3 1368/290/3
f 1390/291/3 1391/287/3 1368/290/3
f 1389/292/3 1390/291/3 1368/290/3
f 1389/292/3 1368/290/3 1369/293/3
f 1388/294/3 1389/292/3 1369/293/3
f 1388/294/3 1369/293/3 1370/295/3
f 1387/296/3 1388/294/3 1370/295/3
f 1387/296/3 1370/295/3 1371/297/3
f 1386/298/3 1387/296/3 1371/297/3
f 1386/298/3 1371/297/3 1372/299/3
f 1386/298/3 1372/299/3 1373/300/3
f 1385/301/3 1386/298/3 1373/300/3
f 1385/301/3 1373/300/3 1374/302/3
f 1384/303/3 1385/301/3 1374/302/3
f 1384/303/3 1374/302/3 1375/304/3
f 1383/305/3 1384/303/3 1375/304/3
f 1383/305/3 1375/304/3 1376/306/3
f 1382/307/3 1383/305/3 1376/306/3
f 1382/307/3 1376/306/3 1377/308/3
f 1381/309/3 1382/307/3 1377/308/3
f 1381/309/3 1377/308/3 1378/310/3
f 1380/311/3 1381/309/3 1378/310/3
f 1380/311/3 1378/310/3 1379/312/3
f 1792/313/3 1793/314/3 1794/263/3
f 1740/315/3 1741/317/3 1742/316/3
f 1792/313/3 1794/263/3 1743/318/3
f 1740/315/3 1742/316/3 1679/288/3
f 1791/319/3 1792/313/3 1743/318/3
f 1740/315/3 1679/288/3 1680/320/3
f 1791/319/3 1743/318/3 1744/321/3
f 1739/322/3 1740/315/3 1680/320/3
f 1739/322/3 1680/320/3 1681/323/3
f 1791/319/3 1744/321/3 1745/324/3
f 1739/322/3 1681/323/3 1682/325/3
f 1739/322/3 1682/325/3 1683/326/3
f 1790/327/3 1791/319/3 1745/324/3
f 1790/327/3 1745/324/3 1746/328/3
f 1738/329/3 1739/322/3 1683/326/3
f 1738/329/3 1683/326/3 1684/330/3
f 1790/327/3 1746/328/3 1747/331/3
f 1738/329/3 1684/330/3 1685/332/3
f 1738/329/3 1685/332/3 1686/333/3
f 1789/334/3 1790/327/3 1747/331/3
f 1789/334/3 1747/331/3 1748/335/3
f 1737/336/3 1738/329/3 1686/333/3
f 1737/336/3 1686/333/3 1687/337/3
f 1737/336/3 1687/337/3 1688/338/3
f 1789/334/3 1748/335/3 1749/339/3
f 1737/336/3 1688/338/3 1689/340/3
f 1789/334/3 1749/339/3 1750/341/3
f 1788/342/3 1789/334/3 1750/341/3
f 1737/336/3 1689/340/3 1690/343/3
f 1736/344/3 1737/336/3 1690/343/3
f 1736/344/3 1690/343/3 1691/345/3
f 1736/344/3 1691/345/3 1692/346/3
f 1788/342/3 1750/341/3 1751/347/3
f 1788/342/3 1751/347/3 1752/348/3
f 1787/349/3 1788/342/3 1752/348/3
f 1735/350/3 1736/344/3 1692/346/3
f 1787/349/3 1752/348/3 1753/351/3
f 1787/349/3 1753/351/3 1754/352/3
f 1786/353/3 1787/349/3 1754/352/3
f 1734/354/3 1735/350/3 1705/355/3
f 1705/355/3 1735/350/3 1692/346/3
f 1734/354/3 1705/355/3 1706/356/3
f 1704/357/1 1705/355/1 1692/346/1
f 1703/358/3 1704/357/3 1693/359/3
f 1693/359/1 1704/357/1 1692/346/1
f 1703/358/3 1693/359/3 1694/360/3
f 1786/353/3 1754/352/3 1757/361/3
f 1757/361/3 1754/352/3 1755/362/3
f 1733/363/3 1734/354/3 1706/356/3
f 1785/364/3 1786/353/3 1757/361/3
f 1733/363/3 1706/356/3 1707/365/3
f 1733/363/3 1707/365/3 1708/366/3
f 1732/367/3 1733/363/3 1708/366/3
f 1784/368/3 1785/364/3 1757/361/3
f 1732/367/3 1708/366/3 1709/369/3
f 1732/367/3 1709/369/3 1710/370/3
f 1731/371/3 1732/367/3 1710/370/3
f 1783/372/3 1784/368/3 1757/361/3
f 1731/371/3 1710/370/3 1711/373/3
f 1730/374/3 1731/371/3 1711/373/3
f 1782/375/3 1783/372/3 1757/361/3
f 1730/374/3 1711/373/3 1712/376/3
f 1782/375/3 1757/361/3 1758/377/3
f 1756/378/3 1757/361/3 1755/362/3
f 1782/375/3 1758/377/3 1759/379/3
f 1730/374/3 1712/376/3 1713/380/3
f 1729/381/3 1730/374/3 1713/380/3
f 1781/382/3 1782/375/3 1759/379/3
f 1781/382/3 1759/379/3 1760/383/3
f 1703/358/3 1694/360/3 1697/384/3
f 1697/384/3 1694/360/3 1695/385/3
f 1697/384/3 1695/385/3 1696/386/3
f 1729/381/3 1713/380/3 1714/387/3
f 1781/382/3 1760/383/3 1761/388/3
f 1728/389/3 1729/381/3 1714/387/3
f 1727/390/3 1728/389/3 1714/387/3
f 1781/382/3 1761/388/3 1762/391/3
f 1780/392/3 1781/382/3 1762/391/3
f 1727/390/3 1714/387/3 1715/393/3
f 1726/394/3 1727/390/3 1715/393/3
f 1779/395/3 1780/392/3 1762/391/3
f 1725/396/3 1726/394/3 1715/393/3
f 1779/395/3 1762/391/3 1763/397/3
f 1778/398/3 1779/395/3 1763/397/3
f 1724/399/3 1725/396/3 1715/393/3
f 1723/400/3 1724/399/3 1715/393/3
f 1777/401/3 1778/398/3 1763/397/3
f 1723/400/3 1715/393/3 1716/402/3
f 1777/401/3 1763/397/3 1764/403/3
f 1722/404/3 1723/400/3 1716/402/3
f 1776/405/3 1777/401/3 1764/403/3
f 1721/406/3 1722/404/3 1716/402/3
f 1776/405/3 1764/403/3 1765/407/3
f 1720/408/3 1721/406/3 1716/402/3
f 1775/409/3 1776/405/3 1765/407/3
f 1720/408/3 1716/402/3 1719/410/3
f 1719/410/3 1716/402/3 1718/411/3
f 1718/411/3 1716/402/3 1717/412/3
f 1774/413/3 1775/409/3 1765/407/3
f 1774/413/3 1765/407/3 1766/414/3
f 1773/415/3 1774/413/3 1766/414/3
f 1773/415/3 1766/414/3 1767/416/3
f 1703/358/3 1697/384/3 1698/417/3
f 1772/418/3 1773/415/3 1767/416/3
f 1772/418/3 1767/416/3 1768/419/3
f 1771/420/3 1772/418/3 1768/419/3
f 1770/421/3 1771/420/3 1768/419/3
f 1770/421/3 1768/419/3 1769/422/3
f 1703/358/3 1698/417/3 1701/423/3
f 1701/423/3 1698/417/3 1699/424/3
f 1701/423/3 1699/424/3 1700/425/3
f 1703/358/3 1701/423/3 1702/426/3
f 1895/427/3 1896/428/3 1897/263/3
f 1895/427/3 1897/263/3 1795/288/3
f 1894/429/3 1895/427/3 1795/288/3
f 1894/429/3 1795/288/3 1796/430/3
f 1893/431/3 1894/429/3 1796/430/3
f 1893/431/3 1796/430/3 1797/432/3
f 1892/433/3 1893/431/3 1797/432/3
f 1892/433/3 1797/432/3 1798/434/3
f 1891/435/3 1892/433/3 1798/434/3
f 1891/435/3 1798/434/3 1799/436/3
f 1890/437/3 1891/435/3 1799/436/3
f 1890/437/3 1799/436/3 1800/438/3
f 1889/439/3 1890/437/3 1800/438/3
f 1889/439/3 1800/438/3 1801/440/3
f 1888/441/3 1889/439/3 1801/440/3
f 1888/441/3 1801/440/3 1802/442/3
f 1887/443/3 1888/441/3 1802/442/3
f 1887/443/3 1802/442/3 1803/444/3
f 1886/445/3 1887/443/3 1803/444/3
f 1886/445/3 1803/444/3 1804/446/3
f 1885/447/3 1886/445/3 1804/446/3
f 1885/447/3 1804/446/3 1805/448/3
f 1884/449/3 1885/447/3 1805/448/3
f 1884/449/3 1805/448/3 1806/450/3
f 1882/451/3 1883/452/3 1884/449/3
f 1882/451/3 1884/449/3 1806/450/3
f 1882/451/3 1806/450/3 1807/453/3
f 1882/451/3 1807/453/3 1808/454/3
f 1881/455/3 1882/451/3 1808/454/3
f 1880/456/3 1881/455/3 1809/457/3
f 1809/457/1 1881/455/1 1808/454/1
f 1880/456/3 1809/457/3 1810/458/3
f 1879/459/3 1880/456/3 1845/460/3
f 1845/460/3 1880/456/3 1810/458/3
f 1845/460/3 1810/458/3 1811/461/3
f 1879/459/3 1845/460/3 1846/462/3
f 1844/463/3 1845/460/3 1811/461/3
f 1878/464/3 1879/459/3 1846/462/3
f 1878/464/3 1846/462/3 1847/465/3
f 1844/463/3 1811/461/3 1812/466/3
f 1843/467/3 1844/463/3 1812/466/3
f 1877/468/3 1878/464/3 1847/465/3
f 1877/468/3 1847/465/3 1848/469/3
f 1843/467/3 1812/466/3 1813/470/3
f 1842/471/3 1843/467/3 1813/470/3
f 1876/472/3 1877/468/3 1848/469/3
f 1876/472/3 1848/469/3 1849/473/3
f 1842/471/3 1813/470/3 1814/474/3
f 1841/475/3 1842/471/3 1814/474/3
f 1875/476/3 1876/472/3 1849/473/3
f 1875/476/3 1849/473/3 1850/477/3
f 1841/475/3 1814/474/3 1815/478/3
f 1840/479/3 1841/475/3 1815/478/3
f 1874/480/3 1875/476/3 1850/477/3
f 1874/480/3 1850/477/3 1851/481/3
f 1840/479/3 1815/478/3 1816/482/3
f 1839/483/3 1840/479/3 1816/482/3
f 1873/484/3 1874/480/3 1851/481/3
f 1839/483/3 1816/482/3 1817/485/3
f 1873/484/3 1851/481/3 1852/486/3
f 1838/487/3 1839/483/3 1817/485/3
f 1872/488/3 1873/484/3 1852/486/3
f 1838/487/3 1817/485/3 1818/489/3
f 1872/488/3 1852/486/3 1853/490/3
f 1871/491/3 1872/488/3 1853/490/3
f 1837/492/3 1838/487/3 1818/489/3
f 1837/492/3 1818/489/3 1819/493/3
f 1871/491/3 1853/490/3 1854/494/3
f 1870/495/3 1871/491/3 1854/494/3
f 1836/496/3 1837/492/3 1819/493/3
f 1836/496/3 1819/493/3 1820/497/3
f 1870/495/3 1854/494/3 1855/498/3
f 1836/496/3 1820/497/3 1821/499/3
f 1869/500/3 1870/495/3 1855/498/3
f 1835/501/3 1836/496/3 1821/499/3
f 1835/501/3 1821/499/3 1822/502/3
f 1835/501/3 1822/502/3 1823/503/3
f 1869/500/3 1855/498/3 1856/504/3
f 1868/505/3 1869/500/3 1856/504/3
f 1835/501/3 1823/503/3 1824/506/3
f 1867/507/3 1868/505/3 1856/504/3
f 1835/501/3 1824/506/3 1825/508/3
f 1866/509/3 1867/507/3 1856/504/3
f 1834/510/3 1835/501/3 1825/508/3
f 1834/510/3 1825/508/3 1826/511/3
f 1865/512/3 1866/509/3 1856/504/3
f 1834/510/3 1826/511/3 1827/513/3
f 1864/514/3 1865/512/3 1856/504/3
f 1863/515/3 1864/514/3 1856/504/3
f 1834/510/3 1827/513/3 1828/516/3
f 1862/517/3 1863/515/3 1856/504/3
f 1834/510/3 1828/516/3 1829/518/3
f 1862/517/3 1856/504/3 1861/519/3
f 1861/519/3 1856/504/3 1860/520/3
f 1860/520/3 1856/504/3 1859/521/3
f 1859/521/3 1856/504/3 1858/522/3
f 1858/522/3 1856/504/3 1857/523/3
f 1833/524/3 1834/510/3 1832/525/3
f 1832/525/3 1834/510/3 1831/526/3
f 1831/526/3 1834/510/3 1830/527/3
f 1830/527/3 1834/510/3 1829/518/3
f 2018/528/3 2019/530/3 2020/529/3
f 2018/528/3 2020/529/3 2021/531/3
f 2017/532/3 2018/528/3 2021/531/3
f 2016/533/3 2017/532/3 2021/531/3
f 2015/534/3 2016/533/3 2021/531/3
f 2015/534/3 2021/531/3 2022/535/3
f 2014/536/3 2015/534/3 2022/535/3
f 2013/537/3 2014/536/3 2022/535/3
f 2012/538/3 2013/537/3 2022/535/3
f 2012/538/3 2022/535/3 2023/539/3
f 2011/540/3 2012/538/3 2023/539/3
f 1908/541/3 1909/543/3 1910/542/3
f 2010/544/3 2011/540/3 2023/539/3
f 1907/545/3 1908/541/3 1910/542/3
f 1907/545/3 1910/542/3 1911/546/3
f 2009/547/3 2010/544/3 2023/539/3
f 1906/548/3 1907/545/3 1911/546/3
f 1906/548/3 1911/546/3 1912/549/3
f 2009/547/3 2023/539/3 2024/550/3
f 2008/551/3 2009/547/3 2024/550/3
f 1905/552/3 1906/548/3 1912/549/3
f 1905/552/3 1912/549/3 1913/553/3
f 2007/554/3 2008/551/3 2024/550/3
f 2006/555/3 2007/554/3 2024/550/3
f 1904/556/3 1905/552/3 1913/553/3
f 2006/555/3 2024/550/3 2025/557/3
f 1904/556/3 1913/553/3 1914/558/3
f 2005/559/3 2006/555/3 2025/557/3
f 1903/560/3 1904/556/3 1914/558/3
f 2005/559/3 2025/557/3 2026/561/3
f 1903/560/3 1914/558/3 1958/562/3
f 1958/562/3 1914/558/3 1957/563/3
f 1957/563/3 1914/558/3 1915/564/3
f 1903/560/3 1958/562/3 1959/565/3
f 1956/566/3 1957/563/3 1915/564/3
f 1902/567/3 1903/560/3 1959/565/3
f 1902/567/3 1959/565/3 1960/568/3
f 2004/569/3 2005/559/3 2026/561/3
f 1955/570/3 1956/566/3 1915/564/3
f 1902/567/3 1960/568/3 1961/571/3
f 2004/569/3 2026/561/3 2027/572/3
f 1954/573/3 1955/570/3 1915/564/3
f 1954/573/3 1915/564/3 1916/574/3
f 1901/575/3 1902/567/3 1961/571/3
f 1901/575/3 1961/571/3 1962/576/3
f 2003/577/3 2004/569/3 2027/572/3
f 1953/578/3 1954/573/3 1916/574/3
f 2003/577/3 2027/572/3 2028/579/3
f 1900/580/3 1901/575/3 1962/576/3
f 1900/580/3 1962/576/3 1963/581/3
f 1953/578/3 1916/574/3 1917/582/3
f 1952/583/3 1953/578/3 1917/582/3
f 2002/584/3 2003/577/3 2028/579/3
f 2002/584/3 2028/579/3 2029/585/3
f 1899/586/3 1900/580/3 1963/581/3
f 1951/587/3 1952/583/3 1917/582/3
f 1899/586/3 1963/581/3 1964/588/3
f 2001/589/3 2002/584/3 2029/585/3
f 1951/587/3 1917/582/3 1918/590/3
f 2001/589/3 2029/585/3 2030/591/3
f 1950/592/3 1951/587/3 1918/590/3
f 1898/288/3 1899/586/3 1964/588/3
f 1898/288/3 1964/588/3 1965/462/3
f 2001/589/3 2030/591/3 2031/593/3
f 2000/594/3 2001/589/3 2031/593/3
f 1950/592/3 1918/590/3 1919/595/3
f 2032/263/3 1898/288/3 1965/462/3
f 1949/596/3 1950/592/3 1919/595/3
f 2000/594/3 2031/593/3 2032/263/3
f 2032/263/3 1965/462/3 1966/597/3
f 1999/598/3 2000/594/3 2032/263/3
f 1999/598/3 2032/263/3 1966/597/3
f 1948/599/3 1949/596/3 1919/595/3
f 1948/599/3 1919/595/3 1920/600/3
f 1999/598/3 1966/597/3 1967/601/3
f 1998/602/3 1999/598/3 1967/601/3
f 1947/603/3 1948/599/3 1920/600/3
f 1997/604/3 1998/602/3 1967/601/3
f 1997/604/3 1967/601/3 1968/605/3
f 1947/603/3 1920/600/3 1921/606/3
f 1996/607/3 1997/604/3 1968/605/3
f 1946/608/3 1947/603/3 1921/606/3
f 1996/607/3 1968/605/3 1969/609/3
f 1995/610/3 1996/607/3 1969/609/3
f 1946/608/3 1921/606/3 1922/611/3
f 1945/612/3 1946/608/3 1922/611/3
f 1995/610/3 1969/609/3 1970/613/3
f 1994/614/3 1995/610/3 1970/613/3
f 1993/615/3 1994/614/3 1970/613/3
f 1993/615/3 1970/613/3 1971/616/3
f 1992/617/3 1993/615/3 1971/616/3
f 1992/617/3 1971/616/3 1972/618/3
f 1991/619/3 1992/617/3 1972/618/3
f 1944/620/3 1945/612/3 1922/611/3
f 1991/619/3 1972/618/3 1973/621/3
f 1944/620/3 1922/611/3 1923/622/3
f 1991/619/3 1973/621/3 1974/623/3
f 1990/624/3 1991/619/3 1974/623/3
f 1990/624/3 1974/623/3 1975/625/3
f 1989/626/3 1990/624/3 1975/625/3
f 1989/626/3 1975/625/3 1976/627/3
f 1989/626/3 1976/627/3 1977/628/3
f 1988/629/3 1989/626/3 1977/628/3
f 1988/629/3 1977/628/3 1978/630/3
f 1943/631/3 1944/620/3 1923/622/3
f 1987/632/3 1988/629/3 1978/630/3
f 1987/632/3 1978/630/3 1979/633/3
f 1943/631/3 1923/622/3 1924/634/3
f 1986/635/3 1987/632/3 1979/633/3
f 1986/635/3 1979/633/3 1980/636/3
f 1985/637/3 1986/635/3 1980/636/3
f 1985/637/3 1980/636/3 1981/638/3
f 1984/639/3 1985/637/3 1981/638/3
f 1984/639/3 1981/638/3 1982/640/3
f 1942/641/3 1943/631/3 1924/634/3
f 1983/642/3 1984/639/3 1982/640/3
f 1942/641/3 1924/634/3 1925/643/3
f 1941/644/3 1942/641/3 1925/643/3
f 1941/644/3 1925/643/3 1926/645/3
f 1940/646/3 1941/644/3 1926/645/3
f 1939/647/3 1940/646/3 1926/645/3
f 1939/647/3 1926/645/3 1927/648/3
f 1938/649/3 1939/647/3 1927/648/3
f 1938/649/3 1927/648/3 1928/650/3
f 1937/651/3 1938/649/3 1928/650/3
f 1936/652/3 1937/651/3 1928/650/3
f 1936/652/3 1928/650/3 1929/653/3
f 1935/654/3 1936/652/3 1929/653/3
f 1934/655/3 1935/654/3 1929/653/3
f 1934/655/3 1929/653/3 1930/656/3
f 1933/657/3 1934/655/3 1930/656/3
f 1933/657/3 1930/656/3 1931/658/3
f 1933/657/3 1931/658/3 1932/659/3
f 2207/660/3 2208/662/3 2209/661/3
f 2207/660/3 2209/661/3 2210/663/3
f 2207/660/3 2210/663/3 2211/664/3
f 2206/665/3 2207/660/3 2211/664/3
f 2057/666/3 2058/667/3 2033/288/3
f 2057/666/3 2033/288/3 2034/668/3
f 2057/666/3 2034/668/3 2035/669/3
f 2206/665/3 2211/664/3 2212/670/3
f 2205/671/3 2206/665/3 2212/670/3
f 2057/666/3 2035/669/3 2036/672/3
f 2057/666/3 2036/672/3 2037/673/3
f 2326/674/3 2327/676/3 2328/675/3
f 2326/674/3 2328/675/3 2329/677/3
f 2205/671/3 2212/670/3 2213/678/3
f 2057/666/3 2037/673/3 2038/679/3
f 2204/680/3 2205/671/3 2213/678/3
f 2057/666/3 2038/679/3 2039/681/3
f 2056/682/3 2057/666/3 2039/681/3
f 2055/683/3 2056/682/3 2039/681/3
f 2055/683/3 2039/681/3 2040/684/3
f 2204/680/3 2213/678/3 2214/685/3
f 2203/686/3 2204/680/3 2214/685/3
f 2054/687/3 2055/683/3 2040/684/3
f 2054/687/3 2040/684/3 2041/688/3
f 2053/689/3 2054/687/3 2041/688/3
f 2053/689/3 2041/688/3 2042/690/3
f 2203/686/3 2214/685/3 2215/691/3
f 2052/692/3 2053/689/3 2042/690/3
f 2052/692/3 2042/690/3 2043/693/3
f 2202/694/3 2203/686/3 2215/691/3
f 2051/695/3 2052/692/3 2043/693/3
f 2051/695/3 2043/693/3 2044/696/3
f 2202/694/3 2215/691/3 2216/697/3
f 2050/698/3 2051/695/3 2044/696/3
f 2050/698/3 2044/696/3 2049/699/3
f 2049/699/3 2044/696/3 2048/700/3
f 2048/700/3 2044/696/3 2047/701/3
f 2047/701/3 2044/696/3 2046/702/3
f 2046/702/3 2044/696/3 2045/703/3
f 2201/704/3 2202/694/3 2216/697/3
f 2325/705/1 2326/674/1 2329/677/1
f 2324/706/3 2325/705/3 2330/707/3
f 2330/707/1 2325/705/1 2329/677/1
f 2324/706/3 2330/707/3 2331/708/3
f 2201/704/3 2216/697/3 2217/709/3
f 2324/706/3 2331/708/3 2332/710/3
f 2200/711/3 2201/704/3 2217/709/3
f 2200/711/3 2217/709/3 2218/712/3
f 2324/706/3 2332/710/3 2333/713/3
f 2199/714/3 2200/711/3 2218/712/3
f 2324/706/3 2333/713/3 2334/715/3
f 2323/716/3 2324/706/3 2334/715/3
f 2199/714/3 2218/712/3 2219/717/3
f 2323/716/3 2334/715/3 2335/718/3
f 2198/719/3 2199/714/3 2219/717/3
f 2221/720/3 2222/722/3 2223/721/3
f 2198/719/3 2219/717/3 2220/723/3
f 2323/716/3 2335/718/3 2336/724/3
f 2197/725/3 2198/719/3 2220/723/3
f 2323/716/3 2336/724/3 2337/726/3
f 2197/725/3 2220/723/3 2221/720/3
f 2322/727/3 2323/716/3 2337/726/3
f 2322/727/3 2337/726/3 2338/728/3
f 2196/729/3 2197/725/3 2221/720/3
f 2196/729/3 2221/720/3 2223/721/3
f 2322/727/3 2338/728/3 2339/730/3
f 2195/731/3 2196/729/3 2223/721/3
f 2322/727/3 2339/730/3 2340/732/3
f 2322/727/3 2340/732/3 2341/733/3
f 2321/734/3 2322/727/3 2341/733/3
f 2195/731/3 2223/721/3 2224/735/3
f 2194/736/3 2195/731/3 2224/735/3
f 2321/734/3 2341/733/3 2342/737/3
f 2343/738/3 2344/740/3 2345/739/3
f 2321/734/3 2342/737/3 2343/738/3
f 2321/734/3 2343/738/3 2345/739/3
f 2321/734/3 2345/739/3 2288/741/3
f 2288/741/3 2345/739/3 2346/742/3
f 2320/743/3 2321/734/3 2288/741/3
f 2194/736/3 2224/735/3 2193/744/3
f 2193/744/3 2224/735/3 2225/745/3
f 2192/746/3 2193/744/3 2225/745/3
f 2192/746/3 2225/745/3 2226/747/3
f 2191/748/3 2192/746/3 2226/747/3
f 2191/748/3 2226/747/3 2227/749/3
f 2319/750/3 2320/743/3 2289/751/3
f 2289/751/3 2320/743/3 2288/741/3
f 2190/752/3 2191/748/3 2227/749/3
f 2190/752/3 2227/749/3 2228/753/3
f 2189/754/3 2190/752/3 2228/753/3
f 2189/754/3 2228/753/3 2229/755/3
f 2319/750/3 2289/751/3 2290/756/3
f 2287/757/3 2288/741/3 2346/742/3
f 2189/754/3 2229/755/3 2230/758/3
f 2188/759/3 2189/754/3 2230/758/3
f 2318/760/3 2319/750/3 2290/756/3
f 2286/761/3 2287/757/3 2346/742/3
f 2188/759/3 2230/758/3 2231/762/3
f 2187/763/3 2188/759/3 2231/762/3
f 2286/761/3 2346/742/3 2347/764/3
f 2318/760/3 2290/756/3 2291/765/3
f 2187/763/3 2231/762/3 2232/766/3
f 2186/767/3 2187/763/3 2232/766/3
f 2236/768/3 2237/770/3 2238/769/3
f 2285/771/3 2286/761/3 2347/764/3
f 2186/767/3 2232/766/3 2233/772/3
f 2185/773/3 2186/767/3 2233/772/3
f 2318/760/3 2291/765/3 2292/774/3
f 2317/775/3 2318/760/3 2292/774/3
f 2185/773/3 2233/772/3 2234/776/3
f 2184/777/3 2185/773/3 2234/776/3
f 2284/778/3 2285/771/3 2347/764/3
f 2184/777/3 2234/776/3 2235/779/3
f 2183/780/3 2184/777/3 2235/779/3
f 2317/775/3 2292/774/3 2293/781/3
f 2183/780/3 2235/779/3 2236/768/3
f 2283/782/3 2284/778/3 2347/764/3
f 2182/783/3 2183/780/3 2236/768/3
f 2316/784/3 2317/775/3 2293/781/3
f 2182/783/3 2236/768/3 2238/769/3
f 2181/785/3 2182/783/3 2238/769/3
f 2316/784/3 2293/781/3 2294/786/3
f 2282/787/3 2283/782/3 2347/764/3
f 2180/788/3 2181/785/3 2238/769/3
f 2282/787/3 2347/764/3 2348/789/3
f 2180/788/3 2238/769/3 2239/790/3
f 2281/791/3 2282/787/3 2348/789/3
f 2315/792/3 2316/784/3 2294/786/3
f 2315/792/3 2294/786/3 2295/793/3
f 2280/794/3 2281/791/3 2348/789/3
f 2179/795/3 2180/788/3 2178/796/3
f 2178/796/3 2180/788/3 2239/790/3
f 2315/792/3 2295/793/3 2296/797/3
f 2314/798/3 2315/792/3 2296/797/3
f 2279/799/3 2280/794/3 2348/789/3
f 2393/800/3 2394/263/3 2265/801/3
f 2393/800/3 2265/801/3 2266/802/3
f 2178/796/3 2239/790/3 2240/803/3
f 2393/800/3 2266/802/3 2267/804/3
f 2314/798/3 2296/797/3 2297/805/3
f 2393/800/3 2267/804/3 2268/806/3
f 2278/807/3 2279/799/3 2348/789/3
f 2177/808/3 2178/796/3 2240/803/3
f 2393/800/3 2268/806/3 2269/809/3
f 2313/810/3 2314/798/3 2297/805/3
f 2278/807/3 2348/789/3 2349/811/3
f 2177/808/3 2240/803/3 2241/812/3
f 2262/813/3 2263/815/3 2264/814/3
f 2393/800/3 2269/809/3 2270/816/3
f 2393/800/3 2270/816/3 2271/817/3
f 2313/810/3 2297/805/3 2298/818/3
f 2277/819/3 2278/807/3 2349/811/3
f 2393/800/3 2271/817/3 2272/820/3
f 2176/821/3 2177/808/3 2241/812/3
f 2261/822/3 2262/813/3 2264/814/3
f 2176/821/3 2241/812/3 2242/823/3
f 2393/800/3 2272/820/3 2273/824/3
f 2312/825/3 2313/810/3 2298/818/3
f 2393/800/3 2273/824/3 2274/826/3
f 2276/827/3 2277/819/3 2349/811/3
f 2311/828/3 2312/825/3 2298/818/3
f 2311/828/3 2298/818/3 2299/829/3
f 2392/830/3 2393/800/3 2274/826/3
f 2392/830/3 2274/826/3 2275/831/3
f 2261/822/3 2264/814/3 2059/832/3
f 2260/833/3 2261/822/3 2059/832/3
f 2310/834/3 2311/828/3 2299/829/3
f 2176/821/3 2242/823/3 2243/835/3
f 2391/836/3 2392/830/3 2275/831/3
f 2391/836/3 2275/831/3 2276/827/3
f 2175/837/3 2176/821/3 2243/835/3
f 2309/838/3 2310/834/3 2299/829/3
f 2390/839/3 2391/836/3 2276/827/3
f 2308/840/3 2309/838/3 2299/829/3
f 2390/839/3 2276/827/3 2349/811/3
f 2259/841/3 2260/833/3 2059/832/3
f 2308/840/3 2299/829/3 2300/842/3
f 2307/843/3 2308/840/3 2300/842/3
f 2389/844/3 2390/839/3 2349/811/3
f 2259/841/3 2059/832/3 2060/845/3
f 2175/837/3 2243/835/3 2244/846/3
f 2306/847/3 2307/843/3 2300/842/3
f 2388/848/3 2389/844/3 2349/811/3
f 2174/849/3 2175/837/3 2244/846/3
f 2305/850/3 2306/847/3 2300/842/3
f 2387/851/3 2388/848/3 2349/811/3
f 2258/852/3 2259/841/3 2060/845/3
f 2304/853/3 2305/850/3 2300/842/3
f 2304/853/3 2300/842/3 2303/854/3
f 2303/854/3 2300/842/3 2302/855/3
f 2302/855/3 2300/842/3 2301/856/3
f 2387/851/3 2349/811/3 2350/857/3
f 2174/849/3 2244/846/3 2245/858/3
f 2386/859/3 2387/851/3 2350/857/3
f 2258/852/3 2060/845/3 2061/860/3
f 2385/861/3 2386/859/3 2350/857/3
f 2173/862/3 2174/849/3 2245/858/3
f 2257/863/3 2258/852/3 2061/860/3
f 2384/864/3 2385/861/3 2350/857/3
f 2173/862/3 2245/858/3 2246/865/3
f 2257/863/3 2061/860/3 2062/866/3
f 2383/867/3 2384/864/3 2350/857/3
f 2256/868/3 2257/863/3 2062/866/3
f 2172/869/3 2173/862/3 2246/865/3
f 2382/870/3 2383/867/3 2350/857/3
f 2172/869/3 2246/865/3 2247/871/3
f 2381/872/3 2382/870/3 2350/857/3
f 2255/873/3 2256/868/3 2062/866/3
f 2255/873/3 2062/866/3 2063/874/3
f 2380/875/3 2381/872/3 2350/857/3
f 2171/876/3 2172/869/3 2247/871/3
f 2171/876/3 2247/871/3 2248/877/3
f 2254/878/3 2255/873/3 2063/874/3
f 2254/878/3 2063/874/3 2064/879/3
f 2171/876/3 2248/877/3 2249/880/3
f 2380/875/3 2350/857/3 2351/881/3
f 2170/882/3 2171/876/3 2249/880/3
f 2253/883/3 2254/878/3 2064/879/3
f 2379/884/3 2380/875/3 2351/881/3
f 2253/883/3 2064/879/3 2065/885/3
f 2170/882/3 2249/880/3 2250/886/3
f 2252/887/3 2253/883/3 2065/885/3
f 2169/888/3 2170/882/3 2250/886/3
f 2169/888/3 2250/886/3 2251/889/3
f 2251/889/3 2252/887/3 2065/885/3
f 2251/889/3 2065/885/3 2066/890/3
f 2168/891/3 2169/888/3 2251/889/3
f 2378/892/3 2379/884/3 2351/881/3
f 2168/891/3 2251/889/3 2066/890/3
f 2168/891/3 2066/890/3 2067/893/3
f 2167/894/3 2168/891/3 2067/893/3
f 2378/892/3 2351/881/3 2352/895/3
f 2167/894/3 2067/893/3 2068/896/3
f 2377/897/3 2378/892/3 2352/895/3
f 2166/898/3 2167/894/3 2068/896/3
f 2166/898/3 2068/896/3 2069/899/3
f 2165/900/3 2166/898/3 2069/899/3
f 2376/901/3 2377/897/3 2352/895/3
f 2165/900/3 2069/899/3 2070/902/3
f 2164/903/3 2165/900/3 2070/902/3
f 2376/901/3 2352/895/3 2353/904/3
f 2164/903/3 2070/902/3 2071/905/3
f 2163/906/3 2164/903/3 2071/905/3
f 2093/907/3 2094/909/3 2095/908/3
f 2375/910/3 2376/901/3 2353/904/3
f 2093/907/3 2095/908/3 2096/911/3
f 2093/907/3 2096/911/3 2097/912/3
f 2093/907/3 2097/912/3 2098/913/3
f 2162/914/3 2163/906/3 2071/905/3
f 2162/914/3 2071/905/3 2072/915/3
f 2093/907/3 2098/913/3 2099/916/3
f 2093/907/3 2099/916/3 2100/917/3
f 2092/918/3 2093/907/3 2100/917/3
f 2092/918/3 2100/917/3 2101/919/3
f 2374/920/3 2375/910/3 2353/904/3
f 2161/921/3 2162/914/3 2072/915/3
f 2092/918/3 2101/919/3 2102/922/3
f 2092/918/3 2102/922/3 2103/923/3
f 2161/921/3 2072/915/3 2130/924/3
f 2130/924/3 2072/915/3 2073/925/3
f 2092/918/3 2103/923/3 2104/926/3
f 2092/918/3 2104/926/3 2105/927/3
f 2092/918/3 2105/927/3 2106/928/3
f 2160/929/3 2161/921/3 2130/924/3
f 2160/929/3 2130/924/3 2131/930/3
f 2129/931/3 2130/924/3 2073/925/3
f 2091/932/3 2092/918/3 2106/928/3
f 2091/932/3 2106/928/3 2107/933/3
f 2374/920/3 2353/904/3 2354/934/3
f 2373/935/3 2374/920/3 2354/934/3
f 2129/931/3 2073/925/3 2074/936/3
f 2159/937/3 2160/929/3 2131/930/3
f 2159/937/3 2131/930/3 2132/938/3
f 2090/939/3 2091/932/3 2107/933/3
f 2129/931/3 2074/936/3 2075/940/3
f 2158/941/3 2159/937/3 2132/938/3
f 2128/942/3 2129/931/3 2075/940/3
f 2158/941/3 2132/938/3 2133/943/3
f 2372/944/3 2373/935/3 2354/934/3
f 2090/939/3 2107/933/3 2108/945/3
f 2089/946/3 2090/939/3 2108/945/3
f 2157/947/3 2158/941/3 2133/943/3
f 2128/942/3 2075/940/3 2076/948/3
f 2157/947/3 2133/943/3 2134/949/3
f 2088/950/3 2089/946/3 2108/945/3
f 2156/951/3 2157/947/3 2134/949/3
f 2127/952/3 2128/942/3 2076/948/3
f 2127/952/3 2076/948/3 2077/953/3
f 2371/954/3 2372/944/3 2354/934/3
f 2371/954/3 2354/934/3 2355/955/3
f 2156/951/3 2134/949/3 2135/956/3
f 2088/950/3 2108/945/3 2109/957/3
f 2087/958/3 2088/950/3 2109/957/3
f 2155/959/3 2156/951/3 2135/956/3
f 2127/952/3 2077/953/3 2078/960/3
f 2086/961/3 2087/958/3 2109/957/3
f 2127/952/3 2078/960/3 2079/962/3
f 2154/963/3 2155/959/3 2135/956/3
f 2126/964/3 2127/952/3 2079/962/3
f 2370/965/3 2371/954/3 2355/955/3
f 2154/963/3 2135/956/3 2136/966/3
f 2085/967/3 2086/961/3 2109/957/3
f 2126/964/3 2079/962/3 2080/968/3
f 2084/969/3 2085/967/3 2109/957/3
f 2153/970/3 2154/963/3 2136/966/3
f 2126/964/3 2080/968/3 2081/971/3
f 2084/969/3 2109/957/3 2110/972/3
f 2083/973/3 2084/969/3 2110/972/3
f 2126/964/3 2081/971/3 2082/974/3
f 2153/970/3 2136/966/3 2137/975/3
f 2152/976/3 2153/970/3 2137/975/3
f 2082/974/3 2083/973/3 2110/972/3
f 2126/964/3 2082/974/3 2110/972/3
f 2369/977/3 2370/965/3 2355/955/3
f 2151/978/3 2152/976/3 2137/975/3
f 2125/979/3 2126/964/3 2110/972/3
f 2150/980/3 2151/978/3 2137/975/3
f 2150/980/3 2137/975/3 2138/981/3
f 2369/977/3 2355/955/3 2356/982/3
f 2149/983/3 2150/980/3 2138/981/3
f 2125/979/3 2110/972/3 2111/984/3
f 2368/985/3 2369/977/3 2356/982/3
f 2148/986/3 2149/983/3 2138/981/3
f 2124/987/3 2125/979/3 2111/984/3
f 2148/986/3 2138/981/3 2139/988/3
f 2367/989/3 2368/985/3 2356/982/3
f 2147/990/3 2148/986/3 2139/988/3
f 2366/991/3 2367/989/3 2356/982/3
f 2124/987/3 2111/984/3 2112/992/3
f 2365/993/3 2366/991/3 2356/982/3
f 2147/990/3 2139/988/3 2140/994/3
f 2146/995/3 2147/990/3 2140/994/3
f 2123/996/3 2124/987/3 2112/992/3
f 2364/997/3 2365/993/3 2356/982/3
f 2145/998/3 2146/995/3 2140/994/3
f 2363/999/3 2364/997/3 2356/982/3
f 2145/998/3 2140/994/3 2141/1000/3
f 2144/1001/3 2145/998/3 2141/1000/3
f 2123/996/3 2112/992/3 2113/1002/3
f 2363/999/3 2356/982/3 2362/1003/3
f 2362/1003/3 2356/982/3 2361/1004/3
f 2361/1004/3 2356/982/3 2360/1005/3
f 2360/1005/3 2356/982/3 2359/1006/3
f 2359/1006/3 2356/982/3 2358/1007/3
f 2358/1007/3 2356/982/3 2357/1008/3
f 2122/1009/3 2123/996/3 2113/1002/3
f 2143/1010/3 2144/1001/3 2141/1000/3
f 2143/1010/3 2141/1000/3 2142/1011/3
f 2122/1009/3 2113/1002/3 2114/1012/3
f 2121/1013/3 2122/1009/3 2114/1012/3
f 2121/1013/3 2114/1012/3 2115/1014/3
f 2120/1015/3 2121/1013/3 2115/1014/3
f 2120/1015/3 2115/1014/3 2116/1016/3
f 2119/1017/3 2120/1015/3 2116/1016/3
f 2119/1017/3 2116/1016/3 2117/1018/3
f 2118/1019/3 2119/1017/3 2117/1018/3
f 2660/263/3 2469/1021/3 2470/1020/3
f 2660/263/3 2470/1020/3 2471/1022/3
f 2659/1023/3 2660/263/3 2471/1022/3
f 2658/1024/3 2659/1023/3 2471/1022/3
f 2658/1024/3 2471/1022/3 2472/1025/3
f 2657/1026/3 2658/1024/3 2472/1025/3
f 2657/1026/3 2472/1025/3 2473/1027/3
f 2656/1028/3 2657/1026/3 2473/1027/3
f 2656/1028/3 2473/1027/3 2474/1029/3
f 2655/1030/3 2656/1028/3 2474/1029/3
f 2654/1031/3 2655/1030/3 2474/1029/3
f 2654/1031/3 2474/1029/3 2475/1032/3
f 2653/1033/3 2654/1031/3 2475/1032/3
f 2653/1033/3 2475/1032/3 2476/1034/3
f 2652/1035/3 2653/1033/3 2476/1034/3
f 2652/1035/3 2476/1034/3 2477/1036/3
f 2651/1037/3 2652/1035/3 2477/1036/3
f 2492/1038/3 2493/1040/3 2494/1039/3
f 2650/1041/3 2651/1037/3 2477/1036/3
f 2650/1041/3 2477/1036/3 2478/1042/3
f 2491/1043/3 2492/1038/3 2494/1039/3
f 2490/1044/3 2491/1043/3 2494/1039/3
f 2649/1045/3 2650/1041/3 2478/1042/3
f 2489/1046/3 2490/1044/3 2494/1039/3
f 2649/1045/3 2478/1042/3 2479/1047/3
f 2648/1048/3 2649/1045/3 2479/1047/3
f 2488/1049/3 2489/1046/3 2494/1039/3
f 2487/1050/3 2488/1049/3 2494/1039/3
f 2648/1048/3 2479/1047/3 2480/1051/3
f 2647/1052/3 2648/1048/3 2480/1051/3
f 2486/1053/3 2487/1050/3 2494/1039/3
f 2485/1054/3 2486/1053/3 2494/1039/3
f 2484/1055/3 2485/1054/3 2494/1039/3
f 2647/1052/3 2480/1051/3 2481/1056/3
f 2483/1057/3 2484/1055/3 2494/1039/3
f 2634/1058/3 2635/1060/3 2636/1059/3
f 2482/1061/3 2483/1057/3 2494/1039/3
f 2634/1058/3 2636/1059/3 2637/1062/3
f 2481/1056/3 2482/1061/3 2494/1039/3
f 2647/1052/3 2481/1056/3 2494/1039/3
f 2634/1058/3 2637/1062/3 2638/1063/3
f 2634/1058/3 2638/1063/3 2639/1064/3
f 2634/1058/3 2639/1064/3 2640/1065/3
f 2634/1058/3 2640/1065/3 2641/1066/3
f 2646/1067/3 2647/1052/3 2494/1039/3
f 2645/1068/3 2646/1067/3 2494/1039/3
f 2634/1058/3 2641/1066/3 2642/1069/3
f 2644/1070/3 2645/1068/3 2494/1039/3
f 2634/1058/3 2642/1069/3 2643/1071/3
f 2643/1071/3 2644/1070/3 2494/1039/3
f 2634/1058/3 2643/1071/3 2494/1039/3
f 2634/1058/3 2494/1039/3 2495/1072/3
f 2634/1058/3 2495/1072/3 2496/1073/3
f 2634/1058/3 2496/1073/3 2497/1074/3
f 2634/1058/3 2497/1074/3 2498/1075/3
f 2634/1058/3 2498/1075/3 2499/1076/3
f 2634/1058/3 2499/1076/3 2500/1077/3
f 2634/1058/3 2500/1077/3 2501/396/3
f 2634/1058/3 2501/396/3 2502/1078/3
f 2634/1058/3 2502/1078/3 2503/1079/3
f 2634/1058/3 2503/1079/3 2504/1080/3
f 2634/1058/3 2504/1080/3 2505/1081/3
f 2634/1058/3 2505/1081/3 2506/1082/3
f 2633/1083/3 2634/1058/3 2506/1082/3
f 2633/1083/3 2506/1082/3 2622/1084/3
f 2622/1084/3 2506/1082/3 2507/1085/3
f 2632/1086/3 2633/1083/3 2622/1084/3
f 2631/1087/3 2632/1086/3 2622/1084/3
f 2630/1088/3 2631/1087/3 2622/1084/3
f 2630/1088/3 2622/1084/3 2623/1089/3
f 2621/1090/3 2622/1084/3 2507/1085/3
f 2629/1091/3 2630/1088/3 2623/1089/3
f 2629/1091/3 2623/1089/3 2624/1092/3
f 2628/1093/3 2629/1091/3 2624/1092/3
f 2628/1093/3 2624/1092/3 2625/1094/3
f 2627/1095/3 2628/1093/3 2625/1094/3
f 2627/1095/3 2625/1094/3 2626/1096/3
f 2621/1090/3 2507/1085/3 2508/1097/3
f 2620/1098/3 2621/1090/3 2508/1097/3
f 2519/1099/3 2520/1101/3 2521/1100/3
f 2518/1102/3 2519/1099/3 2521/1100/3
f 2517/1103/3 2518/1102/3 2521/1100/3
f 2516/1104/3 2517/1103/3 2521/1100/3
f 2515/1105/3 2516/1104/3 2521/1100/3
f 2514/1106/3 2515/1105/3 2521/1100/3
f 2513/1107/3 2514/1106/3 2521/1100/3
f 2512/1108/3 2513/1107/3 2521/1100/3
f 2511/1109/3 2512/1108/3 2521/1100/3
f 2510/1110/3 2511/1109/3 2521/1100/3
f 2509/1111/3 2510/1110/3 2521/1100/3
f 2508/1097/3 2509/1111/3 2521/1100/3
f 2620/1098/3 2508/1097/3 2521/1100/3
f 2607/420/3 2608/1113/3 2609/1112/3
f 2607/420/3 2609/1112/3 2610/1114/3
f 2619/1115/3 2620/1098/3 2521/1100/3
f 2607/420/3 2610/1114/3 2611/1116/3
f 2618/1117/3 2619/1115/3 2521/1100/3
f 2607/420/3 2611/1116/3 2612/1118/3
f 2617/1119/3 2618/1117/3 2521/1100/3
f 2607/420/3 2612/1118/3 2613/1120/3
f 2616/1121/3 2617/1119/3 2521/1100/3
f 2615/1122/3 2616/1121/3 2521/1100/3
f 2607/420/3 2613/1120/3 2614/1123/3
f 2614/1123/3 2615/1122/3 2521/1100/3
f 2607/420/3 2614/1123/3 2521/1100/3
f 2607/420/3 2521/1100/3 2522/1124/3
f 2607/420/3 2522/1124/3 2523/1125/3
f 2607/420/3 2523/1125/3 2524/1126/3
f 2607/420/3 2524/1126/3 2525/1127/3
f 2607/420/3 2525/1127/3 2526/1128/3
f 2607/420/3 2526/1128/3 2527/1129/3
f 2607/420/3 2527/1129/3 2528/1130/3
f 2607/420/3 2528/1130/3 2529/1131/3
f 2607/420/3 2529/1131/3 2530/1132/3
f 2607/420/3 2530/1132/3 2531/1133/3
f 2607/420/3 2531/1133/3 2532/1134/3
f 2607/420/3 2532/1134/3 2533/1135/3
f 2607/420/3 2533/1135/3 2595/1136/3
f 2595/1136/3 2533/1135/3 2534/1137/3
f 2607/420/3 2595/1136/3 2596/1138/3
f 2594/1139/3 2595/1136/3 2534/1137/3
f 2606/1140/3 2607/420/3 2596/1138/3
f 2606/1140/3 2596/1138/3 2597/1141/3
f 2594/1139/3 2534/1137/3 2535/1142/3
f 2605/1143/3 2606/1140/3 2597/1141/3
f 2605/1143/3 2597/1141/3 2598/1144/3
f 2604/1145/3 2605/1143/3 2598/1144/3
f 2604/1145/3 2598/1144/3 2599/1146/3
f 2604/1145/3 2599/1146/3 2600/1147/3
f 2603/1148/3 2604/1145/3 2600/1147/3
f 2603/1148/3 2600/1147/3 2601/1149/3
f 2602/1150/3 2603/1148/3 2601/1149/3
f 2593/1151/3 2594/1139/3 2535/1142/3
f 2593/1151/3 2535/1142/3 2536/1152/3
f 2593/1151/3 2536/1152/3 2537/1153/3
f 2592/1154/3 2593/1151/3 2537/1153/3
f 2592/1154/3 2537/1153/3 2538/1155/3
f 2591/1156/3 2592/1154/3 2538/1155/3
f 2591/1156/3 2538/1155/3 2539/1157/3
f 2590/1158/3 2591/1156/3 2539/1157/3
f 2590/1158/3 2539/1157/3 2540/1159/3
f 2589/1160/3 2590/1158/3 2540/1159/3
f 2589/1160/3 2540/1159/3 2541/1161/3
f 2588/1162/3 2589/1160/3 2541/1161/3
f 2588/1162/3 2541/1161/3 2542/1163/3
f 2587/1164/3 2588/1162/3 2542/1163/3
f 2587/1164/3 2542/1163/3 2543/1165/3
f 2587/1164/3 2543/1165/3 2544/1166/3
f 2586/1167/3 2587/1164/3 2544/1166/3
f 2586/1167/3 2544/1166/3 2545/1168/3
f 2585/1169/3 2586/1167/3 2545/1168/3
f 2585/1169/3 2545/1168/3 2546/1170/3
f 2585/1169/3 2546/1170/3 2547/1171/3
f 2584/1172/3 2585/1169/3 2547/1171/3
f 2584/1172/3 2547/1171/3 2548/1173/3
f 2454/1174/3 2455/1176/3 2456/1175/3
f 2570/1177/3 2571/1179/3 2572/1178/3
f 2584/1172/3 2548/1173/3 2549/1180/3
f 2570/1177/3 2572/1178/3 2573/1181/3
f 2570/1177/3 2573/1181/3 2574/1182/3
f 2584/1172/3 2549/1180/3 2550/1183/3
f 2570/1177/3 2574/1182/3 2575/1184/3
f 2583/1185/3 2584/1172/3 2550/1183/3
f 2570/1177/3 2575/1184/3 2576/1186/3
f 2583/1185/3 2550/1183/3 2551/1187/3
f 2570/1177/3 2576/1186/3 2577/1188/3
f 2570/1177/3 2577/1188/3 2578/1189/3
f 2453/1190/3 2454/1174/3 2456/1175/3
f 2570/1177/3 2578/1189/3 2579/1191/3
f 2583/1185/3 2551/1187/3 2552/1192/3
f 2570/1177/3 2579/1191/3 2580/1193/3
f 2570/1177/3 2580/1193/3 2581/1194/3
f 2583/1185/3 2552/1192/3 2553/1195/3
f 2570/1177/3 2581/1194/3 2582/1196/3
f 2453/1190/3 2456/1175/3 2457/1197/3
f 2570/1177/3 2582/1196/3 2583/1185/3
f 2570/1177/3 2583/1185/3 2553/1195/3
f 2570/1177/3 2553/1195/3 2554/335/3
f 2452/1198/3 2453/1190/3 2457/1197/3
f 2570/1177/3 2554/335/3 2555/1199/3
f 2452/1198/3 2457/1197/3 2458/1200/3
f 2570/1177/3 2555/1199/3 2556/1201/3
f 2570/1177/3 2556/1201/3 2557/1202/3
f 2451/1203/3 2452/1198/3 2458/1200/3
f 2570/1177/3 2557/1202/3 2567/1204/3
f 2567/1204/3 2557/1202/3 2566/1205/3
f 2566/1205/3 2557/1202/3 2565/1206/3
f 2565/1206/3 2557/1202/3 2564/1207/3
f 2564/1207/3 2557/1202/3 2563/1208/3
f 2563/1208/3 2557/1202/3 2562/1209/3
f 2562/1209/3 2557/1202/3 2561/1210/3
f 2561/1210/3 2557/1202/3 2560/1211/3
f 2560/1211/3 2557/1202/3 2559/1212/3
f 2559/1212/3 2557/1202/3 2558/1213/3
f 2451/1203/3 2458/1200/3 2459/1214/3
f 2451/1203/3 2459/1214/3 2460/1215/3
f 2450/1216/3 2451/1203/3 2460/1215/3
f 2450/1216/3 2460/1215/3 2461/1217/3
f 2449/1218/3 2450/1216/3 2461/1217/3
f 2449/1218/3 2461/1217/3 2462/1219/3
f 2569/1220/4 2570/1177/4 2568/1221/4
f 2568/1221/3 2570/1177/3 2567/1204/3
f 2448/426/3 2449/1218/3 2462/1219/3
f 2448/426/3 2462/1219/3 2463/1222/3
f 2447/1223/3 2448/426/3 2463/1222/3
f 2447/1223/3 2463/1222/3 2464/1224/3
f 2447/1223/3 2464/1224/3 2465/1225/3
f 2446/1226/3 2447/1223/3 2465/1225/3
f 2446/1226/3 2465/1225/3 2466/1227/3
f 2445/1228/3 2446/1226/3 2466/1227/3
f 2445/1228/3 2466/1227/3 2467/1229/3
f 2444/1230/3 2445/1228/3 2467/1229/3
f 2444/1230/3 2467/1229/3 2468/1231/3
f 2444/1230/3 2468/1231/3 2395/288/3
f 2443/1232/3 2444/1230/3 2395/288/3
f 2442/1233/3 2443/1232/3 2395/288/3
f 2442/1233/3 2395/288/3 2396/1234/3
f 2442/1233/3 2396/1234/3 2397/1235/3
f 2441/1236/3 2442/1233/3 2397/1235/3
f 2441/1236/3 2397/1235/3 2398/1237/3
f 2441/1236/3 2398/1237/3 2399/1238/3
f 2440/1239/3 2441/1236/3 2399/1238/3
f 2440/1239/3 2399/1238/3 2400/1240/3
f 2440/1239/3 2400/1240/3 2401/1241/3
f 2439/1242/3 2440/1239/3 2401/1241/3
f 2439/1242/3 2401/1241/3 2402/1243/3
f 2417/1244/3 2418/1246/3 2419/1245/3
f 2416/1247/3 2417/1244/3 2419/1245/3
f 2415/1248/3 2416/1247/3 2419/1245/3
f 2439/1242/3 2402/1243/3 2403/1249/3
f 2414/1250/3 2415/1248/3 2419/1245/3
f 2413/1251/3 2414/1250/3 2419/1245/3
f 2439/1242/3 2403/1249/3 2404/1252/3
f 2412/1253/3 2413/1251/3 2419/1245/3
f 2438/1254/3 2439/1242/3 2404/1252/3
f 2411/1255/3 2412/1253/3 2419/1245/3
f 2438/1254/3 2404/1252/3 2405/1256/3
f 2410/1257/3 2411/1255/3 2419/1245/3
f 2409/1258/3 2410/1257/3 2419/1245/3
f 2408/1259/3 2409/1258/3 2419/1245/3
f 2438/1254/3 2405/1256/3 2406/1260/3
f 2407/1261/3 2408/1259/3 2419/1245/3
f 2406/1260/3 2407/1261/3 2419/1245/3
f 2438/1254/3 2406/1260/3 2419/1245/3
f 2437/1262/3 2438/1254/3 2419/1245/3
f 2436/1263/3 2437/1262/3 2419/1245/3
f 2435/1264/3 2436/1263/3 2419/1245/3
f 2434/1265/3 2435/1264/3 2419/1245/3
f 2434/1265/3 2419/1245/3 2420/1266/3
f 2434/1265/3 2420/1266/3 2421/1267/3
f 2434/1265/3 2421/1267/3 2422/1268/3
f 2433/1269/3 2434/1265/3 2422/1268/3
f 2433/1269/3 2422/1268/3 2423/1270/3
f 2433/1269/3 2423/1270/3 2424/1271/3
f 2433/1269/3 2424/1271/3 2425/1272/3
f 2432/1273/3 2433/1269/3 2425/1272/3
f 2432/1273/3 2425/1272/3 2426/1274/3
f 2432/1273/3 2426/1274/3 2427/1275/3
f 2432/1273/3 2427/1275/3 2428/1276/3
f 2431/1277/3 2432/1273/3 2428/1276/3
f 2431/1277/3 2428/1276/3 2429/1278/3
f 2431/1277/3 2429/1278/3 2430/1279/3
f 2673/1280/3 2674/1282/3 2675/1281/3
f 2673/1280/3 2675/1281/3 2676/1283/3
f 2730/1284/3 2731/1285/3 2732/263/3
f 2730/1284/3 2732/263/3 2661/288/3
f 2730/1284/3 2661/288/3 2662/1286/3
f 2729/1287/3 2730/1284/3 2662/1286/3
f 2729/1287/3 2662/1286/3 2663/1288/3
f 2729/1287/3 2663/1288/3 2664/1289/3
f 2728/1290/3 2729/1287/3 2664/1289/3
f 2728/1290/3 2664/1289/3 2665/1291/3
f 2728/1290/3 2665/1291/3 2666/1292/3
f 2728/1290/3 2666/1292/3 2667/1293/3
f 2727/1294/3 2728/1290/3 2667/1293/3
f 2727/1294/3 2667/1293/3 2668/1295/3
f 2727/1294/3 2668/1295/3 2669/1296/3
f 2727/1294/3 2669/1296/3 2670/1297/3
f 2726/1298/3 2727/1294/3 2670/1297/3
f 2726/1298/3 2670/1297/3 2671/1299/3
f 2726/1298/3 2671/1299/3 2672/1300/3
f 2725/1301/3 2726/1298/3 2672/1300/3
f 2725/1301/3 2672/1300/3 2673/1280/3
f 2725/1301/3 2673/1280/3 2676/1283/3
f 2725/1301/3 2676/1283/3 2677/1302/3
f 2725/1301/3 2677/1302/3 2678/1303/3
f 2724/1304/3 2725/1301/3 2678/1303/3
f 2723/1305/3 2724/1304/3 2695/1306/3
f 2695/1306/3 2724/1304/3 2678/1303/3
f 2723/1305/3 2695/1306/3 2696/1307/3
f 2694/1308/1 2695/1306/1 2678/1303/1
f 2693/1309/3 2694/1308/3 2679/1310/3
f 2679/1310/1 2694/1308/1 2678/1303/1
f 2693/1309/3 2679/1310/3 2680/1311/3
f 2723/1305/3 2696/1307/3 2697/1312/3
f 2722/1313/3 2723/1305/3 2697/1312/3
f 2722/1313/3 2697/1312/3 2698/1314/3
f 2721/1315/3 2722/1313/3 2698/1314/3
f 2721/1315/3 2698/1314/3 2699/1316/3
f 2721/1315/3 2699/1316/3 2700/1317/3
f 2720/1318/3 2721/1315/3 2700/1317/3
f 2720/1318/3 2700/1317/3 2701/1319/3
f 2720/1318/3 2701/1319/3 2702/1320/3
f 2719/1321/3 2720/1318/3 2702/1320/3
f 2719/1321/3 2702/1320/3 2703/1322/3
f 2719/1321/3 2703/1322/3 2704/1323/3
f 2718/1324/3 2719/1321/3 2704/1323/3
f 2717/1325/3 2718/1324/3 2704/1323/3
f 2716/1326/3 2717/1325/3 2704/1323/3
f 2716/1326/3 2704/1323/3 2705/1327/3
f 2715/1328/3 2716/1326/3 2705/1327/3
f 2714/1329/3 2715/1328/3 2705/1327/3
f 2713/1330/3 2714/1329/3 2705/1327/3
f 2712/1331/3 2713/1330/3 2705/1327/3
f 2712/1331/3 2705/1327/3 2706/1332/3
f 2711/1333/3 2712/1331/3 2706/1332/3
f 2710/1334/3 2711/1333/3 2706/1332/3
f 2710/1334/3 2706/1332/3 2709/1335/3
f 2709/1335/3 2706/1332/3 2708/1336/3
f 2708/1336/3 2706/1332/3 2707/1337/3
f 2691/1338/3 2692/1339/3 2693/1309/3
f 2691/1338/3 2693/1309/3 2680/1311/3
f 2691/1338/3 2680/1311/3 2681/1340/3
f 2691/1338/3 2681/1340/3 2682/1341/3
f 2690/1342/1 2691/1338/1 2682/1341/1
f 2689/1343/3 2690/1342/3 2683/1344/3
f 2683/1344/1 2690/1342/1 2682/1341/1
f 2689/1343/3 2683/1344/3 2684/1345/3
f 2687/1346/3 2688/1347/3 2689/1343/3
f 2687/1346/3 2689/1343/3 2684/1345/3
f 2687/1346/3 2684/1345/3 2685/1348/3
f 2687/1346/3 2685/1348/3 2686/1349/3
s 1
f 2734/1350/5 2736/1351/6 2735/1352/6 2733/288/5
f 2736/1351/6 2738/1353/7 2737/1354/7 2735/1352/6
f 2738/1353/7 2740/1355/8 2739/1356/8 2737/1354/7
f 2740/1355/8 2742/1357/9 2741/1358/9 2739/1356/8
f 2742/1357/9 2744/1359/10 2743/1360/10 2741/1358/9
f 2744/1359/10 2746/1361/11 2745/1362/11 2743/1360/10
f 2746/1361/11 2748/1363/12 2747/1364/12 2745/1362/11
f 2748/1363/12 2750/1365/13 2749/1366/13 2747/1364/12
f 2750/1365/13 2752/1367/14 2751/1368/14 2749/1366/13
f 2752/1367/14 2754/1369/15 2753/1370/15 2751/1368/14
f 2754/1369/15 2756/1371/16 2755/1372/16 2753/1370/15
f 2756/1371/16 2758/1373/17 2757/466/17 2755/1372/16
f 2758/1373/17 2760/1374/17 2759/1375/17 2757/466/17
f 2760/1374/17 2762/1376/18 2761/1377/18 2759/1375/17
f 2762/1376/18 2764/1378/18 2763/1379/18 2761/1377/18
f 2764/1378/18 2766/1380/18 2765/1381/18 2763/1379/18
f 2766/1380/18 2768/1382/19 2767/1383/19 2765/1381/18
f 2768/1382/19 2770/1384/19 2769/1385/19 2767/1383/19
f 2770/1384/19 2772/1386/18 2771/1387/18 2769/1385/19
f 2772/1386/18 2774/1388/18 2773/1389/18 2771/1387/18
f 2774/1388/18 2776/1390/19 2775/1391/19 2773/1389/18
f 2776/1390/19 2778/1392/19 2777/1393/19 2775/1391/19
f 2778/1392/19 2780/1394/18 2779/1395/18 2777/1393/19
f 2780/1394/18 2782/1396/18 2781/518/18 2779/1395/18
f 2782/1396/18 2784/1397/19 2783/1398/19 2781/518/18
f 2784/1397/19 2786/1399/20 2785/1400/20 2783/1398/19
f 2786/1399/20 2788/1401/17 2787/1402/17 2785/1400/20
f 2788/1401/17 2790/1403/17 2789/1404/17 2787/1402/17
f 2790/1403/17 2792/1405/20 2791/1406/20 2789/1404/17
f 2792/1405/20 2794/1407/20 2793/1408/20 2791/1406/20
f 2794/1407/20 2796/1409/17 2795/1410/17 2793/1408/20
f 2796/1409/17 2798/1411/17 2797/1412/17 2795/1410/17
f 2798/1411/17 2800/1413/20 2799/1414/20 2797/1412/17
f 2800/1413/20 2802/1415/21 2801/1416/21 2799/1414/20
f 2802/1415/21 2804/1417/22 2803/1418/22 2801/1416/21
f 2804/1417/22 2806/1419/23 2805/462/23 2803/1418/22
f 2806/1419/23 2808/1420/24 2807/1421/24 2805/462/23
f 2808/1420/24 2810/1422/25 2809/1423/25 2807/1421/24
f 2810/1422/25 2812/1424/26 2811/1425/26 2809/1423/25
f 2812/1424/26 2814/1426/27 2813/1427/27 2811/1425/26
f 2814/1426/27 2816/1428/28 2815/1429/28 2813/1427/27
f 2816/1428/28 2818/1430/29 2817/1431/29 2815/1429/28
f 2818/1430/29 2820/1432/30 2819/1433/30 2817/1431/29
f 2820/1432/30 2822/1434/31 2821/1435/31 2819/1433/30
f 2822/1434/31 2824/1436/32 2823/1437/32 2821/1435/31
f 2824/1436/32 2826/1438/33 2825/1439/33 2823/1437/32
f 2826/1438/33 2828/1440/34 2827/1441/34 2825/1439/33
f 2828/1440/34 2830/1442/35 2829/515/35 2827/1441/34
f 2830/1442/35 2832/1443/36 2831/1444/36 2829/515/35
f 2832/1443/36 2834/1445/37 2833/1446/37 2831/1444/36
f 2834/1445/37 2836/1447/38 2835/1448/38 2833/1446/37
f 2836/1447/38 2838/1449/39 2837/1450/39 2835/1448/38
f 2838/1449/39 2840/1451/40 2839/1452/40 2837/1450/39
f 2840/1451/40 2842/1453/41 2841/1454/41 2839/1452/40
f 2842/1453/41 2844/1455/42 2843/1456/42 2841/1454/41
f 2844/1455/42 2846/1457/43 2845/1458/43 2843/1456/42
f 2846/1457/43 2848/1459/44 2847/1460/44 2845/1458/43
f 2848/1459/44 2850/1461/45 2849/1462/45 2847/1460/44
f 2850/1461/45 2852/1463/46 2851/1464/46 2849/1462/45
f 2852/1463/46 2854/1465/47 2853/456/47 2851/1464/46
f 2854/1465/47 2856/1466/48 2855/1467/48 2853/456/47
f 2856/1466/48 2858/1468/49 2857/1469/49 2855/1467/48
f 2858/1468/49 2860/1470/50 2859/1471/50 2857/1469/49
f 2860/1470/50 2862/1472/51 2861/1473/51 2859/1471/50
f 2862/1472/51 2864/1474/52 2863/1475/52 2861/1473/51
f 2864/1474/52 2866/1476/53 2865/1477/53 2863/1475/52
f 2866/1476/53 2868/1478/54 2867/1479/54 2865/1477/53
f 2868/1478/54 2870/1480/55 2869/1481/55 2867/1479/54
f 2870/1480/55 2872/1482/56 2871/1483/56 2869/1481/55
f 2872/1482/56 2874/1484/57 2873/1485/57 2871/1483/56
f 2874/1484/57 2876/1486/58 2875/1487/58 2873/1485/57
f 2876/1486/58 2734/1488/5 2733/263/5 2875/1487/58
f 2878/1350/59 2880/1489/60 2879/1490/60 2877/288/59
f 2880/1489/60 2882/1491/61 2881/1492/61 2879/1490/60
f 2882/1491/61 2884/1493/62 2883/1494/62 2881/1492/61
f 2884/1493/62 2886/1495/63 2885/1496/63 2883/1494/62
f 2886/1495/63 2888/1497/64 2887/1498/64 2885/1496/63
f 2888/1497/64 2890/1499/65 2889/1500/65 2887/1498/64
f 2890/1499/65 2892/1501/66 2891/1502/66 2889/1500/65
f 2892/1501/66 2894/1503/67 2893/1504/67 2891/1502/66
f 2894/1503/67 2896/1505/68 2895/1506/68 2893/1504/67
f 2896/1505/68 2898/1507/69 2897/1508/69 2895/1506/68
f 2898/1507/69 2900/1509/70 2899/1510/70 2897/1508/69
f 2900/1509/70 2902/1511/71 2901/1512/71 2899/1510/70
f 2902/1511/71 2904/1513/72 2903/1514/72 2901/1512/71
f 2904/1513/72 2906/1515/73 2905/1516/73 2903/1514/72
f 2906/1515/73 2908/1517/74 2907/1518/74 2905/1516/73
f 2908/1517/74 2910/1519/75 2909/1520/75 2907/1518/74
f 2910/1519/75 2912/1521/76 2911/1522/76 2909/1520/75
f 2912/1521/76 2914/1523/77 2913/1524/77 2911/1522/76
f 2914/1523/77 2916/1525/78 2915/1526/78 2913/1524/77
f 2916/1525/78 2918/1527/79 2917/1528/79 2915/1526/78
f 2918/1527/79 2920/1529/80 2919/1530/80 2917/1528/79
f 2920/1529/80 2922/1531/81 2921/1532/81 2919/1530/80
f 2922/1531/81 2924/1533/82 2923/1534/82 2921/1532/81
f 2924/1533/82 2926/1535/83 2925/1536/83 2923/1534/82
f 2926/1535/83 2928/1537/84 2927/1538/84 2925/1536/83
f 2928/1537/84 2930/1539/85 2929/1540/85 2927/1538/84
f 2930/1539/85 2932/1541/86 2931/1542/86 2929/1540/85
f 2932/1541/86 2934/1543/87 2933/1544/87 2931/1542/86
f 2934/1543/87 2936/1545/88 2935/1546/88 2933/1544/87
f 2936/1545/88 2938/1547/89 2937/1548/89 2935/1546/88
f 2938/1547/89 2940/1549/90 2939/1550/90 2937/1548/89
f 2940/1549/90 2942/1551/91 2941/1552/91 2939/1550/90
f 2942/1551/91 2944/1553/92 2943/1554/92 2941/1552/91
f 2944/1553/92 2946/1555/93 2945/1556/93 2943/1554/92
f 2946/1555/93 2948/1557/94 2947/1558/94 2945/1556/93
f 2948/1557/94 2950/1559/95 2949/1560/95 2947/1558/94
f 2950/1559/95 2952/1419/96 2951/462/96 2949/1560/95
f 2952/1419/96 2954/1561/97 2953/1562/97 2951/462/96
f 2954/1561/97 2956/1563/98 2955/1564/98 2953/1562/97
f 2956/1563/98 2958/1565/99 2957/1566/99 2955/1564/98
f 2958/1565/99 2960/1567/100 2959/1568/100 2957/1566/99
f 2960/1567/100 2962/1569/101 2961/1570/101 2959/1568/100
f 2962/1569/101 2964/1571/102 2963/1572/102 2961/1570/101
f 2964/1571/102 2966/1573/103 2965/1574/103 2963/1572/102
f 2966/1573/103 2968/1575/104 2967/1576/104 2965/1574/103
f 2968/1575/104 2970/1577/105 2969/1578/105 2967/1576/104
f 2970/1577/105 2972/1579/106 2971/1580/106 2969/1578/105
f 2972/1579/106 2974/1581/107 2973/1582/107 2971/1580/106
f 2974/1581/107 2976/1583/108 2975/1584/108 2973/1582/107
f 2976/1583/108 2978/1585/109 2977/1586/109 2975/1584/108
f 2978/1585/109 2980/1587/110 2979/1588/110 2977/1586/109
f 2980/1587/110 2982/1589/111 2981/1590/111 2979/1588/110
f 2982/1589/111 2984/1591/112 2983/1592/112 2981/1590/111
f 2984/1591/112 2986/1593/113 2985/1594/113 2983/1592/112
f 2986/1593/113 2988/1595/114 2987/1596/114 2985/1594/113
f 2988/1595/114 2990/1597/115 2989/1598/115 2987/1596/114
f 2990/1597/115 2992/1599/116 2991/1600/116 2989/1598/115
f 2992/1599/116 2994/1601/117 2993/1602/117 2991/1600/116
f 2994/1601/117 2996/1603/118 2995/1604/118 2993/1602/117
f 2996/1603/118 2998/1605/119 2997/1606/119 2995/1604/118
f 2998/1605/119 3000/1607/120 2999/1608/120 2997/1606/119
f 3000/1607/120 3002/1609/121 3001/1610/121 2999/1608/120
f 3002/1609/121 3004/1611/122 3003/1612/122 3001/1610/121
f 3004/1611/122 3006/1613/123 3005/1614/123 3003/1612/122
f 3006/1613/123 3008/1615/124 3007/1616/124 3005/1614/123
f 3008/1615/124 3010/1617/125 3009/1618/125 3007/1616/124
f 3010/1617/125 3012/1619/126 3011/1620/126 3009/1618/125
f 3012/1619/126 3014/1621/127 3013/1622/127 3011/1620/126
f 3014/1621/127 3016/1623/128 3015/1624/128 3013/1622/127
f 3016/1623/128 3018/1625/129 3017/1626/129 3015/1624/128
f 3018/1625/129 3020/1627/130 3019/1628/130 3017/1626/129
f 3020/1627/130 3022/1629/131 3021/1630/131 3019/1628/130
f 3022/1629/131 3024/1631/132 3023/1632/132 3021/1630/131
f 3024/1631/132 2878/1488/59 2877/263/59 3023/1632/132
f 3026/1350/133 3028/1633/134 3027/1634/134 3025/288/133
f 3028/1633/134 3030/1635/135 3029/1636/135 3027/1634/134
f 3030/1635/135 3032/1637/136 3031/1638/136 3029/1636/135
f 3032/1637/136 3034/1639/137 3033/1640/137 3031/1638/136
f 3034/1639/137 3036/1641/138 3035/1642/138 3033/1640/137
f 3036/1641/138 3038/1643/139 3037/1644/139 3035/1642/138
f 3038/1643/139 3040/1645/140 3039/1646/140 3037/1644/139
f 3040/1645/140 3042/1355/141 3041/1356/141 3039/1646/140
f 3042/1355/141 3044/1647/142 3043/1648/142 3041/1356/141
f 3044/1647/142 3046/1649/143 3045/1650/143 3043/1648/142
f 3046/1649/143 3048/1651/144 3047/1652/144 3045/1650/143
f 3048/1651/144 3050/1653/145 3049/1654/145 3047/1652/144
f 3050/1653/145 3052/1655/146 3051/1656/146 3049/1654/145
f 3052/1655/146 3054/1657/147 3053/1658/147 3051/1656/146
f 3054/1657/147 3056/1659/148 3055/1660/148 3053/1658/147
f 3056/1659/148 3058/1361/149 3057/1362/149 3055/1660/148
f 3058/1361/149 3060/1661/150 3059/1662/150 3057/1362/149
f 3060/1661/150 3062/1663/151 3061/1664/151 3059/1662/150
f 3062/1663/151 3064/1665/152 3063/1666/152 3061/1664/151
f 3064/1665/152 3066/1667/153 3065/1668/153 3063/1666/152
f 3066/1667/153 3068/1669/154 3067/1670/154 3065/1668/153
f 3068/1669/154 3070/1671/155 3069/1672/155 3067/1670/154
f 3070/1671/155 3072/1673/156 3071/1674/156 3069/1672/155
f 3072/1673/156 3074/1367/157 3073/1368/157 3071/1674/156
f 3074/1367/157 3076/1675/158 3075/1676/158 3073/1368/157
f 3076/1675/158 3078/1677/159 3077/1678/159 3075/1676/158
f 3078/1677/159 3080/1679/160 3079/1680/160 3077/1678/159
f 3080/1679/160 3082/1681/161 3081/1682/161 3079/1680/160
f 3082/1681/161 3084/1683/162 3083/1684/162 3081/1682/161
f 3084/1683/162 3086/1685/163 3085/1686/163 3083/1684/162
f 3086/1685/163 3088/1687/164 3087/1688/164 3085/1686/163
f 3088/1687/164 3090/1373/165 3089/466/165 3087/1688/164
f 3090/1373/165 3092/1689/166 3091/1690/166 3089/466/165
f 3092/1689/166 3094/1691/167 3093/1692/167 3091/1690/166
f 3094/1691/167 3096/1693/168 3095/1694/168 3093/1692/167
f 3096/1693/168 3098/1695/169 3097/1696/169 3095/1694/168
f 3098/1695/169 3100/1697/170 3099/1698/170 3097/1696/169
f 3100/1697/170 3102/1699/171 3101/1700/171 3099/1698/170
f 3102/1699/171 3104/1701/172 3103/1702/172 3101/1700/171
f 3104/1701/172 3106/1378/173 3105/1379/173 3103/1702/172
f 3106/1378/173 3108/1703/174 3107/1704/174 3105/1379/173
f 3108/1703/174 3110/1705/175 3109/1706/175 3107/1704/174
f 3110/1705/175 3112/1707/176 3111/1708/176 3109/1706/175
f 3112/1707/176 3114/1709/177 3113/1710/177 3111/1708/176
f 3114/1709/177 3116/1711/178 3115/1712/178 3113/1710/177
f 3116/1711/178 3118/1713/179 3117/1714/179 3115/1712/178
f 3118/1713/179 3120/1715/180 3119/1716/180 3117/1714/179
f 3120/1715/180 3122/1384/181 3121/1385/181 3119/1716/180
f 3122/1384/181 3124/1717/182 3123/1718/182 3121/1385/181
f 3124/1717/182 3126/1719/183 3125/1720/183 3123/1718/182
f 3126/1719/183 3128/1721/184 3127/1722/184 3125/1720/183
f 3128/1721/184 3130/1723/185 3129/1724/185 3127/1722/184
f 3130/1723/185 3132/1725/186 3131/1726/186 3129/1724/185
f 3132/1725/186 3134/1727/187 3133/1728/187 3131/1726/186
f 3134/1727/187 3136/1729/188 3135/1730/188 3133/1728/187
f 3136/1729/188 3138/1390/189 3137/1391/189 3135/1730/188
f 3138/1390/189 3140/1731/190 3139/1732/190 3137/1391/189
f 3140/1731/190 3142/1733/191 3141/1734/191 3139/1732/190
f 3142/1733/191 3144/1735/192 3143/1736/192 3141/1734/191
f 3144/1735/192 3146/1737/193 3145/1738/193 3143/1736/192
f 3146/1737/193 3148/1739/194 3147/1740/194 3145/1738/193
f 3148/1739/194 3150/1741/195 3149/1742/195 3147/1740/194
f 3150/1741/195 3152/1743/196 3151/1744/196 3149/1742/195
f 3152/1743/196 3154/1396/197 3153/518/197 3151/1744/196
f 3154/1396/197 3156/1745/198 3155/1746/198 3153/518/197
f 3156/1745/198 3158/1747/199 3157/1748/199 3155/1746/198
f 3158/1747/199 3160/1749/200 3159/1750/200 3157/1748/199
f 3160/1749/200 3162/1751/201 3161/1752/201 3159/1750/200
f 3162/1751/201 3164/1753/202 3163/1754/202 3161/1752/201
f 3164/1753/202 3166/1755/203 3165/1756/203 3163/1754/202
f 3166/1755/203 3168/1757/204 3167/1758/204 3165/1756/203
f 3168/1757/204 3170/1401/205 3169/1402/205 3167/1758/204
f 3170/1401/205 3172/1759/206 3171/1760/206 3169/1402/205
f 3172/1759/206 3174/1761/207 3173/1762/207 3171/1760/206
f 3174/1761/207 3176/1763/208 3175/1764/208 3173/1762/207
f 3176/1763/208 3178/1765/209 3177/1766/209 3175/1764/208
f 3178/1765/209 3180/1767/210 3179/1768/210 3177/1766/209
f 3180/1767/210 3182/1769/211 3181/1770/211 3179/1768/210
f 3182/1769/211 3184/1771/212 3183/1772/212 3181/1770/211
f 3184/1771/212 3186/1407/213 3185/1408/213 3183/1772/212
f 3186/1407/213 3188/1773/214 3187/1774/214 3185/1408/213
f 3188/1773/214 3190/1775/215 3189/1776/215 3187/1774/214
f 3190/1775/215 3192/1777/216 3191/1778/216 3189/1776/215
f 3192/1777/216 3194/1779/217 3193/1780/217 3191/1778/216
f 3194/1779/217 3196/1781/218 3195/1782/218 3193/1780/217
f 3196/1781/218 3198/1783/219 3197/1784/219 3195/1782/218
f 3198/1783/219 3200/1785/220 3199/1786/220 3197/1784/219
f 3200/1785/220 3202/1413/221 3201/1414/221 3199/1786/220
f 3202/1413/221 3204/1787/222 3203/1788/222 3201/1414/221
f 3204/1787/222 3206/1789/223 3205/1790/223 3203/1788/222
f 3206/1789/223 3208/1791/224 3207/1792/224 3205/1790/223
f 3208/1791/224 3210/1793/225 3209/1794/225 3207/1792/224
f 3210/1793/225 3212/1795/226 3211/1796/226 3209/1794/225
f 3212/1795/226 3214/1797/227 3213/1798/227 3211/1796/226
f 3214/1797/227 3216/1799/228 3215/1800/228 3213/1798/227
f 3216/1799/228 3218/1419/229 3217/462/229 3215/1800/228
f 3218/1419/229 3220/1801/230 3219/1802/230 3217/462/229
f 3220/1801/230 3222/1803/231 3221/1804/231 3219/1802/230
f 3222/1803/231 3224/1805/232 3223/1806/232 3221/1804/231
f 3224/1805/232 3226/1807/233 3225/1808/233 3223/1806/232
f 3226/1807/233 3228/1809/234 3227/1810/234 3225/1808/233
f 3228/1809/234 3230/1811/235 3229/1812/235 3227/1810/234
f 3230/1811/235 3232/1813/236 3231/1814/236 3229/1812/235
f 3232/1813/236 3234/1424/237 3233/1425/237 3231/1814/236
f 3234/1424/237 3236/1815/238 3235/1816/238 3233/1425/237
f 3236/1815/238 3238/1817/239 3237/1818/239 3235/1816/238
f 3238/1817/239 3240/1819/238 3239/1820/238 3237/1818/239
f 3240/1819/238 3242/1821/237 3241/1822/237 3239/1820/238
f 3242/1821/237 3244/1823/240 3243/1824/240 3241/1822/237
f 3244/1823/240 3246/1825/241 3245/1826/241 3243/1824/240
f 3246/1825/241 3248/1827/242 3247/1828/242 3245/1826/241
f 3248/1827/242 3250/1430/243 3249/1431/243 3247/1828/242
f 3250/1430/243 3252/1829/244 3251/1830/244 3249/1431/243
f 3252/1829/244 3254/1831/245 3253/1832/245 3251/1830/244
f 3254/1831/245 3256/1833/246 3255/1834/246 3253/1832/245
f 3256/1833/246 3258/1835/247 3257/1836/247 3255/1834/246
f 3258/1835/247 3260/1837/248 3259/1838/248 3257/1836/247
f 3260/1837/248 3262/1839/249 3261/1840/249 3259/1838/248
f 3262/1839/249 3264/1841/250 3263/1842/250 3261/1840/249
f 3264/1841/250 3266/1436/251 3265/1437/251 3263/1842/250
f 3266/1436/251 3268/1843/252 3267/1844/252 3265/1437/251
f 3268/1843/252 3270/1845/253 3269/1846/253 3267/1844/252
f 3270/1845/253 3272/1847/254 3271/1848/254 3269/1846/253
f 3272/1847/254 3274/1849/255 3273/1850/255 3271/1848/254
f 3274/1849/255 3276/1851/256 3275/1852/256 3273/1850/255
f 3276/1851/256 3278/1853/257 3277/1854/257 3275/1852/256
f 3278/1853/257 3280/1855/258 3279/1856/258 3277/1854/257
f 3280/1855/258 3282/1442/259 3281/515/259 3279/1856/258
f 3282/1442/259 3284/1857/260 3283/1858/260 3281/515/259
f 3284/1857/260 3286/1859/261 3285/1860/261 3283/1858/260
f 3286/1859/261 3288/1861/262 3287/1862/262 3285/1860/261
f 3288/1861/262 3290/1863/263 3289/1864/263 3287/1862/262
f 3290/1863/263 3292/1865/264 3291/1866/264 3289/1864/263
f 3292/1865/264 3294/1867/265 3293/1868/265 3291/1866/264
f 3294/1867/265 3296/1869/266 3295/1870/266 3293/1868/265
f 3296/1869/266 3298/1447/267 3297/1448/267 3295/1870/266
f 3298/1447/267 3300/1871/268 3299/1872/268 3297/1448/267
f 3300/1871/268 3302/1873/269 3301/1874/269 3299/1872/268
f 3302/1873/269 3304/1875/270 3303/1876/270 3301/1874/269
f 3304/1875/270 3306/1877/271 3305/1878/271 3303/1876/270
f 3306/1877/271 3308/1879/272 3307/1880/272 3305/1878/271
f 3308/1879/272 3310/1881/273 3309/1882/273 3307/1880/272
f 3310/1881/273 3312/1883/274 3311/1884/274 3309/1882/273
f 3312/1883/274 3314/1453/275 3313/1454/275 3311/1884/274
f 3314/1453/275 3316/1885/276 3315/1886/276 3313/1454/275
f 3316/1885/276 3318/1887/277 3317/1888/277 3315/1886/276
f 3318/1887/277 3320/1889/278 3319/1890/278 3317/1888/277
f 3320/1889/278 3322/1891/279 3321/1892/279 3319/1890/278
f 3322/1891/279 3324/1893/280 3323/1894/280 3321/1892/279
f 3324/1893/280 3326/1895/281 3325/1896/281 3323/1894/280
f 3326/1895/281 3328/1897/282 3327/1898/282 3325/1896/281
f 3328/1897/282 3330/1459/283 3329/1460/283 3327/1898/282
f 3330/1459/283 3332/1899/284 3331/1900/284 3329/1460/283
f 3332/1899/284 3334/1901/285 3333/1902/285 3331/1900/284
f 3334/1901/285 3336/1903/286 3335/1904/286 3333/1902/285
f 3336/1903/286 3338/1905/287 3337/1906/287 3335/1904/286
f 3338/1905/287 3340/1907/288 3339/1908/288 3337/1906/287
f 3340/1907/288 3342/1909/289 3341/1910/289 3339/1908/288
f 3342/1909/289 3344/1911/290 3343/1912/290 3341/1910/289
f 3344/1911/290 3346/1465/291 3345/456/291 3343/1912/290
f 3346/1465/291 3348/1913/292 3347/1914/292 3345/456/291
f 3348/1913/292 3350/1915/293 3349/1916/293 3347/1914/292
f 3350/1915/293 3352/1917/294 3351/1918/294 3349/1916/293
f 3352/1917/294 3354/1919/295 3353/1920/295 3351/1918/294
f 3354/1919/295 3356/1921/296 3355/1922/296 3353/1920/295
f 3356/1921/296 3358/1923/297 3357/1924/297 3355/1922/296
f 3358/1923/297 3360/1925/298 3359/1926/298 3357/1924/297
f 3360/1925/298 3362/1470/299 3361/1471/299 3359/1926/298
f 3362/1470/299 3364/1927/300 3363/1928/300 3361/1471/299
f 3364/1927/300 3366/1929/301 3365/1930/301 3363/1928/300
f 3366/1929/301 3368/1931/302 3367/1932/302 3365/1930/301
f 3368/1931/302 3370/1933/303 3369/1934/303 3367/1932/302
f 3370/1933/303 3372/1935/304 3371/1936/304 3369/1934/303
f 3372/1935/304 3374/1937/305 3373/1938/305 3371/1936/304
f 3374/1937/305 3376/1939/306 3375/1940/306 3373/1938/305
f 3376/1939/306 3378/1476/307 3377/1477/307 3375/1940/306
f 3378/1476/307 3380/1941/308 3379/1942/308 3377/1477/307
f 3380/1941/308 3382/1943/309 3381/1944/309 3379/1942/308
f 3382/1943/309 3384/1945/310 3383/1946/310 3381/1944/309
f 3384/1945/310 3386/1947/311 3385/1948/311 3383/1946/310
f 3386/1947/311 3388/1949/312 3387/1950/312 3385/1948/311
f 3388/1949/312 3390/1951/313 3389/1952/313 3387/1950/312
f 3390/1951/313 3392/1953/314 3391/1954/314 3389/1952/313
f 3392/1953/314 3394/1482/315 3393/1483/315 3391/1954/314
f 3394/1482/315 3396/1955/316 3395/1956/316 3393/1483/315
f 3396/1955/316 3398/1957/317 3397/1958/317 3395/1956/316
f 3398/1957/317 3400/1959/318 3399/1960/318 3397/1958/317
f 3400/1959/318 3402/1961/319 3401/1962/319 3399/1960/318
f 3402/1961/319 3404/1963/320 3403/1964/320 3401/1962/319
f 3404/1963/320 3406/1965/321 3405/1966/321 3403/1964/320
f 3406/1965/321 3408/1967/322 3407/1968/322 3405/1966/321
f 3408/1967/322 3026/1488/133 3025/263/133 3407/1968/322
f 3410/1350/323 3412/1969/324 3411/1970/324 3409/288/323
f 3412/1969/324 3414/1971/325 3413/1972/325 3411/1970/324
f 3414/1971/325 3416/1973/326 3415/1974/326 3413/1972/325
f 3416/1973/326 3418/1975/327 3417/1976/327 3415/1974/326
f 3418/1975/327 3420/1977/328 3419/1978/328 3417/1976/327
f 3420/1977/328 3422/1979/329 3421/1980/329 3419/1978/328
f 3422/1979/329 3424/1981/330 3423/1982/330 3421/1980/329
f 3424/1981/330 3426/1983/331 3425/1984/331 3423/1982/330
f 3426/1983/331 3428/1985/332 3427/1986/332 3425/1984/331
f 3428/1985/332 3430/1987/333 3429/1988/333 3427/1986/332
f 3430/1987/333 3432/1989/334 3431/1990/334 3429/1988/333
f 3432/1989/334 3434/1991/335 3433/1992/335 3431/1990/334
f 3434/1991/335 3436/1419/336 3435/462/336 3433/1992/335
f 3436/1419/336 3438/1993/337 3437/1994/337 3435/462/336
f 3438/1993/337 3440/1995/338 3439/1996/338 3437/1994/337
f 3440/1995/338 3442/1997/339 3441/1998/339 3439/1996/338
f 3442/1997/339 3444/1999/340 3443/2000/340 3441/1998/339
f 3444/1999/340 3446/2001/341 3445/2002/341 3443/2000/340
f 3446/2001/341 3448/2003/342 3447/2004/342 3445/2002/341
f 3448/2003/342 3450/2005/343 3449/2006/343 3447/2004/342
f 3450/2005/343 3452/2007/344 3451/2008/344 3449/2006/343
f 3452/2007/344 3454/2009/345 3453/2010/345 3451/2008/344
f 3454/2009/345 3456/2011/346 3455/2012/346 3453/2010/345
f 3456/2011/346 3458/2013/347 3457/2014/347 3455/2012/346
f 3458/2013/347 3460/2015/348 3459/2016/348 3457/2014/347
f 3460/2015/348 3410/1488/323 3409/263/323 3459/2016/348
f 3462/1350/349 3464/2017/350 3463/2018/350 3461/288/349
f 3464/2017/350 3466/2019/351 3465/2020/351 3463/2018/350
f 3466/2019/351 3468/2021/352 3467/2022/352 3465/2020/351
f 3468/2021/352 3470/2023/353 3469/2024/353 3467/2022/352
f 3470/2023/353 3472/2025/354 3471/2026/354 3469/2024/353
f 3472/2025/354 3474/2027/355 3473/2028/355 3471/2026/354
f 3474/2027/355 3476/2029/356 3475/2030/356 3473/2028/355
f 3476/2029/356 3478/2031/357 3477/2032/357 3475/2030/356
f 3478/2031/357 3480/2033/358 3479/2034/358 3477/2032/357
f 3480/2033/358 3482/2035/359 3481/2036/359 3479/2034/358
f 3482/2035/359 3484/2037/360 3483/2038/360 3481/2036/359
f 3484/2037/360 3486/2039/361 3485/2040/361 3483/2038/360
f 3486/2039/361 3488/2041/362 3487/2042/362 3485/2040/361
f 3488/2041/362 3490/2043/363 3489/2044/363 3487/2042/362
f 3490/2043/363 3492/2045/364 3491/2046/364 3489/2044/363
f 3492/2045/364 3494/2047/365 3493/2048/365 3491/2046/364
f 3494/2047/365 3496/2049/366 3495/2050/366 3493/2048/365
f 3496/2049/366 3498/2051/367 3497/2052/367 3495/2050/366
f 3498/2051/367 3500/2053/368 3499/2054/368 3497/2052/367
f 3500/2053/368 3502/2055/369 3501/2056/369 3499/2054/368
f 3502/2055/369 3504/2057/370 3503/2058/370 3501/2056/369
f 3504/2057/370 3506/2059/371 3505/2060/371 3503/2058/370
f 3506/2059/371 3508/2061/372 3507/2062/372 3505/2060/371
f 3508/2061/372 3510/2063/373 3509/2064/373 3507/2062/372
f 3510/2063/373 3512/2065/374 3511/2066/374 3509/2064/373
f 3512/2065/374 3514/2067/375 3513/2068/375 3511/2066/374
f 3514/2067/375 3516/2069/376 3515/2070/376 3513/2068/375
f 3516/2069/376 3518/2071/377 3517/2072/377 3515/2070/376
f 3518/2071/377 3520/2073/378 3519/2074/378 3517/2072/377
f 3520/2073/378 3522/2075/379 3521/2076/379 3519/2074/378
f 3522/2075/379 3524/2077/380 3523/2078/380 3521/2076/379
f 3524/2077/380 3526/2079/381 3525/2080/381 3523/2078/380
f 3526/2079/381 3528/2081/382 3527/2082/382 3525/2080/381
f 3528/2081/382 3530/2083/383 3529/2084/383 3527/2082/382
f 3530/2083/383 3532/2085/384 3531/2086/384 3529/2084/383
f 3532/2085/384 3534/2087/385 3533/2088/385 3531/2086/384
f 3534/2087/385 3536/2089/386 3535/2090/386 3533/2088/385
f 3536/2089/386 3538/2091/387 3537/2092/387 3535/2090/386
f 3538/2091/387 3540/2093/388 3539/2094/388 3537/2092/387
f 3540/2093/388 3542/2095/389 3541/2096/389 3539/2094/388
f 3542/2095/389 3544/2097/390 3543/2098/390 3541/2096/389
f 3544/2097/390 3546/2099/391 3545/2100/391 3543/2098/390
f 3546/2099/391 3548/2101/392 3547/2102/392 3545/2100/391
f 3548/2101/392 3550/2103/393 3549/2104/393 3547/2102/392
f 3550/2103/393 3552/2105/394 3551/2106/394 3549/2104/393
f 3552/2105/394 3554/2107/395 3553/2108/395 3551/2106/394
f 3554/2107/395 3556/2109/396 3555/2110/396 3553/2108/395
f 3556/2109/396 3558/2111/397 3557/2112/397 3555/2110/396
f 3558/2111/397 3560/2113/398 3559/2114/398 3557/2112/397
f 3560/2113/398 3562/2115/399 3561/2116/399 3559/2114/398
f 3562/2115/399 3564/2117/400 3563/2118/400 3561/2116/399
f 3564/2117/400 3566/2119/401 3565/2120/401 3563/2118/400
f 3566/2119/401 3568/2121/402 3567/2122/402 3565/2120/401
f 3568/2121/402 3570/2123/403 3569/2124/403 3567/2122/402
f 3570/2123/403 3572/2125/404 3571/2126/404 3569/2124/403
f 3572/2125/404 3574/2127/405 3573/2128/405 3571/2126/404
f 3574/2127/405 3576/2129/406 3575/2130/406 3573/2128/405
f 3576/2129/406 3578/2131/407 3577/2132/407 3575/2130/406
f 3578/2131/407 3580/2133/408 3579/2134/408 3577/2132/407
f 3580/2133/408 3582/2135/409 3581/2136/409 3579/2134/408
f 3582/2135/409 3584/2137/410 3583/2138/410 3581/2136/409
f 3584/2137/410 3586/2139/411 3585/2140/411 3583/2138/410
f 3586/2139/411 3588/2141/412 3587/2142/412 3585/2140/411
f 3588/2141/412 3590/2143/413 3589/2144/413 3587/2142/412
f 3590/2143/413 3592/2145/414 3591/2146/414 3589/2144/413
f 3592/2145/414 3594/2147/415 3593/2148/415 3591/2146/414
f 3594/2147/415 3596/2149/416 3595/2150/416 3593/2148/415
f 3596/2149/416 3598/2151/417 3597/2152/417 3595/2150/416
f 3598/2151/417 3600/2153/418 3599/2154/418 3597/2152/417
f 3600/2153/418 3602/2155/419 3601/2156/419 3599/2154/418
f 3602/2155/419 3604/2157/420 3603/2158/420 3601/2156/419
f 3604/2157/420 3606/2159/421 3605/2160/421 3603/2158/420
f 3606/2159/421 3608/2161/422 3607/2162/422 3605/2160/421
f 3608/2161/422 3610/2163/423 3609/2164/423 3607/2162/422
f 3610/2163/423 3612/2165/424 3611/2166/424 3609/2164/423
f 3612/2165/424 3614/2167/425 3613/2168/425 3611/2166/424
f 3614/2167/425 3616/2169/426 3615/2170/426 3613/2168/425
f 3616/2169/426 3618/2171/427 3617/2172/427 3615/2170/426
f 3618/2171/427 3620/2173/428 3619/2174/428 3617/2172/427
f 3620/2173/428 3622/2175/429 3621/2176/429 3619/2174/428
f 3622/2175/429 3624/2177/430 3623/2178/430 3621/2176/429
f 3624/2177/430 3626/2179/431 3625/2180/431 3623/2178/430
f 3626/2179/431 3628/2181/432 3627/2182/432 3625/2180/431
f 3628/2181/432 3630/2183/433 3629/2184/433 3627/2182/432
f 3630/2183/433 3632/2185/434 3631/2186/434 3629/2184/433
f 3632/2185/434 3634/2187/435 3633/2188/435 3631/2186/434
f 3634/2187/435 3636/2189/436 3635/2190/436 3633/2188/435
f 3636/2189/436 3638/2191/437 3637/2192/437 3635/2190/436
f 3638/2191/437 3640/2193/438 3639/2194/438 3637/2192/437
f 3640/2193/438 3642/2195/439 3641/2196/439 3639/2194/438
f 3642/2195/439 3644/2197/440 3643/2198/440 3641/2196/439
f 3644/2197/440 3646/2199/441 3645/2200/441 3643/2198/440
f 3646/2199/441 3648/2201/442 3647/2202/442 3645/2200/441
f 3648/2201/442 3650/2203/443 3649/2204/443 3647/2202/442
f 3650/2203/443 3652/2205/444 3651/2206/444 3649/2204/443
f 3652/2205/444 3654/2207/445 3653/2208/445 3651/2206/444
f 3654/2207/445 3656/2209/446 3655/2210/446 3653/2208/445
f 3656/2209/446 3658/2211/447 3657/2212/447 3655/2210/446
f 3658/2211/447 3660/2213/448 3659/2214/448 3657/2212/447
f 3660/2213/448 3662/2215/449 3661/2216/449 3659/2214/448
f 3662/2215/449 3664/2217/450 3663/2218/450 3661/2216/449
f 3664/2217/450 3666/2219/451 3665/2220/451 3663/2218/450
f 3666/2219/451 3668/1419/452 3667/462/452 3665/2220/451
f 3668/1419/452 3670/2221/453 3669/2222/453 3667/462/452
f 3670/2221/453 3672/2223/454 3671/2224/454 3669/2222/453
f 3672/2223/454 3674/2225/455 3673/2226/455 3671/2224/454
f 3674/2225/455 3676/2227/456 3675/2228/456 3673/2226/455
f 3676/2227/456 3678/2229/457 3677/2230/457 3675/2228/456
f 3678/2229/457 3680/2231/458 3679/2232/458 3677/2230/457
f 3680/2231/458 3682/2233/459 3681/2234/459 3679/2232/458
f 3682/2233/459 3684/2235/460 3683/2236/460 3681/2234/459
f 3684/2235/460 3686/2237/461 3685/2238/461 3683/2236/460
f 3686/2237/461 3688/2239/462 3687/2240/462 3685/2238/461
f 3688/2239/462 3690/2241/463 3689/2242/463 3687/2240/462
f 3690/2241/463 3692/2243/464 3691/2244/464 3689/2242/463
f 3692/2243/464 3694/2245/465 3693/2246/465 3691/2244/464
f 3694/2245/465 3696/2247/466 3695/2248/466 3693/2246/465
f 3696/2247/466 3698/2249/467 3697/2250/467 3695/2248/466
f 3698/2249/467 3700/2251/468 3699/2252/468 3697/2250/467
f 3700/2251/468 3702/2253/469 3701/2254/469 3699/2252/468
f 3702/2253/469 3704/2255/470 3703/2256/470 3701/2254/469
f 3704/2255/470 3706/2257/471 3705/2258/471 3703/2256/470
f 3706/2257/471 3708/2259/472 3707/2260/472 3705/2258/471
f 3708/2259/472 3710/2261/473 3709/2262/473 3707/2260/472
f 3710/2261/473 3712/2263/474 3711/2264/474 3709/2262/473
f 3712/2263/474 3714/2265/475 3713/2266/475 3711/2264/474
f 3714/2265/475 3716/2267/476 3715/2268/476 3713/2266/475
f 3716/2267/476 3718/2269/477 3717/2270/477 3715/2268/476
f 3718/2269/477 3720/2271/478 3719/2272/478 3717/2270/477
f 3720/2271/478 3722/2273/479 3721/2274/479 3719/2272/478
f 3722/2273/479 3724/2275/480 3723/2276/480 3721/2274/479
f 3724/2275/480 3726/2277/481 3725/2278/481 3723/2276/480
f 3726/2277/481 3728/2279/482 3727/2280/482 3725/2278/481
f 3728/2279/482 3730/2281/483 3729/2282/483 3727/2280/482
f 3730/2281/483 3732/2283/484 3731/2284/484 3729/2282/483
f 3732/2283/484 3734/2285/485 3733/2286/485 3731/2284/484
f 3734/2285/485 3736/2287/486 3735/2288/486 3733/2286/485
f 3736/2287/486 3738/2289/487 3737/2290/487 3735/2288/486
f 3738/2289/487 3740/2291/488 3739/2292/488 3737/2290/487
f 3740/2291/488 3742/2293/489 3741/2294/489 3739/2292/488
f 3742/2293/489 3744/2295/490 3743/2296/490 3741/2294/489
f 3744/2295/490 3746/2297/491 3745/2298/491 3743/2296/490
f 3746/2297/491 3748/2299/492 3747/2300/492 3745/2298/491
f 3748/2299/492 3750/2301/493 3749/2302/493 3747/2300/492
f 3750/2301/493 3752/2303/494 3751/2304/494 3749/2302/493
f 3752/2303/494 3754/2305/495 3753/2306/495 3751/2304/494
f 3754/2305/495 3756/2307/496 3755/2308/496 3753/2306/495
f 3756/2307/496 3758/2309/497 3757/2310/497 3755/2308/496
f 3758/2309/497 3760/2311/498 3759/2312/498 3757/2310/497
f 3760/2311/498 3762/2313/499 3761/2314/499 3759/2312/498
f 3762/2313/499 3764/2315/500 3763/2316/500 3761/2314/499
f 3764/2315/500 3766/2317/501 3765/2318/501 3763/2316/500
f 3766/2317/501 3768/2319/502 3767/2320/502 3765/2318/501
f 3768/2319/502 3770/2321/503 3769/2322/503 3767/2320/502
f 3770/2321/503 3772/2323/504 3771/2324/504 3769/2322/503
f 3772/2323/504 3774/2325/505 3773/2326/505 3771/2324/504
f 3774/2325/505 3776/2327/506 3775/2328/506 3773/2326/505
f 3776/2327/506 3778/2329/507 3777/2330/507 3775/2328/506
f 3778/2329/507 3780/2331/508 3779/2332/508 3777/2330/507
f 3780/2331/508 3782/2333/509 3781/2334/509 3779/2332/508
f 3782/2333/509 3784/2335/510 3783/2336/510 3781/2334/509
f 3784/2335/510 3786/2337/511 3785/2338/511 3783/2336/510
f 3786/2337/511 3788/2339/512 3787/2340/512 3785/2338/511
f 3788/2339/512 3790/2341/513 3789/2342/513 3787/2340/512
f 3790/2341/513 3792/2343/514 3791/2344/514 3789/2342/513
f 3792/2343/514 3794/2345/515 3793/2346/515 3791/2344/514
f 3794/2345/515 3796/2347/516 3795/2348/516 3793/2346/515
f 3796/2347/516 3798/2349/517 3797/2350/517 3795/2348/516
f 3798/2349/517 3800/2351/518 3799/2352/518 3797/2350/517
f 3800/2351/518 3802/2353/519 3801/2354/519 3799/2352/518
f 3802/2353/519 3804/2355/520 3803/2356/520 3801/2354/519
f 3804/2355/520 3806/2357/521 3805/2358/521 3803/2356/520
f 3806/2357/521 3808/2359/522 3807/2360/522 3805/2358/521
f 3808/2359/522 3810/2361/523 3809/2362/523 3807/2360/522
f 3810/2361/523 3812/2363/524 3811/2364/524 3809/2362/523
f 3812/2363/524 3814/2365/525 3813/2366/525 3811/2364/524
f 3814/2365/525 3816/2367/526 3815/2368/526 3813/2366/525
f 3816/2367/526 3818/2369/527 3817/2370/527 3815/2368/526
f 3818/2369/527 3820/2371/528 3819/2372/528 3817/2370/527
f 3820/2371/528 3822/2373/529 3821/2374/529 3819/2372/528
f 3822/2373/529 3824/2375/530 3823/2376/530 3821/2374/529
f 3824/2375/530 3826/2377/531 3825/2378/531 3823/2376/530
f 3826/2377/531 3828/2379/532 3827/2380/532 3825/2378/531
f 3828/2379/532 3830/2381/533 3829/2382/533 3827/2380/532
f 3830/2381/533 3832/2383/534 3831/2384/534 3829/2382/533
f 3832/2383/534 3834/2385/535 3833/2386/535 3831/2384/534
f 3834/2385/535 3836/2387/536 3835/2388/536 3833/2386/535
f 3836/2387/536 3838/2389/537 3837/2390/537 3835/2388/536
f 3838/2389/537 3840/2391/538 3839/2392/538 3837/2390/537
f 3840/2391/538 3842/2393/539 3841/2394/539 3839/2392/538
f 3842/2393/539 3844/2395/540 3843/2396/540 3841/2394/539
f 3844/2395/540 3846/2397/541 3845/2398/541 3843/2396/540
f 3846/2397/541 3848/2399/542 3847/2400/542 3845/2398/541
f 3848/2399/542 3850/2401/543 3849/2402/543 3847/2400/542
f 3850/2401/543 3852/2403/544 3851/2404/544 3849/2402/543
f 3852/2403/544 3854/2405/545 3853/2406/545 3851/2404/544
f 3854/2405/545 3856/2407/546 3855/2408/546 3853/2406/545
f 3856/2407/546 3858/2409/547 3857/2410/547 3855/2408/546
f 3858/2409/547 3860/2411/548 3859/2412/548 3857/2410/547
f 3860/2411/548 3862/2413/549 3861/2414/549 3859/2412/548
f 3862/2413/549 3864/2415/550 3863/2416/550 3861/2414/549
f 3864/2415/550 3866/2417/551 3865/2418/551 3863/2416/550
f 3866/2417/551 3868/2419/552 3867/2420/552 3865/2418/551
f 3868/2419/552 3870/2421/553 3869/2422/553 3867/2420/552
f 3870/2421/553 3872/2423/554 3871/2424/554 3869/2422/553
f 3872/2423/554 3462/1488/349 3461/263/349 3871/2424/554
f 3874/1350/555 3876/2425/556 3875/2426/556 3873/288/555
f 3876/2425/556 3878/2427/557 3877/2428/557 3875/2426/556
f 3878/2427/557 3880/2429/558 3879/2430/558 3877/2428/557
f 3880/2429/558 3882/2431/559 3881/2432/559 3879/2430/558
f 3882/2431/559 3884/1969/560 3883/1970/560 3881/2432/559
f 3884/1969/560 3886/2433/561 3885/2434/561 3883/1970/560
f 3886/2433/561 3888/2435/562 3887/2436/562 3885/2434/561
f 3888/2435/562 3890/2437/563 3889/2438/563 3887/2436/562
f 3890/2437/563 3892/2439/564 3891/2440/564 3889/2438/563
f 3892/2439/564 3894/1971/565 3893/1972/565 3891/2440/564
f 3894/1971/565 3896/2441/566 3895/2442/566 3893/1972/565
f 3896/2441/566 3898/2443/567 3897/2444/567 3895/2442/566
f 3898/2443/567 3900/2445/568 3899/2446/568 3897/2444/567
f 3900/2445/568 3902/2447/569 3901/2448/569 3899/2446/568
f 3902/2447/569 3904/1973/570 3903/1974/570 3901/2448/569
f 3904/1973/570 3906/2449/571 3905/2450/571 3903/1974/570
f 3906/2449/571 3908/2451/572 3907/2452/572 3905/2450/571
f 3908/2451/572 3910/2453/573 3909/2454/573 3907/2452/572
f 3910/2453/573 3912/2455/574 3911/2456/574 3909/2454/573
f 3912/2455/574 3914/1975/575 3913/1976/575 3911/2456/574
f 3914/1975/575 3916/2457/576 3915/2458/576 3913/1976/575
f 3916/2457/576 3918/2459/577 3917/2460/577 3915/2458/576
f 3918/2459/577 3920/2461/578 3919/2462/578 3917/2460/577
f 3920/2461/578 3922/2463/579 3921/2464/579 3919/2462/578
f 3922/2463/579 3924/1977/580 3923/1978/580 3921/2464/579
f 3924/1977/580 3926/2465/581 3925/426/581 3923/1978/580
f 3926/2465/581 3928/2466/12 3927/2467/12 3925/426/581
f 3928/2466/12 3930/2468/582 3929/2469/582 3927/2467/12
f 3930/2468/582 3932/2470/583 3931/2471/583 3929/2469/582
f 3932/2470/583 3934/1979/584 3933/1980/584 3931/2471/583
f 3934/1979/584 3936/2472/585 3935/2473/585 3933/1980/584
f 3936/2472/585 3938/2474/197 3937/2475/197 3935/2473/585
f 3938/2474/197 3940/2476/586 3939/2477/586 3937/2475/197
f 3940/2476/586 3942/2478/587 3941/2479/587 3939/2477/586
f 3942/2478/587 3944/1981/588 3943/1982/588 3941/2479/587
f 3944/1981/588 3946/2480/589 3945/2481/589 3943/1982/588
f 3946/2480/589 3948/2482/590 3947/2483/590 3945/2481/589
f 3948/2482/590 3950/2484/591 3949/2485/591 3947/2483/590
f 3950/2484/591 3952/2486/592 3951/2487/592 3949/2485/591
f 3952/2486/592 3954/1983/593 3953/1984/593 3951/2487/592
f 3954/1983/593 3956/2488/594 3955/2489/594 3953/1984/593
f 3956/2488/594 3958/2490/595 3957/2491/595 3955/2489/594
f 3958/2490/595 3960/2492/596 3959/2493/596 3957/2491/595
f 3960/2492/596 3962/2494/597 3961/2495/597 3959/2493/596
f 3962/2494/597 3964/1985/598 3963/1986/598 3961/2495/597
f 3964/1985/598 3966/2496/599 3965/2497/599 3963/1986/598
f 3966/2496/599 3968/2498/600 3967/2499/600 3965/2497/599
f 3968/2498/600 3970/2500/601 3969/2501/601 3967/2499/600
f 3970/2500/601 3972/2502/602 3971/2503/602 3969/2501/601
f 3972/2502/602 3974/1987/603 3973/1988/603 3971/2503/602
f 3974/1987/603 3976/2504/604 3975/2505/604 3973/1988/603
f 3976/2504/604 3978/2506/605 3977/396/605 3975/2505/604
f 3978/2506/605 3980/2507/606 3979/2508/606 3977/396/605
f 3980/2507/606 3982/2509/607 3981/2510/607 3979/2508/606
f 3982/2509/607 3984/1989/608 3983/1990/608 3981/2510/607
f 3984/1989/608 3986/2511/609 3985/2512/609 3983/1990/608
f 3986/2511/609 3988/2513/610 3987/2514/610 3985/2512/609
f 3988/2513/610 3990/2515/611 3989/2516/611 3987/2514/610
f 3990/2515/611 3992/2517/612 3991/2518/612 3989/2516/611
f 3992/2517/612 3994/1991/613 3993/1992/613 3991/2518/612
f 3994/1991/613 3996/2519/20 3995/2520/20 3993/1992/613
f 3996/2519/20 3998/2521/17 3997/2522/17 3995/2520/20
f 3998/2521/17 4000/2523/18 3999/2524/18 3997/2522/17
f 4000/2523/18 4002/2525/19 4001/2526/19 3999/2524/18
f 4002/2525/19 4004/1419/614 4003/462/614 4001/2526/19
f 4004/1419/614 4006/2527/615 4005/2528/615 4003/462/614
f 4006/2527/615 4008/2529/616 4007/2530/616 4005/2528/615
f 4008/2529/616 4010/2531/617 4009/2532/617 4007/2530/616
f 4010/2531/617 4012/2533/618 4011/2534/618 4009/2532/617
f 4012/2533/618 4014/1993/619 4013/1994/619 4011/2534/618
f 4014/1993/619 4016/2535/620 4015/2536/620 4013/1994/619
f 4016/2535/620 4018/2537/621 4017/2538/621 4015/2536/620
f 4018/2537/621 4020/2539/622 4019/2540/622 4017/2538/621
f 4020/2539/622 4022/2541/623 4021/2542/623 4019/2540/622
f 4022/2541/623 4024/1995/624 4023/1996/624 4021/2542/623
f 4024/1995/624 4026/2543/625 4025/2544/625 4023/1996/624
f 4026/2543/625 4028/2545/626 4027/2546/626 4025/2544/625
f 4028/2545/626 4030/2547/627 4029/335/627 4027/2546/626
f 4030/2547/627 4032/2548/628 4031/2549/628 4029/335/627
f 4032/2548/628 4034/1997/629 4033/1998/629 4031/2549/628
f 4034/1997/629 4036/2550/630 4035/2551/630 4033/1998/629
f 4036/2550/630 4038/2552/631 4037/2553/631 4035/2551/630
f 4038/2552/631 4040/2554/632 4039/2555/632 4037/2553/631
f 4040/2554/632 4042/2556/633 4041/2557/633 4039/2555/632
f 4042/2556/633 4044/1999/634 4043/2000/634 4041/2557/633
f 4044/1999/634 4046/2558/635 4045/2559/635 4043/2000/634
f 4046/2558/635 4048/2560/636 4047/2561/636 4045/2559/635
f 4048/2560/636 4050/2562/529 4049/2563/529 4047/2561/636
f 4050/2562/529 4052/2564/637 4051/2565/637 4049/2563/529
f 4052/2564/637 4054/2001/638 4053/2002/638 4051/2565/637
f 4054/2001/638 4056/2566/639 4055/2567/639 4053/2002/638
f 4056/2566/639 4058/2568/640 4057/2569/640 4055/2567/639
f 4058/2568/640 4060/2570/641 4059/2571/641 4057/2569/640
f 4060/2570/641 4062/2572/642 4061/2573/642 4059/2571/641
f 4062/2572/642 4064/2003/643 4063/2004/643 4061/2573/642
f 4064/2003/643 4066/2574/644 4065/2575/644 4063/2004/643
f 4066/2574/644 4068/2576/645 4067/2577/645 4065/2575/644
f 4068/2576/645 4070/2578/646 4069/2579/646 4067/2577/645
f 4070/2578/646 4072/2580/647 4071/2581/647 4069/2579/646
f 4072/2580/647 4074/2005/648 4073/2006/648 4071/2581/647
f 4074/2005/648 4076/2582/649 4075/2583/649 4073/2006/648
f 4076/2582/649 4078/2584/650 4077/2585/650 4075/2583/649
f 4078/2584/650 4080/2586/651 4079/2587/651 4077/2585/650
f 4080/2586/651 4082/2588/652 4081/420/652 4079/2587/651
f 4082/2588/652 4084/2007/653 4083/2008/653 4081/420/652
f 4084/2007/653 4086/2589/654 4085/2590/654 4083/2008/653
f 4086/2589/654 4088/2591/544 4087/2592/544 4085/2590/654
f 4088/2591/544 4090/2593/17 4089/2594/17 4087/2592/544
f 4090/2593/17 4092/2595/655 4091/2596/655 4089/2594/17
f 4092/2595/655 4094/2009/656 4093/2010/656 4091/2596/655
f 4094/2009/656 4096/2597/657 4095/2598/657 4093/2010/656
f 4096/2597/657 4098/2599/658 4097/2600/658 4095/2598/657
f 4098/2599/658 4100/2601/659 4099/2602/659 4097/2600/658
f 4100/2601/659 4102/2603/660 4101/2604/660 4099/2602/659
f 4102/2603/660 4104/2011/661 4103/2012/661 4101/2604/660
f 4104/2011/661 4106/2605/662 4105/2606/662 4103/2012/661
f 4106/2605/662 4108/2607/663 4107/2608/663 4105/2606/662
f 4108/2607/663 4110/2609/664 4109/2610/664 4107/2608/663
f 4110/2609/664 4112/2611/665 4111/2612/665 4109/2610/664
f 4112/2611/665 4114/2013/666 4113/2014/666 4111/2612/665
f 4114/2013/666 4116/2613/667 4115/2614/667 4113/2014/666
f 4116/2613/667 4118/2615/668 4117/2616/668 4115/2614/667
f 4118/2615/668 4120/2617/669 4119/2618/669 4117/2616/668
f 4120/2617/669 4122/2619/670 4121/2620/670 4119/2618/669
f 4122/2619/670 4124/2015/671 4123/2016/671 4121/2620/670
f 4124/2015/671 4126/2621/672 4125/2622/672 4123/2016/671
f 4126/2621/672 4128/2623/673 4127/2624/673 4125/2622/672
f 4128/2623/673 4130/2625/674 4129/2626/674 4127/2624/673
f 4130/2625/674 4132/2627/675 4131/2628/675 4129/2626/674
f 4132/2627/675 3874/1488/555 3873/263/555 4131/2628/675
f 4134/1350/676 4136/2629/677 4135/2630/677 4133/288/676
f 4136/2629/677 4138/2631/678 4137/2632/678 4135/2630/677
f 4138/2631/678 4140/2633/679 4139/2634/679 4137/2632/678
f 4140/2633/679 4142/2635/680 4141/2636/680 4139/2634/679
f 4142/2635/680 4144/2637/681 4143/2638/681 4141/2636/680
f 4144/2637/681 4146/2639/682 4145/2640/682 4143/2638/681
f 4146/2639/682 4148/2641/683 4147/2642/683 4145/2640/682
f 4148/2641/683 4150/2643/684 4149/2644/684 4147/2642/683
f 4150/2643/684 4152/2645/685 4151/2646/685 4149/2644/684
f 4152/2645/685 4154/2647/686 4153/2648/686 4151/2646/685
f 4154/2647/686 4156/2649/687 4155/2650/687 4153/2648/686
f 4156/2649/687 4158/2651/688 4157/2652/688 4155/2650/687
f 4158/2651/688 4160/2653/689 4159/2654/689 4157/2652/688
f 4160/2653/689 4162/2655/690 4161/2656/690 4159/2654/689
f 4162/2655/690 4164/1365/691 4163/1366/691 4161/2656/690
f 4164/1365/691 4166/2657/692 4165/2658/692 4163/1366/691
f 4166/2657/692 4168/2659/693 4167/2660/693 4165/2658/692
f 4168/2659/693 4170/2661/694 4169/2662/694 4167/2660/693
f 4170/2661/694 4172/2663/695 4171/2664/695 4169/2662/694
f 4172/2663/695 4174/2665/696 4173/2666/696 4171/2664/695
f 4174/2665/696 4176/2667/697 4175/2668/697 4173/2666/696
f 4176/2667/697 4178/2669/698 4177/2670/698 4175/2668/697
f 4178/2669/698 4180/2671/699 4179/2672/699 4177/2670/698
f 4180/2671/699 4182/2673/700 4181/2674/700 4179/2672/699
f 4182/2673/700 4184/2675/701 4183/2676/701 4181/2674/700
f 4184/2675/701 4186/2677/702 4185/2678/702 4183/2676/701
f 4186/2677/702 4188/2465/703 4187/426/703 4185/2678/702
f 4188/2465/703 4190/2679/704 4189/2680/704 4187/426/703
f 4190/2679/704 4192/2681/705 4191/2682/705 4189/2680/704
f 4192/2681/705 4194/1380/706 4193/1381/706 4191/2682/705
f 4194/1380/706 4196/2683/707 4195/2684/707 4193/1381/706
f 4196/2683/707 4198/2685/708 4197/2686/708 4195/2684/707
f 4198/2685/708 4200/2687/709 4199/2688/709 4197/2686/708
f 4200/2687/709 4202/2689/710 4201/2690/710 4199/2688/709
f 4202/2689/710 4204/2691/711 4203/2692/711 4201/2690/710
f 4204/2691/711 4206/2693/712 4205/2694/712 4203/2692/711
f 4206/2693/712 4208/2695/713 4207/2696/713 4205/2694/712
f 4208/2695/713 4210/2697/714 4209/2698/714 4207/2696/713
f 4210/2697/714 4212/2699/715 4211/2700/715 4209/2698/714
f 4212/2699/715 4214/2701/716 4213/2702/716 4211/2700/715
f 4214/2701/716 4216/2703/717 4215/2704/717 4213/2702/716
f 4216/2703/717 4218/2705/718 4217/2706/718 4215/2704/717
f 4218/2705/718 4220/2707/719 4219/2708/719 4217/2706/718
f 4220/2707/719 4222/2709/720 4221/2710/720 4219/2708/719
f 4222/2709/720 4224/1396/721 4223/518/721 4221/2710/720
f 4224/1396/721 4226/2711/722 4225/2712/722 4223/518/721
f 4226/2711/722 4228/2713/723 4227/2714/723 4225/2712/722
f 4228/2713/723 4230/2715/724 4229/2716/724 4227/2714/723
f 4230/2715/724 4232/2717/725 4231/2718/725 4229/2716/724
f 4232/2717/725 4234/2719/726 4233/2720/726 4231/2718/725
f 4234/2719/726 4236/2721/727 4235/2722/727 4233/2720/726
f 4236/2721/727 4238/2723/728 4237/2724/728 4235/2722/727
f 4238/2723/728 4240/2725/729 4239/2726/729 4237/2724/728
f 4240/2725/729 4242/2506/730 4241/396/730 4239/2726/729
f 4242/2506/730 4244/2727/731 4243/2728/731 4241/396/730
f 4244/2727/731 4246/2729/732 4245/2730/732 4243/2728/731
f 4246/2729/732 4248/2731/733 4247/2732/733 4245/2730/732
f 4248/2731/733 4250/2733/734 4249/2734/734 4247/2732/733
f 4250/2733/734 4252/2735/735 4251/2736/735 4249/2734/734
f 4252/2735/735 4254/1411/736 4253/1412/736 4251/2736/735
f 4254/1411/736 4256/2737/737 4255/2738/737 4253/1412/736
f 4256/2737/737 4258/2739/738 4257/2740/738 4255/2738/737
f 4258/2739/738 4260/2741/739 4259/2742/739 4257/2740/738
f 4260/2741/739 4262/2743/740 4261/2744/740 4259/2742/739
f 4262/2743/740 4264/2745/741 4263/2746/741 4261/2744/740
f 4264/2745/741 4266/2747/742 4265/2748/742 4263/2746/741
f 4266/2747/742 4268/2749/743 4267/2750/743 4265/2748/742
f 4268/2749/743 4270/2751/744 4269/2752/744 4267/2750/743
f 4270/2751/744 4272/2753/745 4271/2754/745 4269/2752/744
f 4272/2753/745 4274/2755/746 4273/2756/746 4271/2754/745
f 4274/2755/746 4276/2757/747 4275/2758/747 4273/2756/746
f 4276/2757/747 4278/2759/748 4277/2760/748 4275/2758/747
f 4278/2759/748 4280/2761/749 4279/2762/749 4277/2760/748
f 4280/2761/749 4282/2763/750 4281/2764/750 4279/2762/749
f 4282/2763/750 4284/1426/751 4283/1427/751 4281/2764/750
f 4284/1426/751 4286/2765/752 4285/2766/752 4283/1427/751
f 4286/2765/752 4288/2767/753 4287/2768/753 4285/2766/752
f 4288/2767/753 4290/2769/754 4289/2770/754 4287/2768/753
f 4290/2769/754 4292/2771/755 4291/2772/755 4289/2770/754
f 4292/2771/755 4294/2773/756 4293/2774/756 4291/2772/755
f 4294/2773/756 4296/2547/757 4295/335/757 4293/2774/756
f 4296/2547/757 4298/2775/758 4297/2776/758 4295/335/757
f 4298/2775/758 4300/2777/759 4299/2778/759 4297/2776/758
f 4300/2777/759 4302/2779/760 4301/2780/760 4299/2778/759
f 4302/2779/760 4304/2781/761 4303/2782/761 4301/2780/760
f 4304/2781/761 4306/2783/762 4305/2784/762 4303/2782/761
f 4306/2783/762 4308/2785/763 4307/2786/763 4305/2784/762
f 4308/2785/763 4310/2787/764 4309/2788/764 4307/2786/763
f 4310/2787/764 4312/2789/765 4311/2790/765 4309/2788/764
f 4312/2789/765 4314/1442/766 4313/515/766 4311/2790/765
f 4314/1442/766 4316/2791/767 4315/2792/767 4313/515/766
f 4316/2791/767 4318/2793/768 4317/2794/768 4315/2792/767
f 4318/2793/768 4320/2795/769 4319/2796/769 4317/2794/768
f 4320/2795/769 4322/2797/770 4321/2798/770 4319/2796/769
f 4322/2797/770 4324/2799/771 4323/2800/771 4321/2798/770
f 4324/2799/771 4326/2801/772 4325/2802/772 4323/2800/771
f 4326/2801/772 4328/2803/773 4327/2804/773 4325/2802/772
f 4328/2803/773 4330/2805/774 4329/2806/774 4327/2804/773
f 4330/2805/774 4332/2807/775 4331/2808/775 4329/2806/774
f 4332/2807/775 4334/2809/776 4333/2810/776 4331/2808/775
f 4334/2809/776 4336/2811/777 4335/2812/777 4333/2810/776
f 4336/2811/777 4338/2813/778 4337/2814/778 4335/2812/777
f 4338/2813/778 4340/2815/779 4339/2816/779 4337/2814/778
f 4340/2815/779 4342/2817/780 4341/2818/780 4339/2816/779
f 4342/2817/780 4344/1457/781 4343/1458/781 4341/2818/780
f 4344/1457/781 4346/2819/782 4345/2820/782 4343/1458/781
f 4346/2819/782 4348/2821/783 4347/2822/783 4345/2820/782
f 4348/2821/783 4350/2588/784 4349/420/784 4347/2822/783
f 4350/2588/784 4352/2823/785 4351/2824/785 4349/420/784
f 4352/2823/785 4354/2825/786 4353/2826/786 4351/2824/785
f 4354/2825/786 4356/2827/787 4355/2828/787 4353/2826/786
f 4356/2827/787 4358/2829/788 4357/2830/788 4355/2828/787
f 4358/2829/788 4360/2831/789 4359/2832/789 4357/2830/788
f 4360/2831/789 4362/2833/790 4361/2834/790 4359/2832/789
f 4362/2833/790 4364/2835/791 4363/2836/791 4361/2834/790
f 4364/2835/791 4366/2837/792 4365/2838/792 4363/2836/791
f 4366/2837/792 4368/2839/793 4367/2840/793 4365/2838/792
f 4368/2839/793 4370/2841/794 4369/2842/794 4367/2840/793
f 4370/2841/794 4372/2843/795 4371/2844/795 4369/2842/794
f 4372/2843/795 4374/1472/796 4373/1473/796 4371/2844/795
f 4374/1472/796 4376/2845/797 4375/2846/797 4373/1473/796
f 4376/2845/797 4378/2847/798 4377/2848/798 4375/2846/797
f 4378/2847/798 4380/2849/799 4379/2850/799 4377/2848/798
f 4380/2849/799 4382/2851/800 4381/2852/800 4379/2850/799
f 4382/2851/800 4384/2853/747 4383/2854/747 4381/2852/800
f 4384/2853/747 4386/2855/801 4385/2856/801 4383/2854/747
f 4386/2855/801 4388/2857/802 4387/2858/802 4385/2856/801
f 4388/2857/802 4390/2859/803 4389/2860/803 4387/2858/802
f 4390/2859/803 4392/2861/804 4391/2862/804 4389/2860/803
f 4392/2861/804 4394/2863/805 4393/2864/805 4391/2862/804
f 4394/2863/805 4396/2865/806 4395/2866/806 4393/2864/805
f 4396/2865/806 4398/2867/807 4397/2868/807 4395/2866/806
f 4398/2867/807 4400/2869/808 4399/2870/808 4397/2868/807
f 4400/2869/808 4402/2871/809 4401/2872/809 4399/2870/808
f 4402/2871/809 4134/1488/676 4133/263/676 4401/2872/809
f 4404/1350/810 4406/2019/811 4405/2020/811 4403/288/810
f 4406/2019/811 4408/2023/812 4407/2024/812 4405/2020/811
f 4408/2023/812 4410/2027/813 4409/2028/813 4407/2024/812
f 4410/2027/813 4412/2031/814 4411/2032/814 4409/2028/813
f 4412/2031/814 4414/2035/815 4413/2036/815 4411/2032/814
f 4414/2035/815 4416/2039/816 4415/2040/816 4413/2036/815
f 4416/2039/816 4418/2043/817 4417/2044/817 4415/2040/816
f 4418/2043/817 4420/2047/818 4419/2048/818 4417/2044/817
f 4420/2047/818 4422/2051/819 4421/2052/819 4419/2048/818
f 4422/2051/819 4424/2055/820 4423/2056/820 4421/2052/819
f 4424/2055/820 4426/2059/821 4425/2060/821 4423/2056/820
f 4426/2059/821 4428/2063/18 4427/2064/18 4425/2060/821
f 4428/2063/18 4430/2067/19 4429/2068/19 4427/2064/18
f 4430/2067/19 4432/2071/822 4431/2072/822 4429/2068/19
f 4432/2071/822 4434/2075/823 4433/2076/823 4431/2072/822
f 4434/2075/823 4436/2079/824 4435/2080/824 4433/2076/823
f 4436/2079/824 4438/2083/825 4437/2084/825 4435/2080/824
f 4438/2083/825 4440/2087/826 4439/2088/826 4437/2084/825
f 4440/2087/826 4442/2091/827 4441/2092/827 4439/2088/826
f 4442/2091/827 4444/2095/828 4443/2096/828 4441/2092/827
f 4444/2095/828 4446/2099/829 4445/2100/829 4443/2096/828
f 4446/2099/829 4448/2103/830 4447/2104/830 4445/2100/829
f 4448/2103/830 4450/2107/831 4449/2108/831 4447/2104/830
f 4450/2107/831 4452/2111/832 4451/2112/832 4449/2108/831
f 4452/2111/832 4454/2115/833 4453/2116/833 4451/2112/832
f 4454/2115/833 4456/2119/834 4455/2120/834 4453/2116/833
f 4456/2119/834 4458/2123/835 4457/2124/835 4455/2120/834
f 4458/2123/835 4460/2127/836 4459/2128/836 4457/2124/835
f 4460/2127/836 4462/2131/837 4461/2132/837 4459/2128/836
f 4462/2131/837 4464/2135/838 4463/2136/838 4461/2132/837
f 4464/2135/838 4466/2139/839 4465/2140/839 4463/2136/838
f 4466/2139/839 4468/2143/840 4467/2144/840 4465/2140/839
f 4468/2143/840 4470/2147/841 4469/2148/841 4467/2144/840
f 4470/2147/841 4472/2151/842 4471/2152/842 4469/2148/841
f 4472/2151/842 4474/2155/843 4473/2156/843 4471/2152/842
f 4474/2155/843 4476/2159/844 4475/2160/844 4473/2156/843
f 4476/2159/844 4478/2163/845 4477/2164/845 4475/2160/844
f 4478/2163/845 4480/2167/846 4479/2168/846 4477/2164/845
f 4480/2167/846 4482/2171/847 4481/2172/847 4479/2168/846
f 4482/2171/847 4484/2175/848 4483/2176/848 4481/2172/847
f 4484/2175/848 4486/2179/849 4485/2180/849 4483/2176/848
f 4486/2179/849 4488/2183/850 4487/2184/850 4485/2180/849
f 4488/2183/850 4490/2187/851 4489/2188/851 4487/2184/850
f 4490/2187/851 4492/2191/852 4491/2192/852 4489/2188/851
f 4492/2191/852 4494/2195/853 4493/2196/853 4491/2192/852
f 4494/2195/853 4496/2199/854 4495/2200/854 4493/2196/853
f 4496/2199/854 4498/2203/855 4497/2204/855 4495/2200/854
f 4498/2203/855 4500/2207/856 4499/2208/856 4497/2204/855
f 4500/2207/856 4502/2211/857 4501/2212/857 4499/2208/856
f 4502/2211/857 4504/2215/858 4503/2216/858 4501/2212/857
f 4504/2215/858 4506/2219/859 4505/2220/859 4503/2216/858
f 4506/2219/859 4508/2221/860 4507/2222/860 4505/2220/859
f 4508/2221/860 4510/2225/861 4509/2226/861 4507/2222/860
f 4510/2225/861 4512/2229/862 4511/2230/862 4509/2226/861
f 4512/2229/862 4514/2233/863 4513/2234/863 4511/2230/862
f 4514/2233/863 4516/2237/864 4515/2238/864 4513/2234/863
f 4516/2237/864 4518/2241/865 4517/2242/865 4515/2238/864
f 4518/2241/865 4520/2245/866 4519/2246/866 4517/2242/865
f 4520/2245/866 4522/2249/867 4521/2250/867 4519/2246/866
f 4522/2249/867 4524/2253/868 4523/2254/868 4521/2250/867
f 4524/2253/868 4526/2257/869 4525/2258/869 4523/2254/868
f 4526/2257/869 4528/2261/870 4527/2262/870 4525/2258/869
f 4528/2261/870 4530/2265/871 4529/2266/871 4527/2262/870
f 4530/2265/871 4532/2269/872 4531/2270/872 4529/2266/871
f 4532/2269/872 4534/2273/873 4533/2274/873 4531/2270/872
f 4534/2273/873 4536/2277/874 4535/2278/874 4533/2274/873
f 4536/2277/874 4538/2281/875 4537/2282/875 4535/2278/874
f 4538/2281/875 4540/2285/876 4539/2286/876 4537/2282/875
f 4540/2285/876 4542/2289/877 4541/2290/877 4539/2286/876
f 4542/2289/877 4544/2293/878 4543/2294/878 4541/2290/877
f 4544/2293/878 4546/2297/879 4545/2298/879 4543/2294/878
f 4546/2297/879 4548/2301/880 4547/2302/880 4545/2298/879
f 4548/2301/880 4550/2305/881 4549/2306/881 4547/2302/880
f 4550/2305/881 4552/2309/882 4551/2310/882 4549/2306/881
f 4552/2309/882 4554/2313/883 4553/2314/883 4551/2310/882
f 4554/2313/883 4556/2317/884 4555/2318/884 4553/2314/883
f 4556/2317/884 4558/2321/885 4557/2322/885 4555/2318/884
f 4558/2321/885 4560/2325/886 4559/2326/886 4557/2322/885
f 4560/2325/886 4562/2329/887 4561/2330/887 4559/2326/886
f 4562/2329/887 4564/2333/888 4563/2334/888 4561/2330/887
f 4564/2333/888 4566/2337/659 4565/2338/659 4563/2334/888
f 4566/2337/659 4568/2341/889 4567/2342/889 4565/2338/659
f 4568/2341/889 4570/2345/890 4569/2346/890 4567/2342/889
f 4570/2345/890 4572/2349/891 4571/2350/891 4569/2346/890
f 4572/2349/891 4574/2353/892 4573/2354/892 4571/2350/891
f 4574/2353/892 4576/2357/893 4575/2358/893 4573/2354/892
f 4576/2357/893 4578/2361/20 4577/2362/20 4575/2358/893
f 4578/2361/20 4580/2365/17 4579/2366/17 4577/2362/20
f 4580/2365/17 4582/2369/894 4581/2370/894 4579/2366/17
f 4582/2369/894 4584/2373/895 4583/2374/895 4581/2370/894
f 4584/2373/895 4586/2377/896 4585/2378/896 4583/2374/895
f 4586/2377/896 4588/2381/897 4587/2382/897 4585/2378/896
f 4588/2381/897 4590/2385/898 4589/2386/898 4587/2382/897
f 4590/2385/898 4592/2389/899 4591/2390/899 4589/2386/898
f 4592/2389/899 4594/2393/900 4593/2394/900 4591/2390/899
f 4594/2393/900 4596/2397/901 4595/2398/901 4593/2394/900
f 4596/2397/901 4598/2401/902 4597/2402/902 4595/2398/901
f 4598/2401/902 4600/2405/903 4599/2406/903 4597/2402/902
f 4600/2405/903 4602/2409/904 4601/2410/904 4599/2406/903
f 4602/2409/904 4604/2413/905 4603/2414/905 4601/2410/904
f 4604/2413/905 4606/2417/906 4605/2418/906 4603/2414/905
f 4606/2417/906 4608/2421/907 4607/2422/907 4605/2418/906
f 4608/2421/907 4404/1488/810 4403/263/810 4607/2422/907
f 4610/1350/908 4612/1637/909 4611/1638/909 4609/288/908
f 4612/1637/909 4614/1643/910 4613/1644/910 4611/1638/909
f 4614/1643/910 4616/1647/911 4615/1648/911 4613/1644/910
f 4616/1647/911 4618/1653/912 4617/1654/912 4615/1648/911
f 4618/1653/912 4620/1659/913 4619/1660/913 4617/1654/912
f 4620/1659/913 4622/1663/914 4621/1664/914 4619/1660/913
f 4622/1663/914 4624/1669/915 4623/1670/915 4621/1664/914
f 4624/1669/915 4626/1367/916 4625/1368/916 4623/1670/915
f 4626/1367/916 4628/1679/917 4627/1680/917 4625/1368/916
f 4628/1679/917 4630/1685/918 4629/1686/918 4627/1680/917
f 4630/1685/918 4632/1689/919 4631/1690/919 4629/1686/918
f 4632/1689/919 4634/1695/18 4633/1696/18 4631/1690/919
f 4634/1695/18 4636/1701/19 4635/1702/19 4633/1696/18
f 4636/1701/19 4638/1705/19 4637/1706/19 4635/1702/19
f 4638/1705/19 4640/1711/18 4639/1712/18 4637/1706/19
f 4640/1711/18 4642/1384/18 4641/1385/18 4639/1712/18
f 4642/1384/18 4644/1721/19 4643/1722/19 4641/1385/18
f 4644/1721/19 4646/1727/19 4645/1728/19 4643/1722/19
f 4646/1727/19 4648/1731/18 4647/1732/18 4645/1728/19
f 4648/1731/18 4650/1737/18 4649/1738/18 4647/1732/18
f 4650/1737/18 4652/1743/19 4651/1744/19 4649/1738/18
f 4652/1743/19 4654/1747/19 4653/1748/19 4651/1744/19
f 4654/1747/19 4656/1753/19 4655/1754/19 4653/1748/19
f 4656/1753/19 4658/1401/20 4657/1402/20 4655/1754/19
f 4658/1401/20 4660/1763/20 4659/1764/20 4657/1402/20
f 4660/1763/20 4662/1769/920 4661/1770/920 4659/1764/20
f 4662/1769/920 4664/1773/921 4663/1774/921 4661/1770/920
f 4664/1773/921 4666/1779/922 4665/1780/922 4663/1774/921
f 4666/1779/922 4668/1785/923 4667/1786/923 4665/1780/922
f 4668/1785/923 4670/1789/924 4669/1790/924 4667/1786/923
f 4670/1789/924 4672/1795/925 4671/1796/925 4669/1790/924
f 4672/1795/925 4674/1419/926 4673/462/926 4671/1796/925
f 4674/1419/926 4676/1805/927 4675/1806/927 4673/462/926
f 4676/1805/927 4678/1811/928 4677/1812/928 4675/1806/927
f 4678/1811/928 4680/1815/929 4679/1816/929 4677/1812/928
f 4680/1815/929 4682/1821/930 4681/1822/930 4679/1816/929
f 4682/1821/930 4684/1827/931 4683/1828/931 4681/1822/930
f 4684/1827/931 4686/1831/932 4685/1832/932 4683/1828/931
f 4686/1831/932 4688/1837/933 4687/1838/933 4685/1832/932
f 4688/1837/933 4690/1436/934 4689/1437/934 4687/1838/933
f 4690/1436/934 4692/1847/935 4691/1848/935 4689/1437/934
f 4692/1847/935 4694/1853/936 4693/1854/936 4691/1848/935
f 4694/1853/936 4696/1857/937 4695/1858/937 4693/1854/936
f 4696/1857/937 4698/1863/938 4697/1864/938 4695/1858/937
f 4698/1863/938 4700/1869/939 4699/1870/939 4697/1864/938
f 4700/1869/939 4702/1873/940 4701/1874/940 4699/1870/939
f 4702/1873/940 4704/1879/941 4703/1880/941 4701/1874/940
f 4704/1879/941 4706/1453/942 4705/1454/942 4703/1880/941
f 4706/1453/942 4708/1889/943 4707/1890/943 4705/1454/942
f 4708/1889/943 4710/1895/944 4709/1896/944 4707/1890/943
f 4710/1895/944 4712/1899/945 4711/1900/945 4709/1896/944
f 4712/1899/945 4714/1905/946 4713/1906/946 4711/1900/945
f 4714/1905/946 4716/1911/947 4715/1912/947 4713/1906/946
f 4716/1911/947 4718/1915/948 4717/1916/948 4715/1912/947
f 4718/1915/948 4720/1921/949 4719/1922/949 4717/1916/948
f 4720/1921/949 4722/1470/950 4721/1471/950 4719/1922/949
f 4722/1470/950 4724/1931/951 4723/1932/951 4721/1471/950
f 4724/1931/951 4726/1937/952 4725/1938/952 4723/1932/951
f 4726/1937/952 4728/1941/953 4727/1942/953 4725/1938/952
f 4728/1941/953 4730/1947/954 4729/1948/954 4727/1942/953
f 4730/1947/954 4732/1953/955 4731/1954/955 4729/1948/954
f 4732/1953/955 4734/1957/956 4733/1958/956 4731/1954/955
f 4734/1957/956 4736/1963/201 4735/1964/201 4733/1958/956
f 4736/1963/201 4610/1488/908 4609/263/908 4735/1964/201
f 4738/1350/957 4740/2873/958 4739/2874/958 4737/288/957
f 4740/2873/958 4742/1969/915 4741/1970/915 4739/2874/958
f 4742/1969/915 4744/2875/959 4743/2876/959 4741/1970/915
f 4744/2875/959 4746/1971/960 4745/1972/960 4743/2876/959
f 4746/1971/960 4748/2877/961 4747/2878/961 4745/1972/960
f 4748/2877/961 4750/1973/962 4749/1974/962 4747/2878/961
f 4750/1973/962 4752/2879/963 4751/2880/963 4749/1974/962
f 4752/2879/963 4754/1975/964 4753/1976/964 4751/2880/963
f 4754/1975/964 4756/2881/965 4755/2882/965 4753/1976/964
f 4756/2881/965 4758/1977/966 4757/1978/966 4755/2882/965
f 4758/1977/966 4760/2883/967 4759/2884/967 4757/1978/966
f 4760/2883/967 4762/1979/19 4761/1980/19 4759/2884/967
f 4762/1979/19 4764/1384/20 4763/1385/20 4761/1980/19
f 4764/1384/20 4766/1981/968 4765/1982/968 4763/1385/20
f 4766/1981/968 4768/2885/969 4767/2886/969 4765/1982/968
f 4768/2885/969 4770/1983/970 4769/1984/970 4767/2886/969
f 4770/1983/970 4772/2887/971 4771/2888/971 4769/1984/970
f 4772/2887/971 4774/1985/972 4773/1986/972 4771/2888/971
f 4774/1985/972 4776/2889/973 4775/2890/973 4773/1986/972
f 4776/2889/973 4778/1987/974 4777/1988/974 4775/2890/973
f 4778/1987/974 4780/2891/975 4779/2892/975 4777/1988/974
f 4780/2891/975 4782/1989/976 4781/1990/976 4779/2892/975
f 4782/1989/976 4784/2893/977 4783/2894/977 4781/1990/976
f 4784/2893/977 4786/1991/978 4785/1992/978 4783/2894/977
f 4786/1991/978 4788/2895/979 4787/2896/979 4785/1992/978
f 4788/2895/979 4790/1419/980 4789/462/980 4787/2896/979
f 4790/1419/980 4792/2897/981 4791/2898/981 4789/462/980
f 4792/2897/981 4794/1993/982 4793/1994/982 4791/2898/981
f 4794/1993/982 4796/2899/983 4795/2900/983 4793/1994/982
f 4796/2899/983 4798/1995/984 4797/1996/984 4795/2900/983
f 4798/1995/984 4800/2901/985 4799/2902/985 4797/1996/984
f 4800/2901/985 4802/1997/986 4801/1998/986 4799/2902/985
f 4802/1997/986 4804/2903/987 4803/2904/987 4801/1998/986
f 4804/2903/987 4806/1999/988 4805/2000/988 4803/2904/987
f 4806/1999/988 4808/2905/989 4807/2906/989 4805/2000/988
f 4808/2905/989 4810/2001/990 4809/2002/990 4807/2906/989
f 4810/2001/990 4812/2907/991 4811/2908/991 4809/2002/990
f 4812/2907/991 4814/2003/992 4813/2004/992 4811/2908/991
f 4814/2003/992 4816/1453/993 4815/1454/993 4813/2004/992
f 4816/1453/993 4818/2005/994 4817/2006/994 4815/1454/993
f 4818/2005/994 4820/2909/995 4819/2910/995 4817/2006/994
f 4820/2909/995 4822/2007/996 4821/2008/996 4819/2910/995
f 4822/2007/996 4824/2911/997 4823/2912/997 4821/2008/996
f 4824/2911/997 4826/2009/998 4825/2010/998 4823/2912/997
f 4826/2009/998 4828/2913/999 4827/2914/999 4825/2010/998
f 4828/2913/999 4830/2011/1000 4829/2012/1000 4827/2914/999
f 4830/2011/1000 4832/2915/1001 4831/2916/1001 4829/2012/1000
f 4832/2915/1001 4834/2013/1002 4833/2014/1002 4831/2916/1001
f 4834/2013/1002 4836/2917/1003 4835/2918/1003 4833/2014/1002
f 4836/2917/1003 4838/2015/1004 4837/2016/1004 4835/2918/1003
f 4838/2015/1004 4840/2919/1005 4839/2920/1005 4837/2016/1004
f 4840/2919/1005 4738/1488/957 4737/263/957 4839/2920/1005
f 4842/1350/1006 4844/1969/1007 4843/1970/1007 4841/288/1006
f 4844/1969/1007 4846/1971/1008 4845/1972/1008 4843/1970/1007
f 4846/1971/1008 4848/1973/1009 4847/1974/1009 4845/1972/1008
f 4848/1973/1009 4850/1975/1010 4849/1976/1010 4847/1974/1009
f 4850/1975/1010 4852/1977/1011 4851/1978/1011 4849/1976/1010
f 4852/1977/1011 4854/1979/1012 4853/1980/1012 4851/1978/1011
f 4854/1979/1012 4856/1981/1013 4855/1982/1013 4853/1980/1012
f 4856/1981/1013 4858/1983/1014 4857/1984/1014 4855/1982/1013
f 4858/1983/1014 4860/1985/1015 4859/1986/1015 4857/1984/1014
f 4860/1985/1015 4862/1987/1016 4861/1988/1016 4859/1986/1015
f 4862/1987/1016 4864/1989/1017 4863/1990/1017 4861/1988/1016
f 4864/1989/1017 4866/1991/1018 4865/1992/1018 4863/1990/1017
f 4866/1991/1018 4868/1419/1019 4867/462/1019 4865/1992/1018
f 4868/1419/1019 4870/1993/1020 4869/1994/1020 4867/462/1019
f 4870/1993/1020 4872/1995/1021 4871/1996/1021 4869/1994/1020
f 4872/1995/1021 4874/1997/1022 4873/1998/1022 4871/1996/1021
f 4874/1997/1022 4876/1999/1023 4875/2000/1023 4873/1998/1022
f 4876/1999/1023 4878/2001/1024 4877/2002/1024 4875/2000/1023
f 4878/2001/1024 4880/2003/1025 4879/2004/1025 4877/2002/1024
f 4880/2003/1025 4882/2005/1026 4881/2006/1026 4879/2004/1025
f 4882/2005/1026 4884/2007/1027 4883/2008/1027 4881/2006/1026
f 4884/2007/1027 4886/2009/1028 4885/2010/1028 4883/2008/1027
f 4886/2009/1028 4888/2011/1029 4887/2012/1029 4885/2010/1028
f 4888/2011/1029 4890/2013/1030 4889/2014/1030 4887/2012/1029
f 4890/2013/1030 4892/2015/1031 4891/2016/1031 4889/2014/1030
f 4892/2015/1031 4842/1488/1006 4841/263/1006 4891/2016/1031
f 4894/1350/1032 4896/1969/1033 4895/1970/1033 4893/288/1032
f 4896/1969/1033 4898/1971/1034 4897/1972/1034 4895/1970/1033
f 4898/1971/1034 4900/1973/1035 4899/1974/1035 4897/1972/1034
f 4900/1973/1035 4902/1975/1036 4901/1976/1036 4899/1974/1035
f 4902/1975/1036 4904/1977/1037 4903/1978/1037 4901/1976/1036
f 4904/1977/1037 4906/1979/1038 4905/1980/1038 4903/1978/1037
f 4906/1979/1038 4908/1981/1039 4907/1982/1039 4905/1980/1038
f 4908/1981/1039 4910/1983/1040 4909/1984/1040 4907/1982/1039
f 4910/1983/1040 4912/1985/1041 4911/1986/1041 4909/1984/1040
f 4912/1985/1041 4914/1987/1042 4913/1988/1042 4911/1986/1041
f 4914/1987/1042 4916/1989/1043 4915/1990/1043 4913/1988/1042
f 4916/1989/1043 4918/1991/1044 4917/1992/1044 4915/1990/1043
f 4918/1991/1044 4920/1419/1045 4919/462/1045 4917/1992/1044
f 4920/1419/1045 4922/1993/1046 4921/1994/1046 4919/462/1045
f 4922/1993/1046 4924/1995/1047 4923/1996/1047 4921/1994/1046
f 4924/1995/1047 4926/1997/1048 4925/1998/1048 4923/1996/1047
f 4926/1997/1048 4928/1999/1049 4927/2000/1049 4925/1998/1048
f 4928/1999/1049 4930/2001/1050 4929/2002/1050 4927/2000/1049
f 4930/2001/1050 4932/2003/1051 4931/2004/1051 4929/2002/1050
f 4932/2003/1051 4934/2005/1052 4933/2006/1052 4931/2004/1051
f 4934/2005/1052 4936/2007/1053 4935/2008/1053 4933/2006/1052
f 4936/2007/1053 4938/2009/1054 4937/2010/1054 4935/2008/1053
f 4938/2009/1054 4940/2011/1055 4939/2012/1055 4937/2010/1054
f 4940/2011/1055 4942/2013/1056 4941/2014/1056 4939/2012/1055
f 4942/2013/1056 4944/2015/1057 4943/2016/1057 4941/2014/1056
f 4944/2015/1057 4894/1488/1032 4893/263/1032 4943/2016/1057
f 4946/1350/1058 4948/1969/1059 4947/1970/1059 4945/288/1058
f 4948/1969/1059 4950/1971/1060 4949/1972/1060 4947/1970/1059
f 4950/1971/1060 4952/1973/1061 4951/1974/1061 4949/1972/1060
f 4952/1973/1061 4954/1975/1062 4953/1976/1062 4951/1974/1061
f 4954/1975/1062 4956/1977/1063 4955/1978/1063 4953/1976/1062
f 4956/1977/1063 4958/1979/1064 4957/1980/1064 4955/1978/1063
f 4958/1979/1064 4960/1981/1065 4959/1982/1065 4957/1980/1064
f 4960/1981/1065 4962/1983/1066 4961/1984/1066 4959/1982/1065
f 4962/1983/1066 4964/1985/1067 4963/1986/1067 4961/1984/1066
f 4964/1985/1067 4966/1987/1068 4965/1988/1068 4963/1986/1067
f 4966/1987/1068 4968/1989/1069 4967/1990/1069 4965/1988/1068
f 4968/1989/1069 4970/1991/1070 4969/1992/1070 4967/1990/1069
f 4970/1991/1070 4972/1419/1071 4971/462/1071 4969/1992/1070
f 4972/1419/1071 4974/1993/1072 4973/1994/1072 4971/462/1071
f 4974/1993/1072 4976/1995/1073 4975/1996/1073 4973/1994/1072
f 4976/1995/1073 4978/1997/1074 4977/1998/1074 4975/1996/1073
f 4978/1997/1074 4980/1999/1075 4979/2000/1075 4977/1998/1074
f 4980/1999/1075 4982/2001/1076 4981/2002/1076 4979/2000/1075
f 4982/2001/1076 4984/2003/1077 4983/2004/1077 4981/2002/1076
f 4984/2003/1077 4986/2005/1078 4985/2006/1078 4983/2004/1077
f 4986/2005/1078 4988/2007/1079 4987/2008/1079 4985/2006/1078
f 4988/2007/1079 4990/2009/1080 4989/2010/1080 4987/2008/1079
f 4990/2009/1080 4992/2011/1081 4991/2012/1081 4989/2010/1080
f 4992/2011/1081 4994/2013/1082 4993/2014/1082 4991/2012/1081
f 4994/2013/1082 4996/2015/1083 4995/2016/1083 4993/2014/1082
f 4996/2015/1083 4946/1488/1058 4945/263/1058 4995/2016/1083
f 4998/1350/1084 5000/1969/1085 4999/1970/1085 4997/288/1084
f 5000/1969/1085 5002/1971/197 5001/1972/197 4999/1970/1085
f 5002/1971/197 5004/1973/1086 5003/1974/1086 5001/1972/197
f 5004/1973/1086 5006/1975/1087 5005/1976/1087 5003/1974/1086
f 5006/1975/1087 5008/1977/1088 5007/1978/1088 5005/1976/1087
f 5008/1977/1088 5010/1979/1089 5009/1980/1089 5007/1978/1088
f 5010/1979/1089 5012/1981/1090 5011/1982/1090 5009/1980/1089
f 5012/1981/1090 5014/1983/1091 5013/1984/1091 5011/1982/1090
f 5014/1983/1091 5016/1985/743 5015/1986/743 5013/1984/1091
f 5016/1985/743 5018/1987/1092 5017/1988/1092 5015/1986/743
f 5018/1987/1092 5020/1989/1093 5019/1990/1093 5017/1988/1092
f 5020/1989/1093 5022/1991/1094 5021/1992/1094 5019/1990/1093
f 5022/1991/1094 5024/1419/1095 5023/462/1095 5021/1992/1094
f 5024/1419/1095 5026/1993/1096 5025/1994/1096 5023/462/1095
f 5026/1993/1096 5028/1995/1097 5027/1996/1097 5025/1994/1096
f 5028/1995/1097 5030/1997/1098 5029/1998/1098 5027/1996/1097
f 5030/1997/1098 5032/1999/1099 5031/2000/1099 5029/1998/1098
f 5032/1999/1099 5034/2001/1100 5033/2002/1100 5031/2000/1099
f 5034/2001/1100 5036/2003/1101 5035/2004/1101 5033/2002/1100
f 5036/2003/1101 5038/2005/1102 5037/2006/1102 5035/2004/1101
f 5038/2005/1102 5040/2007/1103 5039/2008/1103 5037/2006/1102
f 5040/2007/1103 5042/2009/1104 5041/2010/1104 5039/2008/1103
f 5042/2009/1104 5044/2011/1105 5043/2012/1105 5041/2010/1104
f 5044/2011/1105 5046/2013/1106 5045/2014/1106 5043/2012/1105
f 5046/2013/1106 5048/2015/1107 5047/2016/1107 5045/2014/1106
f 5048/2015/1107 4998/1488/1084 4997/263/1084 5047/2016/1107
f 5050/1350/1108 5052/2921/1109 5051/2922/1109 5049/288/1108
f 5052/2921/1109 5054/2923/1110 5053/2924/1110 5051/2922/1109
f 5054/2923/1110 5056/2925/1111 5055/2926/1111 5053/2924/1110
f 5056/2925/1111 5058/2927/1112 5057/2928/1112 5055/2926/1111
f 5058/2927/1112 5060/2929/1113 5059/2930/1113 5057/2928/1112
f 5060/2929/1113 5062/2931/1114 5061/2932/1114 5059/2930/1113
f 5062/2931/1114 5064/2933/1115 5063/2934/1115 5061/2932/1114
f 5064/2933/1115 5066/2935/1116 5065/2936/1116 5063/2934/1115
f 5066/2935/1116 5068/2937/1117 5067/2938/1117 5065/2936/1116
f 5068/2937/1117 5070/2939/1118 5069/2940/1118 5067/2938/1117
f 5070/2939/1118 5072/1653/1119 5071/1654/1119 5069/2940/1118
f 5072/1653/1119 5074/2941/1120 5073/2942/1120 5071/1654/1119
f 5074/2941/1120 5076/2943/1121 5075/2944/1121 5073/2942/1120
f 5076/2943/1121 5078/2945/1122 5077/2946/1122 5075/2944/1121
f 5078/2945/1122 5080/2947/1123 5079/2948/1123 5077/2946/1122
f 5080/2947/1123 5082/2949/1124 5081/2950/1124 5079/2948/1123
f 5082/2949/1124 5084/2951/1125 5083/2952/1125 5081/2950/1124
f 5084/2951/1125 5086/2953/1126 5085/2954/1126 5083/2952/1125
f 5086/2953/1126 5088/2955/1127 5087/2956/1127 5085/2954/1126
f 5088/2955/1127 5090/2957/1128 5089/2958/1128 5087/2956/1127
f 5090/2957/1128 5092/2959/1129 5091/2960/1129 5089/2958/1128
f 5092/2959/1129 5094/1367/1130 5093/1368/1130 5091/2960/1129
f 5094/1367/1130 5096/2961/1131 5095/2962/1131 5093/1368/1130
f 5096/2961/1131 5098/2963/1132 5097/2964/1132 5095/2962/1131
f 5098/2963/1132 5100/2965/1133 5099/2966/1133 5097/2964/1132
f 5100/2965/1133 5102/2967/1134 5101/2968/1134 5099/2966/1133
f 5102/2967/1134 5104/2969/1135 5103/2970/1135 5101/2968/1134
f 5104/2969/1135 5106/2971/1136 5105/2972/1136 5103/2970/1135
f 5106/2971/1136 5108/2973/1137 5107/2974/1137 5105/2972/1136
f 5108/2973/1137 5110/2975/1138 5109/2976/1138 5107/2974/1137
f 5110/2975/1138 5112/2977/604 5111/2978/604 5109/2976/1138
f 5112/2977/604 5114/2979/1139 5113/2980/1139 5111/2978/604
f 5114/2979/1139 5116/1695/1140 5115/1696/1140 5113/2980/1139
f 5116/1695/1140 5118/2981/1141 5117/2982/1141 5115/1696/1140
f 5118/2981/1141 5120/2983/1142 5119/2984/1142 5117/2982/1141
f 5120/2983/1142 5122/2985/1143 5121/2986/1143 5119/2984/1142
f 5122/2985/1143 5124/2987/1144 5123/2988/1144 5121/2986/1143
f 5124/2987/1144 5126/2989/1145 5125/2990/1145 5123/2988/1144
f 5126/2989/1145 5128/2991/1146 5127/2992/1146 5125/2990/1145
f 5128/2991/1146 5130/2993/1147 5129/2994/1147 5127/2992/1146
f 5130/2993/1147 5132/2995/1148 5131/2996/1148 5129/2994/1147
f 5132/2995/1148 5134/2997/1149 5133/2998/1149 5131/2996/1148
f 5134/2997/1149 5136/2999/1150 5135/3000/1150 5133/2998/1149
f 5136/2999/1150 5138/1384/1151 5137/1385/1151 5135/3000/1150
f 5138/1384/1151 5140/3001/1152 5139/3002/1152 5137/1385/1151
f 5140/3001/1152 5142/3003/1153 5141/3004/1153 5139/3002/1152
f 5142/3003/1153 5144/3005/1154 5143/3006/1154 5141/3004/1153
f 5144/3005/1154 5146/3007/1155 5145/3008/1155 5143/3006/1154
f 5146/3007/1155 5148/3009/1156 5147/3010/1156 5145/3008/1155
f 5148/3009/1156 5150/3011/1157 5149/3012/1157 5147/3010/1156
f 5150/3011/1157 5152/3013/1158 5151/3014/1158 5149/3012/1157
f 5152/3013/1158 5154/3015/1159 5153/3016/1159 5151/3014/1158
f 5154/3015/1159 5156/3017/1160 5155/3018/1160 5153/3016/1159
f 5156/3017/1160 5158/3019/1161 5157/3020/1161 5155/3018/1160
f 5158/3019/1161 5160/1737/1162 5159/1738/1162 5157/3020/1161
f 5160/1737/1162 5162/3021/1163 5161/3022/1163 5159/1738/1162
f 5162/3021/1163 5164/3023/1164 5163/3024/1164 5161/3022/1163
f 5164/3023/1164 5166/3025/1165 5165/3026/1165 5163/3024/1164
f 5166/3025/1165 5168/3027/1166 5167/3028/1166 5165/3026/1165
f 5168/3027/1166 5170/3029/1167 5169/3030/1167 5167/3028/1166
f 5170/3029/1167 5172/3031/1168 5171/3032/1168 5169/3030/1167
f 5172/3031/1168 5174/3033/1169 5173/3034/1169 5171/3032/1168
f 5174/3033/1169 5176/3035/1170 5175/3036/1170 5173/3034/1169
f 5176/3035/1170 5178/3037/1171 5177/3038/1171 5175/3036/1170
f 5178/3037/1171 5180/3039/1172 5179/3040/1172 5177/3038/1171
f 5180/3039/1172 5182/1401/1173 5181/1402/1173 5179/3040/1172
f 5182/1401/1173 5184/3041/1174 5183/3042/1174 5181/1402/1173
f 5184/3041/1174 5186/3043/1175 5185/3044/1175 5183/3042/1174
f 5186/3043/1175 5188/3045/1176 5187/3046/1176 5185/3044/1175
f 5188/3045/1176 5190/3047/1177 5189/3048/1177 5187/3046/1176
f 5190/3047/1177 5192/3049/1178 5191/3050/1178 5189/3048/1177
f 5192/3049/1178 5194/3051/1179 5193/3052/1179 5191/3050/1178
f 5194/3051/1179 5196/3053/1180 5195/3054/1180 5193/3052/1179
f 5196/3053/1180 5198/3055/1181 5197/3056/1181 5195/3054/1180
f 5198/3055/1181 5200/3057/1182 5199/3058/1182 5197/3056/1181
f 5200/3057/1182 5202/3059/1183 5201/3060/1183 5199/3058/1182
f 5202/3059/1183 5204/1779/1184 5203/1780/1184 5201/3060/1183
f 5204/1779/1184 5206/3061/1185 5205/3062/1185 5203/1780/1184
f 5206/3061/1185 5208/3063/1186 5207/3064/1186 5205/3062/1185
f 5208/3063/1186 5210/3065/1187 5209/3066/1187 5207/3064/1186
f 5210/3065/1187 5212/3067/1188 5211/3068/1188 5209/3066/1187
f 5212/3067/1188 5214/3069/1189 5213/3070/1189 5211/3068/1188
f 5214/3069/1189 5216/3071/1190 5215/3072/1190 5213/3070/1189
f 5216/3071/1190 5218/3073/1191 5217/3074/1191 5215/3072/1190
f 5218/3073/1191 5220/3075/1192 5219/3076/1192 5217/3074/1191
f 5220/3075/1192 5222/3077/1193 5221/3078/1193 5219/3076/1192
f 5222/3077/1193 5224/3079/1194 5223/3080/1194 5221/3078/1193
f 5224/3079/1194 5226/1419/1195 5225/462/1195 5223/3080/1194
f 5226/1419/1195 5228/3081/1196 5227/3082/1196 5225/462/1195
f 5228/3081/1196 5230/3083/1197 5229/3084/1197 5227/3082/1196
f 5230/3083/1197 5232/3085/1198 5231/3086/1198 5229/3084/1197
f 5232/3085/1198 5234/3087/1199 5233/3088/1199 5231/3086/1198
f 5234/3087/1199 5236/3089/1200 5235/3090/1200 5233/3088/1199
f 5236/3089/1200 5238/3091/1201 5237/3092/1201 5235/3090/1200
f 5238/3091/1201 5240/3093/1202 5239/3094/1202 5237/3092/1201
f 5240/3093/1202 5242/3095/1203 5241/3096/1203 5239/3094/1202
f 5242/3095/1203 5244/3097/1204 5243/3098/1204 5241/3096/1203
f 5244/3097/1204 5246/3099/1205 5245/3100/1205 5243/3098/1204
f 5246/3099/1205 5248/1821/1206 5247/1822/1206 5245/3100/1205
f 5248/1821/1206 5250/3101/1207 5249/3102/1207 5247/1822/1206
f 5250/3101/1207 5252/3103/1208 5251/3104/1208 5249/3102/1207
f 5252/3103/1208 5254/3105/1209 5253/3106/1209 5251/3104/1208
f 5254/3105/1209 5256/3107/1210 5255/3108/1210 5253/3106/1209
f 5256/3107/1210 5258/3109/1211 5257/3110/1211 5255/3108/1210
f 5258/3109/1211 5260/3111/1212 5259/3112/1212 5257/3110/1211
f 5260/3111/1212 5262/3113/1213 5261/3114/1213 5259/3112/1212
f 5262/3113/1213 5264/3115/1214 5263/3116/1214 5261/3114/1213
f 5264/3115/1214 5266/3117/1215 5265/3118/1215 5263/3116/1214
f 5266/3117/1215 5268/3119/1216 5267/3120/1216 5265/3118/1215
f 5268/3119/1216 5270/1436/1217 5269/1437/1217 5267/3120/1216
f 5270/1436/1217 5272/3121/1218 5271/3122/1218 5269/1437/1217
f 5272/3121/1218 5274/3123/1219 5273/3124/1219 5271/3122/1218
f 5274/3123/1219 5276/3125/1220 5275/3126/1220 5273/3124/1219
f 5276/3125/1220 5278/3127/1221 5277/3128/1221 5275/3126/1220
f 5278/3127/1221 5280/3129/1222 5279/3130/1222 5277/3128/1221
f 5280/3129/1222 5282/3131/1223 5281/3132/1223 5279/3130/1222
f 5282/3131/1223 5284/3133/1224 5283/3134/1224 5281/3132/1223
f 5284/3133/1224 5286/3135/1225 5285/3136/1225 5283/3134/1224
f 5286/3135/1225 5288/3137/1226 5287/3138/1226 5285/3136/1225
f 5288/3137/1226 5290/3139/1227 5289/3140/1227 5287/3138/1226
f 5290/3139/1227 5292/1863/1228 5291/1864/1228 5289/3140/1227
f 5292/1863/1228 5294/3141/1229 5293/3142/1229 5291/1864/1228
f 5294/3141/1229 5296/3143/1230 5295/3144/1230 5293/3142/1229
f 5296/3143/1230 5298/3145/1231 5297/3146/1231 5295/3144/1230
f 5298/3145/1231 5300/3147/1232 5299/3148/1232 5297/3146/1231
f 5300/3147/1232 5302/3149/1233 5301/3150/1233 5299/3148/1232
f 5302/3149/1233 5304/3151/1234 5303/3152/1234 5301/3150/1233
f 5304/3151/1234 5306/3153/1235 5305/3154/1235 5303/3152/1234
f 5306/3153/1235 5308/3155/1236 5307/3156/1236 5305/3154/1235
f 5308/3155/1236 5310/3157/1237 5309/3158/1237 5307/3156/1236
f 5310/3157/1237 5312/3159/1238 5311/3160/1238 5309/3158/1237
f 5312/3159/1238 5314/1453/1239 5313/1454/1239 5311/3160/1238
f 5314/1453/1239 5316/3161/1240 5315/3162/1240 5313/1454/1239
f 5316/3161/1240 5318/3163/1241 5317/3164/1241 5315/3162/1240
f 5318/3163/1241 5320/3165/1242 5319/3166/1242 5317/3164/1241
f 5320/3165/1242 5322/3167/1243 5321/3168/1243 5319/3166/1242
f 5322/3167/1243 5324/3169/1244 5323/3170/1244 5321/3168/1243
f 5324/3169/1244 5326/3171/1245 5325/3172/1245 5323/3170/1244
f 5326/3171/1245 5328/3173/1246 5327/3174/1246 5325/3172/1245
f 5328/3173/1246 5330/3175/1247 5329/3176/1247 5327/3174/1246
f 5330/3175/1247 5332/3177/1248 5331/3178/1248 5329/3176/1247
f 5332/3177/1248 5334/3179/1249 5333/3180/1249 5331/3178/1248
f 5334/3179/1249 5336/1905/1250 5335/1906/1250 5333/3180/1249
f 5336/1905/1250 5338/3181/1251 5337/3182/1251 5335/1906/1250
f 5338/3181/1251 5340/3183/1252 5339/3184/1252 5337/3182/1251
f 5340/3183/1252 5342/3185/1253 5341/3186/1253 5339/3184/1252
f 5342/3185/1253 5344/3187/1254 5343/3188/1254 5341/3186/1253
f 5344/3187/1254 5346/3189/1255 5345/3190/1255 5343/3188/1254
f 5346/3189/1255 5348/3191/1256 5347/3192/1256 5345/3190/1255
f 5348/3191/1256 5350/3193/1257 5349/3194/1257 5347/3192/1256
f 5350/3193/1257 5352/3195/1258 5351/3196/1258 5349/3194/1257
f 5352/3195/1258 5354/3197/1259 5353/3198/1259 5351/3196/1258
f 5354/3197/1259 5356/3199/1260 5355/3200/1260 5353/3198/1259
f 5356/3199/1260 5358/1470/1261 5357/1471/1261 5355/3200/1260
f 5358/1470/1261 5360/3201/1262 5359/3202/1262 5357/1471/1261
f 5360/3201/1262 5362/3203/1263 5361/3204/1263 5359/3202/1262
f 5362/3203/1263 5364/3205/1264 5363/3206/1264 5361/3204/1263
f 5364/3205/1264 5366/3207/1265 5365/3208/1265 5363/3206/1264
f 5366/3207/1265 5368/3209/1266 5367/3210/1266 5365/3208/1265
f 5368/3209/1266 5370/3211/1267 5369/3212/1267 5367/3210/1266
f 5370/3211/1267 5372/3213/1268 5371/3214/1268 5369/3212/1267
f 5372/3213/1268 5374/3215/1269 5373/3216/1269 5371/3214/1268
f 5374/3215/1269 5376/3217/1270 5375/3218/1270 5373/3216/1269
f 5376/3217/1270 5378/3219/1271 5377/3220/1271 5375/3218/1270
f 5378/3219/1271 5380/1947/1272 5379/1948/1272 5377/3220/1271
f 5380/1947/1272 5382/3221/1273 5381/3222/1273 5379/1948/1272
f 5382/3221/1273 5384/3223/1274 5383/3224/1274 5381/3222/1273
f 5384/3223/1274 5386/3225/1275 5385/3226/1275 5383/3224/1274
f 5386/3225/1275 5388/3227/1276 5387/3228/1276 5385/3226/1275
f 5388/3227/1276 5390/3229/1277 5389/3230/1277 5387/3228/1276
f 5390/3229/1277 5392/3231/1278 5391/3232/1278 5389/3230/1277
f 5392/3231/1278 5394/3233/1279 5393/3234/1279 5391/3232/1278
f 5394/3233/1279 5396/3235/1280 5395/3236/1280 5393/3234/1279
f 5396/3235/1280 5398/3237/1281 5397/3238/1281 5395/3236/1280
f 5398/3237/1281 5400/3239/1282 5399/3240/1282 5397/3238/1281
f 5400/3239/1282 5050/1488/1108 5049/263/1108 5399/3240/1282
f 5402/1350/17 5404/1384/20 5403/1385/20 5401/288/17
f 5404/1384/20 5406/1419/19 5405/462/19 5403/1385/20
f 5406/1419/19 5408/1453/18 5407/1454/18 5405/462/19
f 5408/1453/18 5402/1488/17 5401/263/17 5407/1454/18
f 5410/1350/17 5412/1384/20 5411/1385/20 5409/288/17
f 5412/1384/20 5414/1419/19 5413/462/19 5411/1385/20
f 5414/1419/19 5416/1453/18 5415/1454/18 5413/462/19
f 5416/1453/18 5410/1488/17 5409/263/17 5415/1454/18
f 5418/1350/17 5420/1384/20 5419/1385/20 5417/288/17
f 5420/1384/20 5422/1419/19 5421/462/19 5419/1385/20
f 5422/1419/19 5424/1453/18 5423/1454/18 5421/462/19
f 5424/1453/18 5418/1488/17 5417/263/17 5423/1454/18
f 5426/1350/17 5428/1384/20 5427/1385/20 5425/288/17
f 5428/1384/20 5430/1419/19 5429/462/19 5427/1385/20
f 5430/1419/19 5432/1453/18 5431/1454/18 5429/462/19
f 5432/1453/18 5426/1488/17 5425/263/17 5431/1454/18
f 5434/1350/20 5436/1653/20 5435/1654/20 5433/288/20
f 5436/1653/20 5438/1367/17 5437/1368/17 5435/1654/20
f 5438/1367/17 5440/1695/18 5439/1696/18 5437/1368/17
f 5440/1695/18 5442/1384/19 5441/1385/19 5439/1696/18
f 5442/1384/19 5444/1737/19 5443/1738/19 5441/1385/19
f 5444/1737/19 5446/1401/18 5445/1402/18 5443/1738/19
f 5446/1401/18 5448/1779/18 5447/1780/18 5445/1402/18
f 5448/1779/18 5450/1419/19 5449/462/19 5447/1780/18
f 5450/1419/19 5452/1821/19 5451/1822/19 5449/462/19
f 5452/1821/19 5454/1436/19 5453/1437/19 5451/1822/19
f 5454/1436/19 5456/1863/20 5455/1864/20 5453/1437/19
f 5456/1863/20 5458/1453/20 5457/1454/20 5455/1864/20
f 5458/1453/20 5460/1905/20 5459/1906/20 5457/1454/20
f 5460/1905/20 5462/1470/17 5461/1471/17 5459/1906/20
f 5462/1470/17 5464/1947/17 5463/1948/17 5461/1471/17
f 5464/1947/17 5434/1488/20 5433/263/20 5463/1948/17
